open_time,open,high,low,close,volume
2026-01-05T00:00:00+00:00,2650.00,2650.11,2649.94,2650.08,193
2026-01-05T00:01:00+00:00,2650.08,2650.16,2650.05,2650.08,268
2026-01-05T00:02:00+00:00,2650.08,2650.30,2650.04,2650.22,89
2026-01-05T00:03:00+00:00,2650.22,2650.25,2650.16,2650.23,378
2026-01-05T00:04:00+00:00,2650.23,2650.34,2650.21,2650.25,241
2026-01-05T00:05:00+00:00,2650.25,2650.31,2650.10,2650.19,273
2026-01-05T00:06:00+00:00,2650.19,2650.27,2650.06,2650.13,273
2026-01-05T00:07:00+00:00,2650.13,2650.27,2650.09,2650.22,126
2026-01-05T00:08:00+00:00,2650.22,2650.31,2650.19,2650.29,121
2026-01-05T00:09:00+00:00,2650.29,2650.30,2650.23,2650.30,241
2026-01-05T00:10:00+00:00,2650.30,2650.39,2650.24,2650.28,225
2026-01-05T00:11:00+00:00,2650.28,2650.33,2650.17,2650.18,373
2026-01-05T00:12:00+00:00,2650.18,2650.30,2650.14,2650.27,128
2026-01-05T00:13:00+00:00,2650.27,2650.31,2650.01,2650.13,192
2026-01-05T00:14:00+00:00,2650.13,2650.31,2650.12,2650.27,100
2026-01-05T00:15:00+00:00,2650.27,2650.28,2650.10,2650.13,256
2026-01-05T00:16:00+00:00,2650.13,2650.15,2650.11,2650.12,102
2026-01-05T00:17:00+00:00,2650.12,2650.15,2649.85,2649.92,356
2026-01-05T00:18:00+00:00,2649.92,2649.94,2649.81,2649.82,280
2026-01-05T00:19:00+00:00,2649.82,2649.91,2649.80,2649.89,35
2026-01-05T00:20:00+00:00,2649.89,2649.99,2649.80,2649.83,258
2026-01-05T00:21:00+00:00,2649.83,2649.92,2649.82,2649.88,152
2026-01-05T00:22:00+00:00,2649.88,2649.92,2649.87,2649.91,274
2026-01-05T00:23:00+00:00,2649.91,2650.16,2649.89,2650.11,292
2026-01-05T00:24:00+00:00,2650.11,2650.27,2650.06,2650.21,54
2026-01-05T00:25:00+00:00,2650.21,2650.34,2650.16,2650.18,108
2026-01-05T00:26:00+00:00,2650.18,2650.26,2650.05,2650.05,176
2026-01-05T00:27:00+00:00,2650.05,2650.16,2650.00,2650.12,127
2026-01-05T00:28:00+00:00,2650.12,2650.12,2650.04,2650.06,286
2026-01-05T00:29:00+00:00,2650.06,2650.13,2649.90,2649.92,126
2026-01-05T00:30:00+00:00,2649.92,2649.95,2649.80,2649.80,518
2026-01-05T00:31:00+00:00,2649.80,2649.95,2649.73,2649.90,42
2026-01-05T00:32:00+00:00,2649.90,2649.93,2649.87,2649.92,111
2026-01-05T00:33:00+00:00,2649.92,2649.94,2649.79,2649.85,29
2026-01-05T00:34:00+00:00,2649.85,2650.01,2649.79,2650.00,101
2026-01-05T00:35:00+00:00,2650.00,2650.12,2649.92,2650.07,217
2026-01-05T00:36:00+00:00,2650.07,2650.14,2649.99,2650.05,151
2026-01-05T00:37:00+00:00,2650.05,2650.30,2649.99,2650.22,62
2026-01-05T00:38:00+00:00,2650.22,2650.34,2650.17,2650.30,82
2026-01-05T00:39:00+00:00,2650.30,2650.38,2650.24,2650.33,471
2026-01-05T00:40:00+00:00,2650.33,2650.40,2650.20,2650.26,90
2026-01-05T00:41:00+00:00,2650.26,2650.35,2650.25,2650.33,15
2026-01-05T00:42:00+00:00,2650.33,2650.44,2650.29,2650.31,79
2026-01-05T00:43:00+00:00,2650.31,2650.53,2650.31,2650.46,216
2026-01-05T00:44:00+00:00,2650.46,2650.67,2650.46,2650.66,167
2026-01-05T00:45:00+00:00,2650.66,2650.73,2650.57,2650.73,391
2026-01-05T00:46:00+00:00,2650.73,2650.85,2650.64,2650.75,59
2026-01-05T00:47:00+00:00,2650.75,2650.93,2650.69,2650.88,2
2026-01-05T00:48:00+00:00,2650.88,2650.94,2650.80,2650.83,55
2026-01-05T00:49:00+00:00,2650.83,2650.98,2650.71,2650.97,159
2026-01-05T00:50:00+00:00,2650.97,2651.24,2650.94,2651.17,239
2026-01-05T00:51:00+00:00,2651.17,2651.20,2651.10,2651.15,5
2026-01-05T00:52:00+00:00,2651.15,2651.20,2651.05,2651.06,79
2026-01-05T00:53:00+00:00,2651.06,2651.14,2650.96,2651.14,390
2026-01-05T00:54:00+00:00,2651.14,2651.18,2651.06,2651.10,401
2026-01-05T00:55:00+00:00,2651.10,2651.12,2650.94,2651.00,204
2026-01-05T00:56:00+00:00,2651.00,2651.00,2650.88,2650.90,19
2026-01-05T00:57:00+00:00,2650.90,2650.97,2650.68,2650.70,266
2026-01-05T00:58:00+00:00,2650.70,2650.70,2650.65,2650.69,497
2026-01-05T00:59:00+00:00,2650.69,2650.76,2650.67,2650.75,44
2026-01-05T01:00:00+00:00,2650.75,2650.76,2650.55,2650.57,373
2026-01-05T01:01:00+00:00,2650.57,2650.60,2650.51,2650.54,301
2026-01-05T01:02:00+00:00,2650.54,2650.66,2650.52,2650.61,20
2026-01-05T01:03:00+00:00,2650.61,2650.69,2650.56,2650.66,188
2026-01-05T01:04:00+00:00,2650.66,2650.72,2650.63,2650.72,561
2026-01-05T01:05:00+00:00,2650.72,2650.80,2650.56,2650.58,74
2026-01-05T01:06:00+00:00,2650.58,2650.63,2650.53,2650.60,65
2026-01-05T01:07:00+00:00,2650.60,2650.63,2650.41,2650.45,436
2026-01-05T01:08:00+00:00,2650.45,2650.72,2650.36,2650.54,171
2026-01-05T01:09:00+00:00,2650.54,2650.58,2650.48,2650.51,334
2026-01-05T01:10:00+00:00,2650.51,2650.52,2650.36,2650.38,309
2026-01-05T01:11:00+00:00,2650.38,2650.47,2650.33,2650.35,373
2026-01-05T01:12:00+00:00,2650.35,2650.55,2650.34,2650.51,317
2026-01-05T01:13:00+00:00,2650.51,2650.54,2650.38,2650.39,19
2026-01-05T01:14:00+00:00,2650.39,2650.40,2650.36,2650.40,145
2026-01-05T01:15:00+00:00,2650.40,2650.41,2650.06,2650.06,57
2026-01-05T01:16:00+00:00,2650.06,2650.11,2649.79,2649.86,24
2026-01-05T01:17:00+00:00,2649.86,2649.88,2649.79,2649.80,218
2026-01-05T01:18:00+00:00,2649.80,2649.92,2649.68,2649.69,19
2026-01-05T01:19:00+00:00,2649.69,2649.72,2649.65,2649.66,130
2026-01-05T01:20:00+00:00,2649.66,2649.69,2649.49,2649.55,239
2026-01-05T01:21:00+00:00,2649.55,2649.79,2649.51,2649.75,455
2026-01-05T01:22:00+00:00,2649.75,2649.90,2649.72,2649.80,589
2026-01-05T01:23:00+00:00,2649.80,2649.81,2649.72,2649.77,82
2026-01-05T01:24:00+00:00,2649.77,2650.16,2649.68,2650.04,73
2026-01-05T01:25:00+00:00,2650.04,2650.13,2649.96,2650.04,45
2026-01-05T01:26:00+00:00,2650.04,2650.05,2649.89,2649.95,237
2026-01-05T01:27:00+00:00,2649.95,2649.95,2649.91,2649.91,252
2026-01-05T01:28:00+00:00,2649.91,2650.03,2649.91,2649.91,47
2026-01-05T01:29:00+00:00,2649.91,2650.06,2649.88,2650.04,101
2026-01-05T01:30:00+00:00,2650.04,2650.07,2649.99,2650.03,422
2026-01-05T01:31:00+00:00,2650.03,2650.06,2649.95,2650.00,236
2026-01-05T01:32:00+00:00,2650.00,2650.14,2649.98,2650.08,265
2026-01-05T01:33:00+00:00,2650.08,2650.14,2650.05,2650.10,143
2026-01-05T01:34:00+00:00,2650.10,2650.18,2650.10,2650.15,25
2026-01-05T01:35:00+00:00,2650.15,2650.23,2650.07,2650.07,459
2026-01-05T01:36:00+00:00,2650.07,2650.36,2650.05,2650.30,441
2026-01-05T01:37:00+00:00,2650.30,2650.48,2650.23,2650.33,341
2026-01-05T01:38:00+00:00,2650.33,2650.35,2650.23,2650.33,124
2026-01-05T01:39:00+00:00,2650.33,2650.47,2650.31,2650.43,110
2026-01-05T01:40:00+00:00,2650.43,2650.51,2650.35,2650.46,8
2026-01-05T01:41:00+00:00,2650.46,2650.53,2650.33,2650.42,40
2026-01-05T01:42:00+00:00,2650.42,2650.43,2650.18,2650.20,148
2026-01-05T01:43:00+00:00,2650.20,2650.25,2650.15,2650.25,115
2026-01-05T01:44:00+00:00,2650.25,2650.32,2650.16,2650.19,6
2026-01-05T01:45:00+00:00,2650.19,2650.22,2650.07,2650.13,326
2026-01-05T01:46:00+00:00,2650.13,2650.22,2650.12,2650.21,403
2026-01-05T01:47:00+00:00,2650.21,2650.38,2650.16,2650.36,209
2026-01-05T01:48:00+00:00,2650.36,2650.45,2650.18,2650.22,240
2026-01-05T01:49:00+00:00,2650.22,2650.29,2650.21,2650.29,21
2026-01-05T01:50:00+00:00,2650.29,2650.36,2650.22,2650.33,529
2026-01-05T01:51:00+00:00,2650.33,2650.36,2650.24,2650.25,71
2026-01-05T01:52:00+00:00,2650.25,2650.27,2650.13,2650.19,188
2026-01-05T01:53:00+00:00,2650.19,2650.24,2650.14,2650.16,143
2026-01-05T01:54:00+00:00,2650.16,2650.20,2650.05,2650.13,204
2026-01-05T01:55:00+00:00,2650.13,2650.27,2650.03,2650.03,68
2026-01-05T01:56:00+00:00,2650.03,2650.15,2650.02,2650.09,256
2026-01-05T01:57:00+00:00,2650.09,2650.19,2649.95,2650.00,83
2026-01-05T01:58:00+00:00,2650.00,2650.15,2649.92,2650.07,142
2026-01-05T01:59:00+00:00,2650.07,2650.07,2649.92,2649.97,336
2026-01-05T02:00:00+00:00,2649.97,2649.99,2649.76,2649.86,500
2026-01-05T02:01:00+00:00,2649.86,2649.86,2649.83,2649.85,357
2026-01-05T02:02:00+00:00,2649.85,2649.95,2649.82,2649.91,18
2026-01-05T02:03:00+00:00,2649.91,2649.94,2649.85,2649.93,59
2026-01-05T02:04:00+00:00,2649.93,2650.03,2649.91,2649.99,147
2026-01-05T02:05:00+00:00,2649.99,2650.00,2649.90,2649.92,178
2026-01-05T02:06:00+00:00,2649.92,2650.01,2649.86,2649.98,164
2026-01-05T02:07:00+00:00,2649.98,2650.15,2649.90,2650.04,21
2026-01-05T02:08:00+00:00,2650.04,2650.04,2649.86,2649.93,170
2026-01-05T02:09:00+00:00,2649.93,2649.99,2649.78,2649.80,740
2026-01-05T02:10:00+00:00,2649.80,2649.89,2649.73,2649.88,387
2026-01-05T02:11:00+00:00,2649.88,2649.91,2649.75,2649.84,18
2026-01-05T02:12:00+00:00,2649.84,2649.91,2649.75,2649.90,114
2026-01-05T02:13:00+00:00,2649.90,2649.91,2649.62,2649.75,351
2026-01-05T02:14:00+00:00,2649.75,2649.80,2649.63,2649.77,35
2026-01-05T02:15:00+00:00,2649.77,2649.79,2649.74,2649.74,240
2026-01-05T02:16:00+00:00,2649.74,2649.75,2649.65,2649.68,90
2026-01-05T02:17:00+00:00,2649.68,2649.72,2649.64,2649.70,459
2026-01-05T02:18:00+00:00,2649.70,2649.76,2649.64,2649.71,85
2026-01-05T02:19:00+00:00,2649.71,2649.75,2649.57,2649.64,58
2026-01-05T02:20:00+00:00,2649.64,2649.74,2649.63,2649.69,556
2026-01-05T02:21:00+00:00,2649.69,2649.75,2649.63,2649.72,50
2026-01-05T02:22:00+00:00,2649.72,2649.78,2649.59,2649.61,107
2026-01-05T02:23:00+00:00,2649.61,2649.66,2649.55,2649.58,77
2026-01-05T02:24:00+00:00,2649.58,2649.72,2649.50,2649.67,274
2026-01-05T02:25:00+00:00,2649.67,2649.75,2649.41,2649.54,344
2026-01-05T02:26:00+00:00,2649.54,2649.63,2649.44,2649.59,65
2026-01-05T02:27:00+00:00,2649.59,2649.62,2649.43,2649.44,391
2026-01-05T02:28:00+00:00,2649.44,2649.67,2649.33,2649.64,253
2026-01-05T02:29:00+00:00,2649.64,2649.69,2649.58,2649.61,241
2026-01-05T02:30:00+00:00,2649.61,2649.66,2649.46,2649.56,28
2026-01-05T02:31:00+00:00,2649.56,2649.59,2649.49,2649.50,110
2026-01-05T02:32:00+00:00,2649.50,2649.59,2649.32,2649.58,248
2026-01-05T02:33:00+00:00,2649.58,2649.63,2649.47,2649.56,309
2026-01-05T02:34:00+00:00,2649.56,2649.61,2649.51,2649.59,66
2026-01-05T02:35:00+00:00,2649.59,2649.62,2649.54,2649.55,522
2026-01-05T02:36:00+00:00,2649.55,2649.64,2649.52,2649.63,151
2026-01-05T02:37:00+00:00,2649.63,2649.69,2649.51,2649.53,54
2026-01-05T02:38:00+00:00,2649.53,2649.53,2649.49,2649.53,124
2026-01-05T02:39:00+00:00,2649.53,2649.55,2649.40,2649.47,243
2026-01-05T02:40:00+00:00,2649.47,2649.71,2649.41,2649.71,210
2026-01-05T02:41:00+00:00,2649.71,2649.80,2649.66,2649.77,75
2026-01-05T02:42:00+00:00,2649.77,2649.83,2649.72,2649.80,224
2026-01-05T02:43:00+00:00,2649.80,2649.88,2649.75,2649.86,110
2026-01-05T02:44:00+00:00,2649.86,2649.87,2649.61,2649.68,186
2026-01-05T02:45:00+00:00,2649.68,2649.75,2649.56,2649.65,294
2026-01-05T02:46:00+00:00,2649.65,2649.68,2649.52,2649.56,43
2026-01-05T02:47:00+00:00,2649.56,2649.58,2649.20,2649.29,91
2026-01-05T02:48:00+00:00,2649.29,2649.43,2649.20,2649.27,156
2026-01-05T02:49:00+00:00,2649.27,2649.30,2649.14,2649.14,281
2026-01-05T02:50:00+00:00,2649.14,2649.28,2649.12,2649.25,382
2026-01-05T02:51:00+00:00,2649.25,2649.34,2649.23,2649.29,330
2026-01-05T02:52:00+00:00,2649.29,2649.44,2649.26,2649.33,137
2026-01-05T02:53:00+00:00,2649.33,2649.48,2649.26,2649.28,570
2026-01-05T02:54:00+00:00,2649.28,2649.31,2649.09,2649.17,192
2026-01-05T02:55:00+00:00,2649.17,2649.25,2649.06,2649.17,128
2026-01-05T02:56:00+00:00,2649.17,2649.30,2649.11,2649.22,22
2026-01-05T02:57:00+00:00,2649.22,2649.25,2649.22,2649.25,274
2026-01-05T02:58:00+00:00,2649.25,2649.32,2649.22,2649.30,40
2026-01-05T02:59:00+00:00,2649.30,2649.40,2649.25,2649.37,262
2026-01-05T03:00:00+00:00,2649.37,2649.46,2649.22,2649.32,405
2026-01-05T03:01:00+00:00,2649.32,2649.35,2649.30,2649.34,291
2026-01-05T03:02:00+00:00,2649.34,2649.35,2649.30,2649.33,220
2026-01-05T03:03:00+00:00,2649.33,2649.43,2649.32,2649.42,282
2026-01-05T03:04:00+00:00,2649.42,2649.49,2649.32,2649.45,70
2026-01-05T03:05:00+00:00,2649.45,2649.58,2649.36,2649.53,291
2026-01-05T03:06:00+00:00,2649.53,2649.84,2649.46,2649.77,37
2026-01-05T03:07:00+00:00,2649.77,2649.88,2649.66,2649.88,54
2026-01-05T03:08:00+00:00,2649.88,2649.90,2649.83,2649.90,395
2026-01-05T03:09:00+00:00,2649.90,2650.02,2649.79,2649.98,173
2026-01-05T03:10:00+00:00,2649.98,2649.99,2649.96,2649.97,171
2026-01-05T03:11:00+00:00,2649.97,2650.00,2649.79,2649.82,323
2026-01-05T03:12:00+00:00,2649.82,2649.89,2649.81,2649.89,4
2026-01-05T03:13:00+00:00,2649.89,2649.97,2649.68,2649.71,493
2026-01-05T03:14:00+00:00,2649.71,2649.80,2649.45,2649.59,331
2026-01-05T03:15:00+00:00,2649.59,2649.65,2649.54,2649.59,385
2026-01-05T03:16:00+00:00,2649.59,2649.60,2649.34,2649.36,7
2026-01-05T03:17:00+00:00,2649.36,2649.37,2649.28,2649.33,38
2026-01-05T03:18:00+00:00,2649.33,2649.42,2649.26,2649.38,59
2026-01-05T03:19:00+00:00,2649.38,2649.49,2649.37,2649.42,500
2026-01-05T03:20:00+00:00,2649.42,2649.70,2649.41,2649.66,218
2026-01-05T03:21:00+00:00,2649.66,2649.70,2649.55,2649.61,72
2026-01-05T03:22:00+00:00,2649.61,2649.78,2649.61,2649.63,304
2026-01-05T03:23:00+00:00,2649.63,2649.66,2649.42,2649.57,120
2026-01-05T03:24:00+00:00,2649.57,2649.58,2649.45,2649.47,210
2026-01-05T03:25:00+00:00,2649.47,2649.55,2649.44,2649.49,105
2026-01-05T03:26:00+00:00,2649.49,2649.60,2649.40,2649.48,93
2026-01-05T03:27:00+00:00,2649.48,2649.49,2649.32,2649.37,62
2026-01-05T03:28:00+00:00,2649.37,2649.52,2649.31,2649.42,181
2026-01-05T03:29:00+00:00,2649.42,2649.53,2649.38,2649.53,192
2026-01-05T03:30:00+00:00,2649.53,2649.55,2649.32,2649.39,660
2026-01-05T03:31:00+00:00,2649.39,2649.40,2649.32,2649.32,326
2026-01-05T03:32:00+00:00,2649.32,2649.43,2649.31,2649.32,350
2026-01-05T03:33:00+00:00,2649.32,2649.49,2649.31,2649.47,266
2026-01-05T03:34:00+00:00,2649.47,2649.55,2649.32,2649.39,333
2026-01-05T03:35:00+00:00,2649.39,2649.61,2649.33,2649.52,280
2026-01-05T03:36:00+00:00,2649.52,2649.74,2649.49,2649.65,379
2026-01-05T03:37:00+00:00,2649.65,2649.71,2649.53,2649.61,20
2026-01-05T03:38:00+00:00,2649.61,2649.71,2649.56,2649.69,1
2026-01-05T03:39:00+00:00,2649.69,2649.76,2649.60,2649.65,78
2026-01-05T03:40:00+00:00,2649.65,2649.69,2649.53,2649.66,33
2026-01-05T03:41:00+00:00,2649.66,2649.91,2649.59,2649.80,162
2026-01-05T03:42:00+00:00,2649.80,2649.81,2649.59,2649.70,146
2026-01-05T03:43:00+00:00,2649.70,2649.72,2649.63,2649.70,91
2026-01-05T03:44:00+00:00,2649.70,2649.71,2649.65,2649.71,138
2026-01-05T03:45:00+00:00,2649.71,2649.78,2649.58,2649.61,267
2026-01-05T03:46:00+00:00,2649.61,2649.73,2649.60,2649.66,203
2026-01-05T03:47:00+00:00,2649.66,2649.75,2649.57,2649.75,300
2026-01-05T03:48:00+00:00,2649.75,2649.81,2649.53,2649.62,31
2026-01-05T03:49:00+00:00,2649.62,2649.95,2649.59,2649.90,96
2026-01-05T03:50:00+00:00,2649.90,2649.99,2649.73,2649.79,32
2026-01-05T03:51:00+00:00,2649.79,2649.85,2649.70,2649.74,414
2026-01-05T03:52:00+00:00,2649.74,2649.75,2649.44,2649.52,233
2026-01-05T03:53:00+00:00,2649.52,2649.65,2649.45,2649.61,64
2026-01-05T03:54:00+00:00,2649.61,2649.73,2649.59,2649.73,128
2026-01-05T03:55:00+00:00,2649.73,2649.96,2649.62,2649.94,278
2026-01-05T03:56:00+00:00,2649.94,2650.03,2649.85,2649.91,182
2026-01-05T03:57:00+00:00,2649.91,2650.09,2649.91,2650.00,30
2026-01-05T03:58:00+00:00,2650.00,2650.10,2649.98,2650.03,63
2026-01-05T03:59:00+00:00,2650.03,2650.24,2649.95,2650.20,3
2026-01-05T04:00:00+00:00,2650.20,2650.40,2650.19,2650.38,693
2026-01-05T04:01:00+00:00,2650.38,2650.46,2650.34,2650.42,234
2026-01-05T04:02:00+00:00,2650.42,2650.54,2650.36,2650.54,103
2026-01-05T04:03:00+00:00,2650.54,2650.60,2650.50,2650.58,203
2026-01-05T04:04:00+00:00,2650.58,2650.68,2650.44,2650.67,162
2026-01-05T04:05:00+00:00,2650.67,2650.92,2650.58,2650.77,40
2026-01-05T04:06:00+00:00,2650.77,2650.78,2650.62,2650.72,201
2026-01-05T04:07:00+00:00,2650.72,2650.79,2650.64,2650.77,517
2026-01-05T04:08:00+00:00,2650.77,2650.80,2650.61,2650.66,555
2026-01-05T04:09:00+00:00,2650.66,2650.68,2650.39,2650.46,362
2026-01-05T04:10:00+00:00,2650.46,2650.49,2650.46,2650.48,159
2026-01-05T04:11:00+00:00,2650.48,2650.66,2650.46,2650.55,182
2026-01-05T04:12:00+00:00,2650.55,2650.61,2650.44,2650.59,51
2026-01-05T04:13:00+00:00,2650.59,2650.76,2650.50,2650.75,94
2026-01-05T04:14:00+00:00,2650.75,2650.82,2650.63,2650.65,357
2026-01-05T04:15:00+00:00,2650.65,2650.80,2650.63,2650.76,5
2026-01-05T04:16:00+00:00,2650.76,2651.07,2650.64,2651.01,118
2026-01-05T04:17:00+00:00,2651.01,2651.06,2650.98,2651.05,94
2026-01-05T04:18:00+00:00,2651.05,2651.07,2650.97,2651.06,42
2026-01-05T04:19:00+00:00,2651.06,2651.17,2651.01,2651.15,381
2026-01-05T04:20:00+00:00,2651.15,2651.22,2651.12,2651.21,44
2026-01-05T04:21:00+00:00,2651.21,2651.47,2651.16,2651.37,423
2026-01-05T04:22:00+00:00,2651.37,2651.38,2651.07,2651.19,417
2026-01-05T04:23:00+00:00,2651.19,2651.39,2651.19,2651.35,42
2026-01-05T04:24:00+00:00,2651.35,2651.44,2651.24,2651.42,202
2026-01-05T04:25:00+00:00,2651.42,2651.47,2651.24,2651.30,227
2026-01-05T04:26:00+00:00,2651.30,2651.32,2651.17,2651.21,188
2026-01-05T04:27:00+00:00,2651.21,2651.30,2651.13,2651.26,191
2026-01-05T04:28:00+00:00,2651.26,2651.36,2651.18,2651.31,29
2026-01-05T04:29:00+00:00,2651.31,2651.37,2651.29,2651.30,53
2026-01-05T04:30:00+00:00,2651.30,2651.41,2651.28,2651.39,50
2026-01-05T04:31:00+00:00,2651.39,2651.46,2651.27,2651.28,198
2026-01-05T04:32:00+00:00,2651.28,2651.40,2651.25,2651.35,86
2026-01-05T04:33:00+00:00,2651.35,2651.44,2651.30,2651.34,273
2026-01-05T04:34:00+00:00,2651.34,2651.39,2651.17,2651.19,348
2026-01-05T04:35:00+00:00,2651.19,2651.33,2651.17,2651.28,80
2026-01-05T04:36:00+00:00,2651.28,2651.44,2651.24,2651.42,283
2026-01-05T04:37:00+00:00,2651.42,2651.46,2651.39,2651.46,325
2026-01-05T04:38:00+00:00,2651.46,2651.48,2651.36,2651.41,4
2026-01-05T04:39:00+00:00,2651.41,2651.45,2651.41,2651.44,163
2026-01-05T04:40:00+00:00,2651.44,2651.53,2651.44,2651.53,378
2026-01-05T04:41:00+00:00,2651.53,2651.58,2651.51,2651.56,31
2026-01-05T04:42:00+00:00,2651.56,2651.65,2651.54,2651.63,343
2026-01-05T04:43:00+00:00,2651.63,2651.69,2651.60,2651.68,144
2026-01-05T04:44:00+00:00,2651.68,2651.70,2651.66,2651.68,15
2026-01-05T04:45:00+00:00,2651.68,2651.88,2651.65,2651.86,326
2026-01-05T04:46:00+00:00,2651.86,2651.88,2651.75,2651.78,389
2026-01-05T04:47:00+00:00,2651.78,2651.90,2651.77,2651.82,155
2026-01-05T04:48:00+00:00,2651.82,2651.84,2651.76,2651.77,131
2026-01-05T04:49:00+00:00,2651.77,2651.86,2651.73,2651.76,381
2026-01-05T04:50:00+00:00,2651.76,2651.85,2651.70,2651.83,50
2026-01-05T04:51:00+00:00,2651.83,2651.85,2651.58,2651.60,80
2026-01-05T04:52:00+00:00,2651.60,2651.89,2651.49,2651.85,28
2026-01-05T04:53:00+00:00,2651.85,2651.92,2651.80,2651.88,563
2026-01-05T04:54:00+00:00,2651.88,2651.94,2651.76,2651.90,6
2026-01-05T04:55:00+00:00,2651.90,2651.93,2651.71,2651.80,203
2026-01-05T04:56:00+00:00,2651.80,2651.84,2651.65,2651.68,356
2026-01-05T04:57:00+00:00,2651.68,2651.87,2651.61,2651.83,405
2026-01-05T04:58:00+00:00,2651.83,2651.99,2651.79,2651.92,284
2026-01-05T04:59:00+00:00,2651.92,2651.96,2651.68,2651.87,25
2026-01-05T05:00:00+00:00,2651.87,2652.00,2651.78,2651.95,148
2026-01-05T05:01:00+00:00,2651.95,2652.00,2651.77,2651.90,62
2026-01-05T05:02:00+00:00,2651.90,2651.96,2651.88,2651.90,159
2026-01-05T05:03:00+00:00,2651.90,2652.03,2651.90,2651.95,236
2026-01-05T05:04:00+00:00,2651.95,2652.01,2651.80,2651.83,221
2026-01-05T05:05:00+00:00,2651.83,2651.88,2651.75,2651.88,14
2026-01-05T05:06:00+00:00,2651.88,2652.05,2651.72,2651.99,106
2026-01-05T05:07:00+00:00,2651.99,2652.39,2651.96,2652.24,75
2026-01-05T05:08:00+00:00,2652.24,2652.28,2652.03,2652.17,40
2026-01-05T05:09:00+00:00,2652.17,2652.29,2652.09,2652.13,127
2026-01-05T05:10:00+00:00,2652.13,2652.29,2651.98,2652.10,107
2026-01-05T05:11:00+00:00,2652.10,2652.15,2651.99,2652.00,56
2026-01-05T05:12:00+00:00,2652.00,2652.02,2651.88,2651.89,390
2026-01-05T05:13:00+00:00,2651.89,2651.97,2651.83,2651.93,431
2026-01-05T05:14:00+00:00,2651.93,2652.18,2651.87,2652.04,27
2026-01-05T05:15:00+00:00,2652.04,2652.18,2651.97,2652.13,295
2026-01-05T05:16:00+00:00,2652.13,2652.35,2652.09,2652.29,118
2026-01-05T05:17:00+00:00,2652.29,2652.32,2652.16,2652.17,6
2026-01-05T05:18:00+00:00,2652.17,2652.24,2651.92,2651.94,56
2026-01-05T05:19:00+00:00,2651.94,2651.97,2651.80,2651.92,206
2026-01-05T05:20:00+00:00,2651.92,2651.93,2651.80,2651.80,47
2026-01-05T05:21:00+00:00,2651.80,2651.84,2651.50,2651.52,429
2026-01-05T05:22:00+00:00,2651.52,2651.64,2651.29,2651.38,62
2026-01-05T05:23:00+00:00,2651.38,2651.44,2651.37,2651.44,93
2026-01-05T05:24:00+00:00,2651.44,2651.54,2651.13,2651.15,43
2026-01-05T05:25:00+00:00,2651.15,2651.33,2651.12,2651.29,9
2026-01-05T05:26:00+00:00,2651.29,2651.37,2651.11,2651.12,318
2026-01-05T05:27:00+00:00,2651.12,2651.17,2651.05,2651.17,90
2026-01-05T05:28:00+00:00,2651.17,2651.25,2651.10,2651.20,107
2026-01-05T05:29:00+00:00,2651.20,2651.21,2651.05,2651.11,406
2026-01-05T05:30:00+00:00,2651.11,2651.16,2650.99,2651.02,203
2026-01-05T05:31:00+00:00,2651.02,2651.16,2650.93,2651.07,148
2026-01-05T05:32:00+00:00,2651.07,2651.24,2651.04,2651.21,188
2026-01-05T05:33:00+00:00,2651.21,2651.24,2650.99,2651.03,219
2026-01-05T05:34:00+00:00,2651.03,2651.17,2651.00,2651.05,58
2026-01-05T05:35:00+00:00,2651.05,2651.17,2651.00,2651.13,149
2026-01-05T05:36:00+00:00,2651.13,2651.15,2651.05,2651.06,217
2026-01-05T05:37:00+00:00,2651.06,2651.12,2650.97,2651.11,90
2026-01-05T05:38:00+00:00,2651.11,2651.17,2650.97,2651.03,10
2026-01-05T05:39:00+00:00,2651.03,2651.05,2650.96,2651.04,125
2026-01-05T05:40:00+00:00,2651.04,2651.15,2651.03,2651.05,193
2026-01-05T05:41:00+00:00,2651.05,2651.19,2651.03,2651.11,109
2026-01-05T05:42:00+00:00,2651.11,2651.43,2651.08,2651.29,57
2026-01-05T05:43:00+00:00,2651.29,2651.35,2651.17,2651.28,120
2026-01-05T05:44:00+00:00,2651.28,2651.31,2651.26,2651.30,64
2026-01-05T05:45:00+00:00,2651.30,2651.66,2651.28,2651.58,283
2026-01-05T05:46:00+00:00,2651.58,2651.59,2651.43,2651.52,320
2026-01-05T05:47:00+00:00,2651.52,2651.52,2651.48,2651.50,212
2026-01-05T05:48:00+00:00,2651.50,2651.64,2651.49,2651.62,349
2026-01-05T05:49:00+00:00,2651.62,2651.78,2651.60,2651.75,67
2026-01-05T05:50:00+00:00,2651.75,2651.77,2651.47,2651.50,28
2026-01-05T05:51:00+00:00,2651.50,2651.54,2651.46,2651.51,81
2026-01-05T05:52:00+00:00,2651.51,2651.59,2651.43,2651.47,148
2026-01-05T05:53:00+00:00,2651.47,2651.49,2651.41,2651.47,39
2026-01-05T05:54:00+00:00,2651.47,2651.51,2651.41,2651.47,438
2026-01-05T05:55:00+00:00,2651.47,2651.50,2651.44,2651.44,316
2026-01-05T05:56:00+00:00,2651.44,2651.49,2651.35,2651.45,400
2026-01-05T05:57:00+00:00,2651.45,2651.56,2651.44,2651.48,213
2026-01-05T05:58:00+00:00,2651.48,2651.74,2651.45,2651.69,109
2026-01-05T05:59:00+00:00,2651.69,2651.74,2651.36,2651.39,282
2026-01-05T06:00:00+00:00,2651.39,2651.41,2651.23,2651.25,107
2026-01-05T06:01:00+00:00,2651.25,2651.31,2650.98,2651.11,308
2026-01-05T06:02:00+00:00,2651.11,2651.25,2651.09,2651.22,46
2026-01-05T06:03:00+00:00,2651.22,2651.23,2651.11,2651.17,324
2026-01-05T06:04:00+00:00,2651.17,2651.21,2651.10,2651.18,107
2026-01-05T06:05:00+00:00,2651.18,2651.27,2651.14,2651.22,315
2026-01-05T06:06:00+00:00,2651.22,2651.25,2651.21,2651.24,112
2026-01-05T06:07:00+00:00,2651.24,2651.37,2651.16,2651.28,34
2026-01-05T06:08:00+00:00,2651.28,2651.41,2651.28,2651.38,339
2026-01-05T06:09:00+00:00,2651.38,2651.43,2651.33,2651.35,213
2026-01-05T06:10:00+00:00,2651.35,2651.41,2651.24,2651.32,162
2026-01-05T06:11:00+00:00,2651.32,2651.38,2651.02,2651.05,419
2026-01-05T06:12:00+00:00,2651.05,2651.09,2650.99,2651.07,384
2026-01-05T06:13:00+00:00,2651.07,2651.16,2651.02,2651.14,341
2026-01-05T06:14:00+00:00,2651.14,2651.14,2651.09,2651.12,233
2026-01-05T06:15:00+00:00,2651.12,2651.18,2651.03,2651.06,173
2026-01-05T06:16:00+00:00,2651.06,2651.06,2650.91,2650.97,290
2026-01-05T06:17:00+00:00,2650.97,2651.01,2650.84,2650.93,510
2026-01-05T06:18:00+00:00,2650.93,2650.95,2650.81,2650.84,40
2026-01-05T06:19:00+00:00,2650.84,2650.92,2650.78,2650.89,1
2026-01-05T06:20:00+00:00,2650.89,2651.04,2650.87,2650.92,215
2026-01-05T06:21:00+00:00,2650.92,2651.16,2650.91,2651.09,125
2026-01-05T06:22:00+00:00,2651.09,2651.11,2651.04,2651.07,189
2026-01-05T06:23:00+00:00,2651.07,2651.07,2651.02,2651.02,238
2026-01-05T06:24:00+00:00,2651.02,2651.06,2650.83,2650.90,662
2026-01-05T06:25:00+00:00,2650.90,2650.94,2650.65,2650.74,65
2026-01-05T06:26:00+00:00,2650.74,2651.00,2650.67,2650.94,109
2026-01-05T06:27:00+00:00,2650.94,2651.00,2650.80,2650.82,40
2026-01-05T06:28:00+00:00,2650.82,2650.86,2650.70,2650.77,92
2026-01-05T06:29:00+00:00,2650.77,2650.82,2650.69,2650.72,156
2026-01-05T06:30:00+00:00,2650.72,2650.76,2650.59,2650.62,526
2026-01-05T06:31:00+00:00,2650.62,2650.64,2650.51,2650.53,9
2026-01-05T06:32:00+00:00,2650.53,2650.60,2650.36,2650.39,476
2026-01-05T06:33:00+00:00,2650.39,2650.45,2650.37,2650.38,277
2026-01-05T06:34:00+00:00,2650.38,2650.45,2650.21,2650.21,413
2026-01-05T06:35:00+00:00,2650.21,2650.35,2650.16,2650.33,99
2026-01-05T06:36:00+00:00,2650.33,2650.35,2650.25,2650.30,288
2026-01-05T06:37:00+00:00,2650.30,2650.32,2650.11,2650.14,142
2026-01-05T06:38:00+00:00,2650.14,2650.15,2650.07,2650.07,140
2026-01-05T06:39:00+00:00,2650.07,2650.19,2650.00,2650.17,26
2026-01-05T06:40:00+00:00,2650.17,2650.22,2650.02,2650.05,95
2026-01-05T06:41:00+00:00,2650.05,2650.10,2649.97,2650.06,58
2026-01-05T06:42:00+00:00,2650.06,2650.10,2649.92,2649.98,47
2026-01-05T06:43:00+00:00,2649.98,2650.00,2649.67,2649.77,24
2026-01-05T06:44:00+00:00,2649.77,2649.80,2649.66,2649.70,93
2026-01-05T06:45:00+00:00,2649.70,2649.75,2649.61,2649.62,147
2026-01-05T06:46:00+00:00,2649.62,2649.63,2649.53,2649.58,188
2026-01-05T06:47:00+00:00,2649.58,2649.61,2649.48,2649.51,159
2026-01-05T06:48:00+00:00,2649.51,2649.56,2649.40,2649.48,52
2026-01-05T06:49:00+00:00,2649.48,2649.61,2649.47,2649.56,26
2026-01-05T06:50:00+00:00,2649.56,2649.71,2649.54,2649.59,513
2026-01-05T06:51:00+00:00,2649.59,2649.66,2649.52,2649.63,99
2026-01-05T06:52:00+00:00,2649.63,2649.65,2649.53,2649.61,65
2026-01-05T06:53:00+00:00,2649.61,2649.71,2649.56,2649.67,133
2026-01-05T06:54:00+00:00,2649.67,2649.83,2649.65,2649.81,214
2026-01-05T06:55:00+00:00,2649.81,2649.84,2649.70,2649.70,102
2026-01-05T06:56:00+00:00,2649.70,2649.77,2649.63,2649.67,16
2026-01-05T06:57:00+00:00,2649.67,2649.79,2649.67,2649.73,260
2026-01-05T06:58:00+00:00,2649.73,2649.73,2649.67,2649.69,273
2026-01-05T06:59:00+00:00,2649.69,2649.70,2649.64,2649.70,323
2026-01-05T07:00:00+00:00,2649.70,2649.70,2649.61,2649.62,323
2026-01-05T07:01:00+00:00,2649.62,2649.69,2649.57,2649.60,88
2026-01-05T07:02:00+00:00,2649.60,2649.61,2649.52,2649.57,64
2026-01-05T07:03:00+00:00,2649.57,2649.60,2649.36,2649.48,227
2026-01-05T07:04:00+00:00,2649.48,2649.71,2649.44,2649.66,26
2026-01-05T07:05:00+00:00,2649.66,2649.69,2649.49,2649.55,343
2026-01-05T07:06:00+00:00,2649.55,2649.56,2649.41,2649.44,460
2026-01-05T07:07:00+00:00,2649.44,2649.48,2649.12,2649.15,13
2026-01-05T07:08:00+00:00,2649.15,2649.21,2649.05,2649.09,96
2026-01-05T07:09:00+00:00,2649.09,2649.15,2648.95,2649.13,671
2026-01-05T07:10:00+00:00,2649.13,2649.20,2648.97,2649.03,382
2026-01-05T07:11:00+00:00,2649.03,2649.03,2648.92,2648.94,71
2026-01-05T07:12:00+00:00,2648.94,2649.06,2648.84,2649.05,169
2026-01-05T07:13:00+00:00,2649.05,2649.11,2648.89,2648.95,12
2026-01-05T07:14:00+00:00,2648.95,2649.20,2648.92,2649.08,338
2026-01-05T07:15:00+00:00,2649.08,2649.19,2648.95,2648.96,279
2026-01-05T07:16:00+00:00,2648.96,2649.09,2648.95,2649.03,355
2026-01-05T07:17:00+00:00,2649.03,2649.04,2648.93,2648.96,183
2026-01-05T07:18:00+00:00,2648.96,2648.98,2648.88,2648.93,128
2026-01-05T07:19:00+00:00,2648.93,2648.95,2648.87,2648.94,70
2026-01-05T07:20:00+00:00,2648.94,2648.99,2648.89,2648.93,84
2026-01-05T07:21:00+00:00,2648.93,2649.01,2648.86,2648.86,3
2026-01-05T07:22:00+00:00,2648.86,2649.05,2648.78,2649.01,470
2026-01-05T07:23:00+00:00,2649.01,2649.16,2649.00,2649.07,570
2026-01-05T07:24:00+00:00,2649.07,2649.26,2649.05,2649.23,92
2026-01-05T07:25:00+00:00,2649.23,2649.31,2649.07,2649.23,105
2026-01-05T07:26:00+00:00,2649.23,2649.23,2649.11,2649.16,141
2026-01-05T07:27:00+00:00,2649.16,2649.23,2649.07,2649.14,216
2026-01-05T07:28:00+00:00,2649.14,2649.20,2649.11,2649.17,236
2026-01-05T07:29:00+00:00,2649.17,2649.21,2649.16,2649.19,187
2026-01-05T07:30:00+00:00,2649.19,2649.28,2649.14,2649.17,83
2026-01-05T07:31:00+00:00,2649.17,2649.31,2649.02,2649.09,168
2026-01-05T07:32:00+00:00,2649.09,2649.11,2648.94,2649.04,369
2026-01-05T07:33:00+00:00,2649.04,2649.09,2648.95,2649.01,72
2026-01-05T07:34:00+00:00,2649.01,2649.04,2648.97,2649.02,283
2026-01-05T07:35:00+00:00,2649.02,2649.14,2648.98,2649.04,176
2026-01-05T07:36:00+00:00,2649.04,2649.05,2648.70,2648.74,351
2026-01-05T07:37:00+00:00,2648.74,2648.96,2648.70,2648.93,339
2026-01-05T07:38:00+00:00,2648.93,2649.04,2648.83,2648.99,66
2026-01-05T07:39:00+00:00,2648.99,2649.30,2648.99,2649.19,131
2026-01-05T07:40:00+00:00,2649.19,2649.20,2649.15,2649.15,175
2026-01-05T07:41:00+00:00,2649.15,2649.31,2649.13,2649.24,222
2026-01-05T07:42:00+00:00,2649.24,2649.37,2649.19,2649.33,140
2026-01-05T07:43:00+00:00,2649.33,2649.40,2649.22,2649.28,167
2026-01-05T07:44:00+00:00,2649.28,2649.35,2649.24,2649.33,157
2026-01-05T07:45:00+00:00,2649.33,2649.46,2649.27,2649.45,14
2026-01-05T07:46:00+00:00,2649.45,2649.64,2649.40,2649.61,214
2026-01-05T07:47:00+00:00,2649.61,2649.64,2649.61,2649.62,351
2026-01-05T07:48:00+00:00,2649.62,2649.68,2649.61,2649.61,139
2026-01-05T07:49:00+00:00,2649.61,2649.75,2649.55,2649.73,167
2026-01-05T07:50:00+00:00,2649.73,2649.98,2649.73,2649.89,56
2026-01-05T07:51:00+00:00,2649.89,2650.00,2649.85,2649.95,35
2026-01-05T07:52:00+00:00,2649.95,2649.98,2649.88,2649.96,121
2026-01-05T07:53:00+00:00,2649.96,2650.21,2649.93,2650.21,255
2026-01-05T07:54:00+00:00,2650.21,2650.21,2650.02,2650.04,223
2026-01-05T07:55:00+00:00,2650.04,2650.28,2649.93,2650.28,234
2026-01-05T07:56:00+00:00,2650.28,2650.28,2650.17,2650.25,96
2026-01-05T07:57:00+00:00,2650.25,2650.32,2650.19,2650.26,274
2026-01-05T07:58:00+00:00,2650.26,2650.31,2650.14,2650.27,369
2026-01-05T07:59:00+00:00,2650.27,2650.54,2650.20,2650.47,160
2026-01-05T08:00:00+00:00,2650.47,2650.57,2650.43,2650.50,188
2026-01-05T08:01:00+00:00,2650.50,2650.79,2650.50,2650.75,161
2026-01-05T08:02:00+00:00,2650.75,2650.79,2650.68,2650.73,400
2026-01-05T08:03:00+00:00,2650.73,2650.79,2650.53,2650.57,10
2026-01-05T08:04:00+00:00,2650.57,2650.64,2650.51,2650.58,43
2026-01-05T08:05:00+00:00,2650.58,2650.64,2650.39,2650.40,105
2026-01-05T08:06:00+00:00,2650.40,2650.40,2650.28,2650.31,85
2026-01-05T08:07:00+00:00,2650.31,2650.44,2650.26,2650.42,206
2026-01-05T08:08:00+00:00,2650.42,2650.47,2650.39,2650.45,39
2026-01-05T08:09:00+00:00,2650.45,2650.52,2650.43,2650.51,69
2026-01-05T08:10:00+00:00,2650.51,2650.62,2650.47,2650.55,137
2026-01-05T08:11:00+00:00,2650.55,2650.88,2650.50,2650.83,218
2026-01-05T08:12:00+00:00,2650.83,2650.92,2650.75,2650.87,253
2026-01-05T08:13:00+00:00,2650.87,2650.92,2650.81,2650.81,478
2026-01-05T08:14:00+00:00,2650.81,2650.92,2650.78,2650.85,38
2026-01-05T08:15:00+00:00,2650.85,2650.86,2650.73,2650.83,405
2026-01-05T08:16:00+00:00,2650.83,2650.83,2650.75,2650.79,183
2026-01-05T08:17:00+00:00,2650.79,2650.81,2650.62,2650.63,192
2026-01-05T08:18:00+00:00,2650.63,2650.72,2650.50,2650.57,57
2026-01-05T08:19:00+00:00,2650.57,2650.78,2650.50,2650.73,98
2026-01-05T08:20:00+00:00,2650.73,2650.83,2650.68,2650.82,256
2026-01-05T08:21:00+00:00,2650.82,2650.94,2650.75,2650.90,384
2026-01-05T08:22:00+00:00,2650.90,2651.14,2650.79,2651.05,27
2026-01-05T08:23:00+00:00,2651.05,2651.15,2650.94,2651.06,345
2026-01-05T08:24:00+00:00,2651.06,2651.17,2650.86,2650.91,393
2026-01-05T08:25:00+00:00,2650.91,2650.96,2650.87,2650.95,12
2026-01-05T08:26:00+00:00,2650.95,2651.17,2650.86,2651.10,177
2026-01-05T08:27:00+00:00,2651.10,2651.15,2651.03,2651.06,453
2026-01-05T08:28:00+00:00,2651.06,2651.23,2651.06,2651.21,202
2026-01-05T08:29:00+00:00,2651.21,2651.28,2651.01,2651.01,48
2026-01-05T08:30:00+00:00,2651.01,2651.06,2650.83,2650.89,20
2026-01-05T08:31:00+00:00,2650.89,2650.95,2650.82,2650.92,272
2026-01-05T08:32:00+00:00,2650.92,2651.00,2650.80,2650.89,39
2026-01-05T08:33:00+00:00,2650.89,2651.08,2650.83,2651.06,436
2026-01-05T08:34:00+00:00,2651.06,2651.15,2651.03,2651.15,272
2026-01-05T08:35:00+00:00,2651.15,2651.21,2650.99,2651.00,21
2026-01-05T08:36:00+00:00,2651.00,2651.07,2650.89,2650.99,209
2026-01-05T08:37:00+00:00,2650.99,2650.99,2650.89,2650.92,123
2026-01-05T08:38:00+00:00,2650.92,2650.98,2650.77,2650.78,297
2026-01-05T08:39:00+00:00,2650.78,2650.90,2650.76,2650.85,3
2026-01-05T08:40:00+00:00,2650.85,2650.92,2650.74,2650.74,343
2026-01-05T08:41:00+00:00,2650.74,2650.79,2650.71,2650.75,205
2026-01-05T08:42:00+00:00,2650.75,2650.78,2650.71,2650.74,208
2026-01-05T08:43:00+00:00,2650.74,2650.75,2650.69,2650.71,67
2026-01-05T08:44:00+00:00,2650.71,2650.80,2650.65,2650.70,56
2026-01-05T08:45:00+00:00,2650.70,2650.71,2650.54,2650.65,491
2026-01-05T08:46:00+00:00,2650.65,2650.70,2650.48,2650.54,143
2026-01-05T08:47:00+00:00,2650.54,2650.73,2650.47,2650.70,528
2026-01-05T08:48:00+00:00,2650.70,2650.96,2650.64,2650.88,216
2026-01-05T08:49:00+00:00,2650.88,2650.94,2650.81,2650.90,40
2026-01-05T08:50:00+00:00,2650.90,2650.94,2650.57,2650.61,216
2026-01-05T08:51:00+00:00,2650.61,2650.68,2650.46,2650.62,8
2026-01-05T08:52:00+00:00,2650.62,2650.63,2650.47,2650.53,302
2026-01-05T08:53:00+00:00,2650.53,2650.61,2650.42,2650.47,340
2026-01-05T08:54:00+00:00,2650.47,2650.65,2650.44,2650.56,245
2026-01-05T08:55:00+00:00,2650.56,2650.63,2650.52,2650.54,262
2026-01-05T08:56:00+00:00,2650.54,2650.61,2650.27,2650.37,4
2026-01-05T08:57:00+00:00,2650.37,2650.40,2650.08,2650.09,73
2026-01-05T08:58:00+00:00,2650.09,2650.20,2649.97,2650.15,178
2026-01-05T08:59:00+00:00,2650.15,2650.19,2649.97,2650.11,204
2026-01-05T09:00:00+00:00,2650.11,2650.20,2650.05,2650.18,516
2026-01-05T09:01:00+00:00,2650.18,2650.21,2650.15,2650.16,687
2026-01-05T09:02:00+00:00,2650.16,2650.36,2650.11,2650.35,62
2026-01-05T09:03:00+00:00,2650.35,2650.39,2650.30,2650.37,146
2026-01-05T09:04:00+00:00,2650.37,2650.44,2650.16,2650.21,288
2026-01-05T09:05:00+00:00,2650.21,2650.32,2650.15,2650.22,232
2026-01-05T09:06:00+00:00,2650.22,2650.23,2650.11,2650.20,71
2026-01-05T09:07:00+00:00,2650.20,2650.34,2650.17,2650.27,39
2026-01-05T09:08:00+00:00,2650.27,2650.44,2650.22,2650.41,110
2026-01-05T09:09:00+00:00,2650.41,2650.47,2650.33,2650.34,99
2026-01-05T09:10:00+00:00,2650.34,2650.44,2650.29,2650.29,289
2026-01-05T09:11:00+00:00,2650.29,2650.32,2650.20,2650.24,55
2026-01-05T09:12:00+00:00,2650.24,2650.26,2650.16,2650.25,249
2026-01-05T09:13:00+00:00,2650.25,2650.28,2650.22,2650.26,11
2026-01-05T09:14:00+00:00,2650.26,2650.28,2650.12,2650.12,397
2026-01-05T09:15:00+00:00,2650.12,2650.25,2650.06,2650.21,218
2026-01-05T09:16:00+00:00,2650.21,2650.23,2650.12,2650.20,479
2026-01-05T09:17:00+00:00,2650.20,2650.27,2650.11,2650.22,274
2026-01-05T09:18:00+00:00,2650.22,2650.32,2650.16,2650.18,271
2026-01-05T09:19:00+00:00,2650.18,2650.26,2650.15,2650.22,48
2026-01-05T09:20:00+00:00,2650.22,2650.23,2650.09,2650.12,68
2026-01-05T09:21:00+00:00,2650.12,2650.23,2650.04,2650.19,218
2026-01-05T09:22:00+00:00,2650.19,2650.34,2650.15,2650.28,80
2026-01-05T09:23:00+00:00,2650.28,2650.35,2650.25,2650.30,412
2026-01-05T09:24:00+00:00,2650.30,2650.37,2650.21,2650.22,73
2026-01-05T09:25:00+00:00,2650.22,2650.38,2650.15,2650.36,300
2026-01-05T09:26:00+00:00,2650.36,2650.45,2650.34,2650.43,328
2026-01-05T09:27:00+00:00,2650.43,2650.74,2650.42,2650.64,153
2026-01-05T09:28:00+00:00,2650.64,2650.66,2650.33,2650.52,116
2026-01-05T09:29:00+00:00,2650.52,2650.57,2650.51,2650.56,581
2026-01-05T09:30:00+00:00,2650.56,2650.67,2650.51,2650.56,5
2026-01-05T09:31:00+00:00,2650.56,2650.64,2650.54,2650.61,150
2026-01-05T09:32:00+00:00,2650.61,2650.67,2650.37,2650.46,294
2026-01-05T09:33:00+00:00,2650.46,2650.59,2650.44,2650.52,72
2026-01-05T09:34:00+00:00,2650.52,2650.58,2650.51,2650.57,18
2026-01-05T09:35:00+00:00,2650.57,2650.60,2650.50,2650.54,106
2026-01-05T09:36:00+00:00,2650.54,2650.55,2650.27,2650.27,329
2026-01-05T09:37:00+00:00,2650.27,2650.37,2649.97,2650.06,99
2026-01-05T09:38:00+00:00,2650.06,2650.14,2650.03,2650.10,204
2026-01-05T09:39:00+00:00,2650.10,2650.12,2650.04,2650.05,64
2026-01-05T09:40:00+00:00,2650.05,2650.08,2649.76,2649.84,63
2026-01-05T09:41:00+00:00,2649.84,2650.17,2649.82,2650.13,297
2026-01-05T09:42:00+00:00,2650.13,2650.15,2650.02,2650.04,256
2026-01-05T09:43:00+00:00,2650.04,2650.16,2649.96,2650.12,165
2026-01-05T09:44:00+00:00,2650.12,2650.27,2650.02,2650.24,191
2026-01-05T09:45:00+00:00,2650.24,2650.26,2650.15,2650.24,309
2026-01-05T09:46:00+00:00,2650.24,2650.34,2650.21,2650.27,664
2026-01-05T09:47:00+00:00,2650.27,2650.29,2650.15,2650.23,203
2026-01-05T09:48:00+00:00,2650.23,2650.28,2650.09,2650.16,309
2026-01-05T09:49:00+00:00,2650.16,2650.46,2650.05,2650.36,303
2026-01-05T09:50:00+00:00,2650.36,2650.44,2650.16,2650.32,180
2026-01-05T09:51:00+00:00,2650.32,2650.32,2650.22,2650.24,166
2026-01-05T09:52:00+00:00,2650.24,2650.27,2650.15,2650.20,55
2026-01-05T09:53:00+00:00,2650.20,2650.26,2649.93,2649.94,139
2026-01-05T09:54:00+00:00,2649.94,2649.99,2649.85,2649.87,94
2026-01-05T09:55:00+00:00,2649.87,2649.92,2649.65,2649.74,45
2026-01-05T09:56:00+00:00,2649.74,2649.75,2649.70,2649.71,186
2026-01-05T09:57:00+00:00,2649.71,2649.71,2649.39,2649.44,372
2026-01-05T09:58:00+00:00,2649.44,2649.47,2649.31,2649.38,196
2026-01-05T09:59:00+00:00,2649.38,2649.42,2649.22,2649.32,80
2026-01-05T10:00:00+00:00,2649.32,2649.50,2649.25,2649.45,371
2026-01-05T10:01:00+00:00,2649.45,2649.56,2649.24,2649.28,367
2026-01-05T10:02:00+00:00,2649.28,2649.34,2649.18,2649.19,296
2026-01-05T10:03:00+00:00,2649.19,2649.19,2648.99,2648.99,31
2026-01-05T10:04:00+00:00,2648.99,2649.07,2648.99,2649.00,538
2026-01-05T10:05:00+00:00,2649.00,2649.03,2648.86,2648.98,119
2026-01-05T10:06:00+00:00,2648.98,2649.00,2648.88,2648.91,190
2026-01-05T10:07:00+00:00,2648.91,2649.07,2648.91,2649.04,3
2026-01-05T10:08:00+00:00,2649.04,2649.25,2648.90,2649.20,113
2026-01-05T10:09:00+00:00,2649.20,2649.24,2648.88,2648.93,583
2026-01-05T10:10:00+00:00,2648.93,2649.08,2648.92,2649.06,364
2026-01-05T10:11:00+00:00,2649.06,2649.34,2648.98,2649.25,24
2026-01-05T10:12:00+00:00,2649.25,2649.35,2649.05,2649.09,150
2026-01-05T10:13:00+00:00,2649.09,2649.13,2649.01,2649.12,142
2026-01-05T10:14:00+00:00,2649.12,2649.20,2649.07,2649.17,370
2026-01-05T10:15:00+00:00,2649.17,2649.19,2649.03,2649.16,602
2026-01-05T10:16:00+00:00,2649.16,2649.17,2648.85,2648.89,104
2026-01-05T10:17:00+00:00,2648.89,2649.17,2648.84,2649.02,243
2026-01-05T10:18:00+00:00,2649.02,2649.03,2648.98,2649.02,142
2026-01-05T10:19:00+00:00,2649.02,2649.24,2649.02,2649.23,164
2026-01-05T10:20:00+00:00,2649.23,2649.26,2649.20,2649.23,342
2026-01-05T10:21:00+00:00,2649.23,2649.34,2649.23,2649.28,807
2026-01-05T10:22:00+00:00,2649.28,2649.30,2649.04,2649.06,230
2026-01-05T10:23:00+00:00,2649.06,2649.23,2649.03,2649.11,84
2026-01-05T10:24:00+00:00,2649.11,2649.12,2648.97,2648.98,81
2026-01-05T10:25:00+00:00,2648.98,2649.14,2648.93,2649.10,709
2026-01-05T10:26:00+00:00,2649.10,2649.39,2649.10,2649.31,19
2026-01-05T10:27:00+00:00,2649.31,2649.42,2649.15,2649.16,251
2026-01-05T10:28:00+00:00,2649.16,2649.26,2649.10,2649.23,293
2026-01-05T10:29:00+00:00,2649.23,2649.28,2649.06,2649.17,342
2026-01-05T10:30:00+00:00,2649.17,2649.38,2649.06,2649.32,520
2026-01-05T10:31:00+00:00,2649.32,2649.33,2648.90,2648.90,262
2026-01-05T10:32:00+00:00,2648.90,2649.12,2648.89,2649.07,192
2026-01-05T10:33:00+00:00,2649.07,2649.20,2648.93,2648.95,101
2026-01-05T10:34:00+00:00,2648.95,2648.99,2648.76,2648.90,152
2026-01-05T10:35:00+00:00,2648.90,2649.11,2648.89,2649.09,642
2026-01-05T10:36:00+00:00,2649.09,2649.11,2649.02,2649.11,63
2026-01-05T10:37:00+00:00,2649.11,2649.25,2649.10,2649.23,412
2026-01-05T10:38:00+00:00,2649.23,2649.28,2649.23,2649.23,322
2026-01-05T10:39:00+00:00,2649.23,2649.43,2649.21,2649.32,295
2026-01-05T10:40:00+00:00,2649.32,2649.39,2649.24,2649.26,251
2026-01-05T10:41:00+00:00,2649.26,2649.28,2649.16,2649.22,37
2026-01-05T10:42:00+00:00,2649.22,2649.32,2649.18,2649.28,497
2026-01-05T10:43:00+00:00,2649.28,2649.40,2649.02,2649.02,346
2026-01-05T10:44:00+00:00,2649.02,2649.07,2648.80,2648.92,637
2026-01-05T10:45:00+00:00,2648.92,2648.92,2648.85,2648.87,1
2026-01-05T10:46:00+00:00,2648.87,2648.96,2648.65,2648.68,158
2026-01-05T10:47:00+00:00,2648.68,2648.84,2648.63,2648.63,298
2026-01-05T10:48:00+00:00,2648.63,2648.77,2648.54,2648.69,71
2026-01-05T10:49:00+00:00,2648.69,2648.73,2648.31,2648.36,136
2026-01-05T10:50:00+00:00,2648.36,2648.71,2648.27,2648.68,168
2026-01-05T10:51:00+00:00,2648.68,2648.91,2648.58,2648.69,26
2026-01-05T10:52:00+00:00,2648.69,2648.90,2648.66,2648.84,466
2026-01-05T10:53:00+00:00,2648.84,2648.98,2648.76,2648.91,286
2026-01-05T10:54:00+00:00,2648.91,2649.19,2648.81,2649.10,90
2026-01-05T10:55:00+00:00,2649.10,2649.32,2649.10,2649.31,323
2026-01-05T10:56:00+00:00,2649.31,2649.51,2649.23,2649.44,343
2026-01-05T10:57:00+00:00,2649.44,2649.57,2649.41,2649.46,211
2026-01-05T10:58:00+00:00,2649.46,2649.58,2649.27,2649.53,393
2026-01-05T10:59:00+00:00,2649.53,2649.67,2649.30,2649.37,346
2026-01-05T11:00:00+00:00,2649.37,2649.45,2649.28,2649.29,97
2026-01-05T11:01:00+00:00,2649.29,2649.44,2649.27,2649.30,336
2026-01-05T11:02:00+00:00,2649.30,2649.36,2649.08,2649.09,237
2026-01-05T11:03:00+00:00,2649.09,2649.41,2649.04,2649.33,81
2026-01-05T11:04:00+00:00,2649.33,2649.34,2649.20,2649.21,59
2026-01-05T11:05:00+00:00,2649.21,2649.23,2648.85,2649.01,318
2026-01-05T11:06:00+00:00,2649.01,2649.10,2648.98,2649.06,193
2026-01-05T11:07:00+00:00,2649.06,2649.22,2648.99,2649.05,58
2026-01-05T11:08:00+00:00,2649.05,2649.07,2648.81,2648.89,119
2026-01-05T11:09:00+00:00,2648.89,2649.00,2648.53,2648.59,227
2026-01-05T11:10:00+00:00,2648.59,2648.79,2648.49,2648.70,344
2026-01-05T11:11:00+00:00,2648.70,2648.83,2648.70,2648.81,386
2026-01-05T11:12:00+00:00,2648.81,2649.00,2648.73,2648.96,203
2026-01-05T11:13:00+00:00,2648.96,2649.05,2648.68,2648.74,546
2026-01-05T11:14:00+00:00,2648.74,2648.86,2648.40,2648.51,233
2026-01-05T11:15:00+00:00,2648.51,2648.56,2648.45,2648.47,308
2026-01-05T11:16:00+00:00,2648.47,2648.48,2648.32,2648.39,339
2026-01-05T11:17:00+00:00,2648.39,2648.45,2648.16,2648.28,65
2026-01-05T11:18:00+00:00,2648.28,2648.30,2648.12,2648.18,97
2026-01-05T11:19:00+00:00,2648.18,2648.32,2648.16,2648.22,41
2026-01-05T11:20:00+00:00,2648.22,2648.27,2648.11,2648.20,367
2026-01-05T11:21:00+00:00,2648.20,2648.28,2648.13,2648.22,559
2026-01-05T11:22:00+00:00,2648.22,2648.22,2648.02,2648.12,28
2026-01-05T11:23:00+00:00,2648.12,2648.28,2648.11,2648.19,72
2026-01-05T11:24:00+00:00,2648.19,2648.53,2648.19,2648.50,758
2026-01-05T11:25:00+00:00,2648.50,2648.56,2648.46,2648.51,326
2026-01-05T11:26:00+00:00,2648.51,2648.83,2648.38,2648.80,364
2026-01-05T11:27:00+00:00,2648.80,2648.88,2648.40,2648.56,619
2026-01-05T11:28:00+00:00,2648.56,2648.84,2648.41,2648.77,332
2026-01-05T11:29:00+00:00,2648.77,2648.78,2648.50,2648.52,501
2026-01-05T11:30:00+00:00,2648.52,2648.93,2648.43,2648.86,157
2026-01-05T11:31:00+00:00,2648.86,2648.86,2648.74,2648.78,680
2026-01-05T11:32:00+00:00,2648.78,2648.86,2648.55,2648.74,395
2026-01-05T11:33:00+00:00,2648.74,2648.87,2648.66,2648.81,160
2026-01-05T11:34:00+00:00,2648.81,2648.87,2648.45,2648.55,570
2026-01-05T11:35:00+00:00,2648.55,2648.59,2648.46,2648.59,778
2026-01-05T11:36:00+00:00,2648.59,2648.84,2648.51,2648.64,634
2026-01-05T11:37:00+00:00,2648.64,2648.96,2648.64,2648.87,254
2026-01-05T11:38:00+00:00,2648.87,2648.88,2648.73,2648.75,369
2026-01-05T11:39:00+00:00,2648.75,2648.83,2648.31,2648.49,139
2026-01-05T11:40:00+00:00,2648.49,2648.51,2648.17,2648.25,454
2026-01-05T11:41:00+00:00,2648.25,2648.81,2648.23,2648.56,210
2026-01-05T11:42:00+00:00,2648.56,2648.60,2648.38,2648.43,484
2026-01-05T11:43:00+00:00,2648.43,2648.47,2648.22,2648.25,90
2026-01-05T11:44:00+00:00,2648.25,2648.65,2648.22,2648.62,97
2026-01-05T11:45:00+00:00,2648.62,2648.83,2648.61,2648.80,810
2026-01-05T11:46:00+00:00,2648.80,2648.97,2648.68,2648.69,380
2026-01-05T11:47:00+00:00,2648.69,2648.83,2648.62,2648.78,420
2026-01-05T11:48:00+00:00,2648.78,2648.88,2648.49,2648.67,573
2026-01-05T11:49:00+00:00,2648.67,2648.96,2648.60,2648.88,152
2026-01-05T11:50:00+00:00,2648.88,2649.02,2648.80,2648.86,751
2026-01-05T11:51:00+00:00,2648.86,2648.91,2648.75,2648.76,12
2026-01-05T11:52:00+00:00,2648.76,2648.99,2648.66,2648.83,312
2026-01-05T11:53:00+00:00,2648.83,2649.03,2648.79,2649.00,421
2026-01-05T11:54:00+00:00,2649.00,2649.08,2648.72,2648.87,210
2026-01-05T11:55:00+00:00,2648.87,2649.20,2648.80,2649.07,202
2026-01-05T11:56:00+00:00,2649.07,2649.11,2649.00,2649.00,169
2026-01-05T11:57:00+00:00,2649.00,2649.31,2648.95,2649.27,156
2026-01-05T11:58:00+00:00,2649.27,2649.39,2649.05,2649.29,93
2026-01-05T11:59:00+00:00,2649.29,2649.73,2649.24,2649.63,287
2026-01-05T12:00:00+00:00,2649.63,2649.96,2649.42,2649.70,100
2026-01-05T12:01:00+00:00,2649.70,2649.92,2649.69,2649.88,80
2026-01-05T12:02:00+00:00,2649.88,2649.94,2649.80,2649.83,1060
2026-01-05T12:03:00+00:00,2649.83,2649.87,2649.81,2649.84,648
2026-01-05T12:04:00+00:00,2649.84,2649.99,2649.78,2649.98,224
2026-01-05T12:05:00+00:00,2649.98,2650.18,2649.95,2650.15,757
2026-01-05T12:06:00+00:00,2650.15,2650.25,2649.85,2649.87,530
2026-01-05T12:07:00+00:00,2649.87,2650.03,2649.72,2650.00,310
2026-01-05T12:08:00+00:00,2650.00,2650.11,2649.98,2650.05,831
2026-01-05T12:09:00+00:00,2650.05,2650.11,2649.97,2650.05,87
2026-01-05T12:10:00+00:00,2650.05,2650.08,2649.66,2649.86,100
2026-01-05T12:11:00+00:00,2649.86,2650.09,2649.86,2649.95,89
2026-01-05T12:12:00+00:00,2649.95,2649.99,2649.64,2649.67,429
2026-01-05T12:13:00+00:00,2649.67,2649.92,2649.65,2649.90,108
2026-01-05T12:14:00+00:00,2649.90,2650.01,2649.83,2649.89,232
2026-01-05T12:15:00+00:00,2649.89,2650.03,2649.82,2649.94,119
2026-01-05T12:16:00+00:00,2649.94,2650.19,2649.92,2650.03,440
2026-01-05T12:17:00+00:00,2650.03,2650.38,2649.99,2650.29,694
2026-01-05T12:18:00+00:00,2650.29,2650.45,2650.27,2650.33,102
2026-01-05T12:19:00+00:00,2650.33,2650.43,2650.31,2650.41,569
2026-01-05T12:20:00+00:00,2650.41,2650.49,2650.19,2650.19,14
2026-01-05T12:21:00+00:00,2650.19,2650.32,2650.18,2650.24,28
2026-01-05T12:22:00+00:00,2650.24,2650.31,2650.22,2650.23,312
2026-01-05T12:23:00+00:00,2650.23,2650.44,2650.17,2650.32,104
2026-01-05T12:24:00+00:00,2650.32,2650.60,2650.22,2650.54,214
2026-01-05T12:25:00+00:00,2650.54,2650.76,2649.81,2650.02,301
2026-01-05T12:26:00+00:00,2650.02,2650.30,2649.99,2650.24,119
2026-01-05T12:27:00+00:00,2650.24,2650.47,2650.15,2650.37,454
2026-01-05T12:28:00+00:00,2650.37,2650.54,2650.30,2650.48,329
2026-01-05T12:29:00+00:00,2650.48,2650.73,2650.02,2650.05,849
2026-01-05T12:30:00+00:00,2650.05,2650.22,2649.93,2650.18,144
2026-01-05T12:31:00+00:00,2650.18,2650.25,2649.95,2650.03,635
2026-01-05T12:32:00+00:00,2650.03,2650.07,2649.62,2649.67,28
2026-01-05T12:33:00+00:00,2649.67,2649.75,2649.19,2649.39,72
2026-01-05T12:34:00+00:00,2649.39,2649.54,2649.38,2649.43,20
2026-01-05T12:35:00+00:00,2649.43,2649.53,2649.43,2649.49,7
2026-01-05T12:36:00+00:00,2649.49,2649.69,2649.43,2649.56,388
2026-01-05T12:37:00+00:00,2649.56,2649.74,2649.47,2649.49,65
2026-01-05T12:38:00+00:00,2649.49,2649.83,2649.38,2649.67,95
2026-01-05T12:39:00+00:00,2649.67,2649.76,2649.38,2649.42,451
2026-01-05T12:40:00+00:00,2649.42,2649.65,2649.39,2649.53,499
2026-01-05T12:41:00+00:00,2649.53,2649.76,2649.32,2649.65,145
2026-01-05T12:42:00+00:00,2649.65,2649.81,2649.62,2649.66,4
2026-01-05T12:43:00+00:00,2649.66,2649.87,2649.47,2649.79,469
2026-01-05T12:44:00+00:00,2649.79,2650.24,2649.73,2649.98,625
2026-01-05T12:45:00+00:00,2649.98,2650.06,2649.84,2650.02,386
2026-01-05T12:46:00+00:00,2650.02,2650.14,2649.87,2650.05,199
2026-01-05T12:47:00+00:00,2650.05,2650.38,2649.89,2650.34,152
2026-01-05T12:48:00+00:00,2650.34,2650.49,2650.00,2650.18,9
2026-01-05T12:49:00+00:00,2650.18,2650.51,2650.08,2650.31,143
2026-01-05T12:50:00+00:00,2650.31,2650.36,2649.64,2649.88,465
2026-01-05T12:51:00+00:00,2649.88,2649.92,2649.67,2649.89,512
2026-01-05T12:52:00+00:00,2649.89,2649.93,2649.85,2649.92,112
2026-01-05T12:53:00+00:00,2649.92,2650.10,2649.71,2650.01,759
2026-01-05T12:54:00+00:00,2650.01,2650.22,2649.95,2650.13,135
2026-01-05T12:55:00+00:00,2650.13,2650.49,2650.08,2650.34,344
2026-01-05T12:56:00+00:00,2650.34,2650.35,2650.14,2650.17,209
2026-01-05T12:57:00+00:00,2650.17,2650.31,2650.00,2650.13,364
2026-01-05T12:58:00+00:00,2650.13,2650.16,2650.13,2650.16,351
2026-01-05T12:59:00+00:00,2650.16,2650.25,2649.86,2650.05,625
2026-01-05T13:00:00+00:00,2650.05,2650.36,2649.98,2650.25,1073
2026-01-05T13:01:00+00:00,2650.25,2650.36,2650.00,2650.10,1113
2026-01-05T13:02:00+00:00,2650.10,2650.19,2650.01,2650.13,497
2026-01-05T13:03:00+00:00,2650.13,2650.47,2650.08,2650.28,513
2026-01-05T13:04:00+00:00,2650.28,2650.57,2650.02,2650.16,39
2026-01-05T13:05:00+00:00,2650.16,2650.29,2649.91,2649.93,530
2026-01-05T13:06:00+00:00,2649.93,2650.20,2649.77,2650.03,753
2026-01-05T13:07:00+00:00,2650.03,2650.08,2649.95,2649.97,568
2026-01-05T13:08:00+00:00,2649.97,2649.98,2649.89,2649.90,433
2026-01-05T13:09:00+00:00,2649.90,2649.96,2649.55,2649.72,234
2026-01-05T13:10:00+00:00,2649.72,2649.72,2649.41,2649.42,60
2026-01-05T13:11:00+00:00,2649.42,2649.62,2649.38,2649.52,77
2026-01-05T13:12:00+00:00,2649.52,2650.03,2649.42,2649.98,864
2026-01-05T13:13:00+00:00,2649.98,2650.00,2649.74,2649.91,73
2026-01-05T13:14:00+00:00,2649.91,2650.03,2649.74,2649.84,272
2026-01-05T13:15:00+00:00,2649.84,2649.91,2649.70,2649.74,75
2026-01-05T13:16:00+00:00,2649.74,2649.77,2649.27,2649.32,340
2026-01-05T13:17:00+00:00,2649.32,2649.63,2649.00,2649.55,301
2026-01-05T13:18:00+00:00,2649.55,2649.96,2649.44,2649.79,613
2026-01-05T13:19:00+00:00,2649.79,2649.93,2649.73,2649.81,291
2026-01-05T13:20:00+00:00,2649.81,2649.92,2648.97,2649.28,1296
2026-01-05T13:21:00+00:00,2649.28,2649.67,2649.09,2649.55,768
2026-01-05T13:22:00+00:00,2649.55,2649.97,2649.45,2649.91,816
2026-01-05T13:23:00+00:00,2649.91,2650.18,2649.89,2650.08,23
2026-01-05T13:24:00+00:00,2650.08,2650.16,2649.86,2649.88,499
2026-01-05T13:25:00+00:00,2649.88,2650.12,2649.65,2649.66,413
2026-01-05T13:26:00+00:00,2649.66,2649.69,2649.32,2649.51,144
2026-01-05T13:27:00+00:00,2649.51,2649.89,2649.51,2649.73,264
2026-01-05T13:28:00+00:00,2649.73,2650.12,2649.64,2650.10,645
2026-01-05T13:29:00+00:00,2650.10,2650.45,2650.06,2650.25,544
2026-01-05T13:30:00+00:00,2650.25,2650.28,2649.93,2649.94,152
2026-01-05T13:31:00+00:00,2649.94,2649.95,2649.89,2649.94,402
2026-01-05T13:32:00+00:00,2649.94,2650.12,2649.60,2649.65,813
2026-01-05T13:33:00+00:00,2649.65,2649.70,2649.57,2649.69,154
2026-01-05T13:34:00+00:00,2649.69,2649.82,2649.44,2649.50,293
2026-01-05T13:35:00+00:00,2649.50,2649.62,2649.44,2649.57,34
2026-01-05T13:36:00+00:00,2649.57,2650.06,2649.50,2650.06,549
2026-01-05T13:37:00+00:00,2650.06,2650.49,2649.85,2650.25,376
2026-01-05T13:38:00+00:00,2650.25,2650.33,2649.83,2650.01,722
2026-01-05T13:39:00+00:00,2650.01,2650.06,2649.81,2649.92,279
2026-01-05T13:40:00+00:00,2649.92,2650.10,2649.89,2649.94,942
2026-01-05T13:41:00+00:00,2649.94,2650.39,2649.77,2650.12,192
2026-01-05T13:42:00+00:00,2650.12,2650.41,2649.49,2649.72,265
2026-01-05T13:43:00+00:00,2649.72,2649.79,2649.03,2649.23,1
2026-01-05T13:44:00+00:00,2649.23,2649.52,2649.22,2649.34,262
2026-01-05T13:45:00+00:00,2649.34,2649.48,2648.94,2649.19,239
2026-01-05T13:46:00+00:00,2649.19,2649.30,2648.95,2648.99,155
2026-01-05T13:47:00+00:00,2648.99,2649.24,2648.85,2649.15,1031
2026-01-05T13:48:00+00:00,2649.15,2649.21,2648.72,2648.84,401
2026-01-05T13:49:00+00:00,2648.84,2649.07,2648.63,2648.95,471
2026-01-05T13:50:00+00:00,2648.95,2648.99,2648.80,2648.84,98
2026-01-05T13:51:00+00:00,2648.84,2649.07,2648.69,2648.98,539
2026-01-05T13:52:00+00:00,2648.98,2649.13,2648.39,2648.43,689
2026-01-05T13:53:00+00:00,2648.43,2648.79,2648.21,2648.69,435
2026-01-05T13:54:00+00:00,2648.69,2648.96,2648.62,2648.82,541
2026-01-05T13:55:00+00:00,2648.82,2648.90,2648.66,2648.67,961
2026-01-05T13:56:00+00:00,2648.67,2648.75,2648.36,2648.57,241
2026-01-05T13:57:00+00:00,2648.57,2649.02,2648.39,2648.97,425
2026-01-05T13:58:00+00:00,2648.97,2649.07,2648.85,2649.01,411
2026-01-05T13:59:00+00:00,2649.01,2649.03,2648.87,2648.97,591
2026-01-05T14:00:00+00:00,2648.97,2649.22,2648.77,2649.14,996
2026-01-05T14:01:00+00:00,2649.14,2649.14,2648.93,2649.08,1296
2026-01-05T14:02:00+00:00,2649.08,2649.23,2649.01,2649.03,314
2026-01-05T14:03:00+00:00,2649.03,2649.30,2648.85,2649.10,348
2026-01-05T14:04:00+00:00,2649.10,2649.54,2649.06,2649.51,868
2026-01-05T14:05:00+00:00,2649.51,2649.90,2649.48,2649.80,210
2026-01-05T14:06:00+00:00,2649.80,2649.93,2649.37,2649.39,681
2026-01-05T14:07:00+00:00,2649.39,2649.56,2649.37,2649.45,531
2026-01-05T14:08:00+00:00,2649.45,2649.99,2649.40,2649.71,96
2026-01-05T14:09:00+00:00,2649.71,2649.88,2649.43,2649.70,369
2026-01-05T14:10:00+00:00,2649.70,2649.94,2649.38,2649.42,319
2026-01-05T14:11:00+00:00,2649.42,2649.80,2649.32,2649.78,775
2026-01-05T14:12:00+00:00,2649.78,2649.95,2649.73,2649.76,78
2026-01-05T14:13:00+00:00,2649.76,2649.88,2649.45,2649.47,103
2026-01-05T14:14:00+00:00,2649.47,2649.67,2649.28,2649.31,186
2026-01-05T14:15:00+00:00,2649.31,2649.39,2649.14,2649.27,443
2026-01-05T14:16:00+00:00,2649.27,2649.40,2649.18,2649.39,765
2026-01-05T14:17:00+00:00,2649.39,2649.79,2649.32,2649.73,537
2026-01-05T14:18:00+00:00,2649.73,2649.85,2649.57,2649.57,667
2026-01-05T14:19:00+00:00,2649.57,2649.85,2649.53,2649.69,623
2026-01-05T14:20:00+00:00,2649.69,2649.71,2648.80,2649.04,252
2026-01-05T14:21:00+00:00,2649.04,2649.07,2648.76,2648.77,54
2026-01-05T14:22:00+00:00,2648.77,2649.03,2648.46,2648.48,483
2026-01-05T14:23:00+00:00,2648.48,2648.89,2648.27,2648.76,463
2026-01-05T14:24:00+00:00,2648.76,2648.86,2648.72,2648.78,281
2026-01-05T14:25:00+00:00,2648.78,2648.96,2648.78,2648.90,403
2026-01-05T14:26:00+00:00,2648.90,2649.15,2648.61,2648.85,208
2026-01-05T14:27:00+00:00,2648.85,2649.53,2648.79,2649.52,89
2026-01-05T14:28:00+00:00,2649.52,2649.54,2649.45,2649.48,349
2026-01-05T14:29:00+00:00,2649.48,2649.54,2649.39,2649.44,90
2026-01-05T14:30:00+00:00,2649.44,2649.45,2649.11,2649.20,633
2026-01-05T14:31:00+00:00,2649.20,2649.47,2648.98,2649.44,749
2026-01-05T14:32:00+00:00,2649.44,2649.76,2649.36,2649.73,857
2026-01-05T14:33:00+00:00,2649.73,2649.82,2649.45,2649.66,340
2026-01-05T14:34:00+00:00,2649.66,2650.18,2649.60,2650.13,646
2026-01-05T14:35:00+00:00,2650.13,2650.46,2650.11,2650.28,142
2026-01-05T14:36:00+00:00,2650.28,2650.43,2649.89,2650.08,187
2026-01-05T14:37:00+00:00,2650.08,2650.14,2649.90,2650.11,736
2026-01-05T14:38:00+00:00,2650.11,2650.73,2650.10,2650.64,628
2026-01-05T14:39:00+00:00,2650.64,2650.65,2650.10,2650.25,662
2026-01-05T14:40:00+00:00,2650.25,2650.74,2650.25,2650.60,47
2026-01-05T14:41:00+00:00,2650.60,2650.67,2649.96,2650.10,87
2026-01-05T14:42:00+00:00,2650.10,2650.42,2650.07,2650.20,896
2026-01-05T14:43:00+00:00,2650.20,2650.41,2650.02,2650.10,911
2026-01-05T14:44:00+00:00,2650.10,2650.22,2649.53,2649.56,459
2026-01-05T14:45:00+00:00,2649.56,2649.70,2649.36,2649.43,129
2026-01-05T14:46:00+00:00,2649.43,2649.89,2649.42,2649.78,275
2026-01-05T14:47:00+00:00,2649.78,2650.04,2649.68,2649.99,498
2026-01-05T14:48:00+00:00,2649.99,2650.01,2649.76,2649.88,133
2026-01-05T14:49:00+00:00,2649.88,2649.97,2649.74,2649.80,611
2026-01-05T14:50:00+00:00,2649.80,2649.89,2649.45,2649.69,613
2026-01-05T14:51:00+00:00,2649.69,2649.75,2648.96,2648.96,451
2026-01-05T14:52:00+00:00,2648.96,2649.03,2648.80,2648.81,391
2026-01-05T14:53:00+00:00,2648.81,2649.10,2648.78,2649.04,143
2026-01-05T14:54:00+00:00,2649.04,2649.56,2649.03,2649.46,465
2026-01-05T14:55:00+00:00,2649.46,2649.60,2649.39,2649.51,607
2026-01-05T14:56:00+00:00,2649.51,2649.56,2649.51,2649.52,383
2026-01-05T14:57:00+00:00,2649.52,2649.68,2649.50,2649.67,681
2026-01-05T14:58:00+00:00,2649.67,2649.83,2649.28,2649.28,402
2026-01-05T14:59:00+00:00,2649.28,2649.67,2649.09,2649.62,282
2026-01-05T15:00:00+00:00,2649.62,2649.73,2649.49,2649.50,748
2026-01-05T15:01:00+00:00,2649.50,2649.65,2649.39,2649.49,314
2026-01-05T15:02:00+00:00,2649.49,2649.51,2649.33,2649.39,409
2026-01-05T15:03:00+00:00,2649.39,2649.65,2649.18,2649.34,246
2026-01-05T15:04:00+00:00,2649.34,2649.42,2649.23,2649.27,824
2026-01-05T15:05:00+00:00,2649.27,2649.48,2649.24,2649.43,371
2026-01-05T15:06:00+00:00,2649.43,2649.72,2649.38,2649.59,425
2026-01-05T15:07:00+00:00,2649.59,2649.91,2649.32,2649.34,141
2026-01-05T15:08:00+00:00,2649.34,2649.45,2649.20,2649.41,417
2026-01-05T15:09:00+00:00,2649.41,2649.58,2649.37,2649.49,655
2026-01-05T15:10:00+00:00,2649.49,2649.56,2649.25,2649.41,44
2026-01-05T15:11:00+00:00,2649.41,2649.81,2649.35,2649.59,263
2026-01-05T15:12:00+00:00,2649.59,2649.74,2649.28,2649.38,372
2026-01-05T15:13:00+00:00,2649.38,2649.50,2649.18,2649.20,64
2026-01-05T15:14:00+00:00,2649.20,2649.42,2648.95,2649.16,75
2026-01-05T15:15:00+00:00,2649.16,2649.24,2649.11,2649.19,77
2026-01-05T15:16:00+00:00,2649.19,2649.95,2649.09,2649.82,629
2026-01-05T15:17:00+00:00,2649.82,2649.88,2649.80,2649.82,869
2026-01-05T15:18:00+00:00,2649.82,2650.15,2649.54,2650.05,1174
2026-01-05T15:19:00+00:00,2650.05,2650.16,2649.94,2650.06,522
2026-01-05T15:20:00+00:00,2650.06,2650.13,2649.61,2649.74,519
2026-01-05T15:21:00+00:00,2649.74,2649.88,2649.68,2649.84,23
2026-01-05T15:22:00+00:00,2649.84,2649.95,2649.65,2649.94,985
2026-01-05T15:23:00+00:00,2649.94,2650.05,2649.90,2649.98,741
2026-01-05T15:24:00+00:00,2649.98,2650.26,2649.93,2650.08,300
2026-01-05T15:25:00+00:00,2650.08,2650.15,2649.70,2649.73,262
2026-01-05T15:26:00+00:00,2649.73,2650.05,2649.37,2649.46,404
2026-01-05T15:27:00+00:00,2649.46,2649.78,2649.20,2649.73,311
2026-01-05T15:28:00+00:00,2649.73,2649.84,2649.55,2649.67,512
2026-01-05T15:29:00+00:00,2649.67,2650.09,2649.65,2650.00,347
2026-01-05T15:30:00+00:00,2650.00,2650.06,2649.88,2649.99,815
2026-01-05T15:31:00+00:00,2649.99,2650.11,2649.74,2650.06,30
2026-01-05T15:32:00+00:00,2650.06,2650.11,2649.93,2650.08,476
2026-01-05T15:33:00+00:00,2650.08,2650.26,2650.02,2650.11,179
2026-01-05T15:34:00+00:00,2650.11,2650.15,2649.81,2649.92,134
2026-01-05T15:35:00+00:00,2649.92,2650.02,2649.63,2649.98,123
2026-01-05T15:36:00+00:00,2649.98,2650.10,2649.42,2649.55,89
2026-01-05T15:37:00+00:00,2649.55,2649.75,2649.04,2649.17,663
2026-01-05T15:38:00+00:00,2649.17,2649.77,2649.04,2649.57,142
2026-01-05T15:39:00+00:00,2649.57,2649.86,2649.40,2649.67,619
2026-01-05T15:40:00+00:00,2649.67,2649.70,2649.29,2649.58,236
2026-01-05T15:41:00+00:00,2649.58,2649.62,2649.18,2649.36,553
2026-01-05T15:42:00+00:00,2649.36,2649.64,2649.33,2649.55,154
2026-01-05T15:43:00+00:00,2649.55,2649.58,2649.38,2649.38,429
2026-01-05T15:44:00+00:00,2649.38,2649.78,2649.32,2649.59,1758
2026-01-05T15:45:00+00:00,2649.59,2649.60,2649.55,2649.56,789
2026-01-05T15:46:00+00:00,2649.56,2649.62,2648.90,2649.13,326
2026-01-05T15:47:00+00:00,2649.13,2649.37,2649.13,2649.27,594
2026-01-05T15:48:00+00:00,2649.27,2649.32,2649.02,2649.14,816
2026-01-05T15:49:00+00:00,2649.14,2649.32,2649.13,2649.26,520
2026-01-05T15:50:00+00:00,2649.26,2649.37,2649.01,2649.17,264
2026-01-05T15:51:00+00:00,2649.17,2649.60,2649.02,2649.50,123
2026-01-05T15:52:00+00:00,2649.50,2649.59,2648.83,2648.98,893
2026-01-05T15:53:00+00:00,2648.98,2649.05,2648.31,2648.40,389
2026-01-05T15:54:00+00:00,2648.40,2648.40,2648.36,2648.38,159
2026-01-05T15:55:00+00:00,2648.38,2648.39,2648.19,2648.24,999
2026-01-05T15:56:00+00:00,2648.24,2648.55,2648.15,2648.49,1220
2026-01-05T15:57:00+00:00,2648.49,2648.63,2648.44,2648.55,224
2026-01-05T15:58:00+00:00,2648.55,2648.60,2648.04,2648.27,61
2026-01-05T15:59:00+00:00,2648.27,2648.49,2648.24,2648.41,6
2026-01-05T16:00:00+00:00,2648.41,2648.61,2648.31,2648.46,323
2026-01-05T16:01:00+00:00,2648.46,2648.50,2648.15,2648.38,401
2026-01-05T16:02:00+00:00,2648.38,2648.55,2648.22,2648.48,300
2026-01-05T16:03:00+00:00,2648.48,2648.55,2648.23,2648.52,990
2026-01-05T16:04:00+00:00,2648.52,2648.74,2648.39,2648.53,823
2026-01-05T16:05:00+00:00,2648.53,2648.81,2648.52,2648.79,311
2026-01-05T16:06:00+00:00,2648.79,2649.17,2648.78,2649.09,236
2026-01-05T16:07:00+00:00,2649.09,2649.51,2649.04,2649.17,284
2026-01-05T16:08:00+00:00,2649.17,2649.41,2648.98,2649.11,674
2026-01-05T16:09:00+00:00,2649.11,2649.65,2649.08,2649.61,274
2026-01-05T16:10:00+00:00,2649.61,2649.92,2649.50,2649.79,963
2026-01-05T16:11:00+00:00,2649.79,2649.99,2649.77,2649.97,60
2026-01-05T16:12:00+00:00,2649.97,2650.14,2649.75,2649.85,486
2026-01-05T16:13:00+00:00,2649.85,2650.22,2649.38,2649.43,1168
2026-01-05T16:14:00+00:00,2649.43,2649.90,2649.31,2649.82,404
2026-01-05T16:15:00+00:00,2649.82,2649.94,2649.62,2649.62,74
2026-01-05T16:16:00+00:00,2649.62,2650.01,2649.56,2649.83,173
2026-01-05T16:17:00+00:00,2649.83,2649.90,2649.71,2649.88,839
2026-01-05T16:18:00+00:00,2649.88,2650.26,2649.87,2650.24,901
2026-01-05T16:19:00+00:00,2650.24,2650.46,2650.21,2650.32,690
2026-01-05T16:20:00+00:00,2650.32,2650.72,2650.07,2650.61,118
2026-01-05T16:21:00+00:00,2650.61,2650.74,2650.55,2650.60,428
2026-01-05T16:22:00+00:00,2650.60,2650.77,2650.42,2650.76,117
2026-01-05T16:23:00+00:00,2650.76,2650.90,2650.72,2650.75,536
2026-01-05T16:24:00+00:00,2650.75,2650.78,2650.48,2650.62,101
2026-01-05T16:25:00+00:00,2650.62,2651.25,2650.36,2651.05,613
2026-01-05T16:26:00+00:00,2651.05,2651.25,2650.81,2650.95,113
2026-01-05T16:27:00+00:00,2650.95,2650.99,2650.71,2650.83,379
2026-01-05T16:28:00+00:00,2650.83,2650.92,2650.65,2650.65,914
2026-01-05T16:29:00+00:00,2650.65,2650.73,2650.56,2650.61,337
2026-01-05T16:30:00+00:00,2650.61,2650.64,2650.33,2650.59,2
2026-01-05T16:31:00+00:00,2650.59,2650.66,2650.33,2650.37,164
2026-01-05T16:32:00+00:00,2650.37,2650.42,2650.27,2650.29,97
2026-01-05T16:33:00+00:00,2650.29,2650.67,2650.16,2650.54,19
2026-01-05T16:34:00+00:00,2650.54,2651.11,2650.43,2650.96,192
2026-01-05T16:35:00+00:00,2650.96,2651.01,2650.80,2650.86,971
2026-01-05T16:36:00+00:00,2650.86,2650.94,2650.78,2650.81,949
2026-01-05T16:37:00+00:00,2650.81,2650.87,2650.65,2650.66,950
2026-01-05T16:38:00+00:00,2650.66,2650.72,2650.40,2650.57,305
2026-01-05T16:39:00+00:00,2650.57,2651.37,2650.55,2651.19,729
2026-01-05T16:40:00+00:00,2651.19,2651.33,2650.59,2650.86,1275
2026-01-05T16:41:00+00:00,2650.86,2651.11,2650.64,2651.09,295
2026-01-05T16:42:00+00:00,2651.09,2651.38,2650.95,2651.36,96
2026-01-05T16:43:00+00:00,2651.36,2651.37,2651.19,2651.25,865
2026-01-05T16:44:00+00:00,2651.25,2651.43,2651.03,2651.17,110
2026-01-05T16:45:00+00:00,2651.17,2651.26,2650.83,2650.84,471
2026-01-05T16:46:00+00:00,2650.84,2651.01,2650.43,2650.58,107
2026-01-05T16:47:00+00:00,2650.58,2650.59,2650.33,2650.41,163
2026-01-05T16:48:00+00:00,2650.41,2650.72,2650.24,2650.52,497
2026-01-05T16:49:00+00:00,2650.52,2650.72,2650.38,2650.58,297
2026-01-05T16:50:00+00:00,2650.58,2650.66,2650.43,2650.43,103
2026-01-05T16:51:00+00:00,2650.43,2651.01,2650.42,2650.79,807
2026-01-05T16:52:00+00:00,2650.79,2651.09,2650.68,2651.05,110
2026-01-05T16:53:00+00:00,2651.05,2651.59,2650.98,2651.44,585
2026-01-05T16:54:00+00:00,2651.44,2651.44,2651.33,2651.40,19
2026-01-05T16:55:00+00:00,2651.40,2651.59,2651.22,2651.51,793
2026-01-05T16:56:00+00:00,2651.51,2652.19,2651.40,2652.14,1297
2026-01-05T16:57:00+00:00,2652.14,2652.18,2651.74,2651.94,256
2026-01-05T16:58:00+00:00,2651.94,2652.21,2651.90,2652.08,354
2026-01-05T16:59:00+00:00,2652.08,2652.26,2651.93,2652.20,391
2026-01-05T17:00:00+00:00,2652.20,2652.53,2652.13,2652.38,536
2026-01-05T17:01:00+00:00,2652.38,2652.69,2652.38,2652.63,337
2026-01-05T17:02:00+00:00,2652.63,2652.96,2652.58,2652.87,150
2026-01-05T17:03:00+00:00,2652.87,2652.87,2652.78,2652.82,319
2026-01-05T17:04:00+00:00,2652.82,2653.05,2652.64,2653.01,82
2026-01-05T17:05:00+00:00,2653.01,2653.13,2652.79,2652.93,310
2026-01-05T17:06:00+00:00,2652.93,2653.36,2652.90,2653.34,1089
2026-01-05T17:07:00+00:00,2653.34,2653.72,2653.30,2653.58,132
2026-01-05T17:08:00+00:00,2653.58,2653.61,2653.33,2653.36,317
2026-01-05T17:09:00+00:00,2653.36,2653.50,2652.85,2652.95,339
2026-01-05T17:10:00+00:00,2652.95,2653.33,2652.75,2653.30,201
2026-01-05T17:11:00+00:00,2653.30,2653.43,2653.00,2653.19,786
2026-01-05T17:12:00+00:00,2653.19,2653.48,2653.19,2653.46,1041
2026-01-05T17:13:00+00:00,2653.46,2653.54,2653.25,2653.35,196
2026-01-05T17:14:00+00:00,2653.35,2653.38,2653.30,2653.38,463
2026-01-05T17:15:00+00:00,2653.38,2653.67,2653.31,2653.66,730
2026-01-05T17:16:00+00:00,2653.66,2653.72,2653.59,2653.63,429
2026-01-05T17:17:00+00:00,2653.63,2653.65,2653.27,2653.47,120
2026-01-05T17:18:00+00:00,2653.47,2653.68,2653.40,2653.61,12
2026-01-05T17:19:00+00:00,2653.61,2653.62,2653.14,2653.42,299
2026-01-05T17:20:00+00:00,2653.42,2653.52,2653.31,2653.33,933
2026-01-05T17:21:00+00:00,2653.33,2653.40,2653.12,2653.15,406
2026-01-05T17:22:00+00:00,2653.15,2653.16,2652.78,2652.79,61
2026-01-05T17:23:00+00:00,2652.79,2652.81,2652.68,2652.71,267
2026-01-05T17:24:00+00:00,2652.71,2653.02,2652.66,2652.81,646
2026-01-05T17:25:00+00:00,2652.81,2652.94,2652.36,2652.50,378
2026-01-05T17:26:00+00:00,2652.50,2652.52,2652.22,2652.31,578
2026-01-05T17:27:00+00:00,2652.31,2652.33,2652.08,2652.26,377
2026-01-05T17:28:00+00:00,2652.26,2652.34,2652.18,2652.25,583
2026-01-05T17:29:00+00:00,2652.25,2652.54,2652.19,2652.47,613
2026-01-05T17:30:00+00:00,2652.47,2652.50,2652.28,2652.44,631
2026-01-05T17:31:00+00:00,2652.44,2652.53,2652.34,2652.40,380
2026-01-05T17:32:00+00:00,2652.40,2652.73,2652.39,2652.72,379
2026-01-05T17:33:00+00:00,2652.72,2652.88,2652.72,2652.76,921
2026-01-05T17:34:00+00:00,2652.76,2653.05,2652.61,2653.03,175
2026-01-05T17:35:00+00:00,2653.03,2653.17,2652.81,2652.96,142
2026-01-05T17:36:00+00:00,2652.96,2653.35,2652.93,2653.19,172
2026-01-05T17:37:00+00:00,2653.19,2653.29,2652.96,2653.16,158
2026-01-05T17:38:00+00:00,2653.16,2653.18,2652.80,2652.87,39
2026-01-05T17:39:00+00:00,2652.87,2652.94,2652.73,2652.85,745
2026-01-05T17:40:00+00:00,2652.85,2652.95,2652.48,2652.55,386
2026-01-05T17:41:00+00:00,2652.55,2652.85,2652.54,2652.67,101
2026-01-05T17:42:00+00:00,2652.67,2652.95,2652.65,2652.90,214
2026-01-05T17:43:00+00:00,2652.90,2653.21,2652.72,2653.02,59
2026-01-05T17:44:00+00:00,2653.02,2653.06,2652.48,2652.48,899
2026-01-05T17:45:00+00:00,2652.48,2652.51,2652.35,2652.39,23
2026-01-05T17:46:00+00:00,2652.39,2652.43,2652.09,2652.20,605
2026-01-05T17:47:00+00:00,2652.20,2652.25,2651.69,2651.91,773
2026-01-05T17:48:00+00:00,2651.91,2652.00,2651.53,2651.54,143
2026-01-05T17:49:00+00:00,2651.54,2651.77,2651.46,2651.46,620
2026-01-05T17:50:00+00:00,2651.46,2651.70,2651.43,2651.65,162
2026-01-05T17:51:00+00:00,2651.65,2651.70,2651.50,2651.65,640
2026-01-05T17:52:00+00:00,2651.65,2651.82,2651.53,2651.53,446
2026-01-05T17:53:00+00:00,2651.53,2651.80,2651.46,2651.71,719
2026-01-05T17:54:00+00:00,2651.71,2651.98,2651.71,2651.91,87
2026-01-05T17:55:00+00:00,2651.91,2652.07,2651.63,2652.06,288
2026-01-05T17:56:00+00:00,2652.06,2652.23,2652.06,2652.18,727
2026-01-05T17:57:00+00:00,2652.18,2652.47,2652.18,2652.46,841
2026-01-05T17:58:00+00:00,2652.46,2652.48,2652.41,2652.44,558
2026-01-05T17:59:00+00:00,2652.44,2652.47,2652.21,2652.32,552
2026-01-05T18:00:00+00:00,2652.32,2652.67,2652.28,2652.60,403
2026-01-05T18:01:00+00:00,2652.60,2652.75,2652.59,2652.73,366
2026-01-05T18:02:00+00:00,2652.73,2652.95,2652.65,2652.77,610
2026-01-05T18:03:00+00:00,2652.77,2652.88,2652.70,2652.82,473
2026-01-05T18:04:00+00:00,2652.82,2653.47,2652.72,2653.31,286
2026-01-05T18:05:00+00:00,2653.31,2653.36,2653.25,2653.26,242
2026-01-05T18:06:00+00:00,2653.26,2653.27,2652.63,2652.73,1031
2026-01-05T18:07:00+00:00,2652.73,2652.92,2652.72,2652.81,393
2026-01-05T18:08:00+00:00,2652.81,2653.19,2652.76,2653.11,501
2026-01-05T18:09:00+00:00,2653.11,2653.17,2652.96,2653.04,254
2026-01-05T18:10:00+00:00,2653.04,2653.05,2652.93,2653.04,79
2026-01-05T18:11:00+00:00,2653.04,2653.26,2653.01,2653.25,159
2026-01-05T18:12:00+00:00,2653.25,2653.61,2653.19,2653.46,348
2026-01-05T18:13:00+00:00,2653.46,2653.62,2653.36,2653.58,577
2026-01-05T18:14:00+00:00,2653.58,2653.70,2653.50,2653.52,603
2026-01-05T18:15:00+00:00,2653.52,2653.66,2653.28,2653.42,48
2026-01-05T18:16:00+00:00,2653.42,2653.48,2653.35,2653.41,113
2026-01-05T18:17:00+00:00,2653.41,2653.51,2653.26,2653.51,136
2026-01-05T18:18:00+00:00,2653.51,2653.60,2653.47,2653.55,255
2026-01-05T18:19:00+00:00,2653.55,2653.98,2653.52,2653.83,352
2026-01-05T18:20:00+00:00,2653.83,2653.97,2653.79,2653.87,327
2026-01-05T18:21:00+00:00,2653.87,2654.01,2653.72,2653.81,423
2026-01-05T18:22:00+00:00,2653.81,2653.93,2653.71,2653.87,524
2026-01-05T18:23:00+00:00,2653.87,2654.03,2653.84,2653.89,76
2026-01-05T18:24:00+00:00,2653.89,2653.98,2653.66,2653.88,356
2026-01-05T18:25:00+00:00,2653.88,2654.11,2653.77,2653.95,325
2026-01-05T18:26:00+00:00,2653.95,2654.36,2653.90,2654.35,74
2026-01-05T18:27:00+00:00,2654.35,2654.38,2653.95,2654.00,604
2026-01-05T18:28:00+00:00,2654.00,2654.13,2654.00,2654.13,50
2026-01-05T18:29:00+00:00,2654.13,2654.16,2653.79,2653.98,142
2026-01-05T18:30:00+00:00,2653.98,2654.16,2653.98,2654.01,150
2026-01-05T18:31:00+00:00,2654.01,2654.08,2653.87,2653.95,68
2026-01-05T18:32:00+00:00,2653.95,2654.01,2653.78,2653.83,97
2026-01-05T18:33:00+00:00,2653.83,2654.01,2653.63,2653.67,129
2026-01-05T18:34:00+00:00,2653.67,2653.81,2653.67,2653.73,337
2026-01-05T18:35:00+00:00,2653.73,2653.76,2653.70,2653.70,424
2026-01-05T18:36:00+00:00,2653.70,2653.79,2653.47,2653.54,370
2026-01-05T18:37:00+00:00,2653.54,2653.55,2653.20,2653.38,167
2026-01-05T18:38:00+00:00,2653.38,2653.50,2653.38,2653.49,25
2026-01-05T18:39:00+00:00,2653.49,2653.59,2653.37,2653.49,49
2026-01-05T18:40:00+00:00,2653.49,2653.51,2653.28,2653.40,411
2026-01-05T18:41:00+00:00,2653.40,2653.41,2653.16,2653.22,406
2026-01-05T18:42:00+00:00,2653.22,2653.25,2652.86,2652.87,558
2026-01-05T18:43:00+00:00,2652.87,2653.09,2652.81,2653.05,256
2026-01-05T18:44:00+00:00,2653.05,2653.10,2652.88,2652.93,224
2026-01-05T18:45:00+00:00,2652.93,2652.99,2652.60,2652.65,12
2026-01-05T18:46:00+00:00,2652.65,2652.66,2652.54,2652.56,58
2026-01-05T18:47:00+00:00,2652.56,2652.69,2652.52,2652.65,342
2026-01-05T18:48:00+00:00,2652.65,2652.66,2652.50,2652.54,422
2026-01-05T18:49:00+00:00,2652.54,2652.62,2652.49,2652.60,575
2026-01-05T18:50:00+00:00,2652.60,2652.65,2652.57,2652.60,846
2026-01-05T18:51:00+00:00,2652.60,2652.69,2652.40,2652.41,553
2026-01-05T18:52:00+00:00,2652.41,2652.55,2652.36,2652.54,320
2026-01-05T18:53:00+00:00,2652.54,2652.58,2652.37,2652.38,1
2026-01-05T18:54:00+00:00,2652.38,2652.43,2652.29,2652.35,211
2026-01-05T18:55:00+00:00,2652.35,2652.45,2652.24,2652.43,567
2026-01-05T18:56:00+00:00,2652.43,2652.49,2652.32,2652.46,320
2026-01-05T18:57:00+00:00,2652.46,2652.50,2652.11,2652.14,88
2026-01-05T18:58:00+00:00,2652.14,2652.20,2651.82,2651.86,94
2026-01-05T18:59:00+00:00,2651.86,2652.01,2651.74,2651.98,560
2026-01-05T19:00:00+00:00,2651.98,2652.15,2651.89,2652.11,266
2026-01-05T19:01:00+00:00,2652.11,2652.25,2652.03,2652.19,387
2026-01-05T19:02:00+00:00,2652.19,2652.32,2652.01,2652.04,228
2026-01-05T19:03:00+00:00,2652.04,2652.17,2651.89,2651.96,352
2026-01-05T19:04:00+00:00,2651.96,2652.06,2651.94,2652.06,87
2026-01-05T19:05:00+00:00,2652.06,2652.13,2651.92,2651.98,157
2026-01-05T19:06:00+00:00,2651.98,2652.07,2651.64,2651.74,129
2026-01-05T19:07:00+00:00,2651.74,2651.83,2651.71,2651.77,113
2026-01-05T19:08:00+00:00,2651.77,2651.80,2651.60,2651.73,338
2026-01-05T19:09:00+00:00,2651.73,2651.95,2651.61,2651.82,907
2026-01-05T19:10:00+00:00,2651.82,2651.92,2651.58,2651.62,308
2026-01-05T19:11:00+00:00,2651.62,2651.63,2651.47,2651.49,187
2026-01-05T19:12:00+00:00,2651.49,2651.54,2651.48,2651.51,268
2026-01-05T19:13:00+00:00,2651.51,2651.53,2651.36,2651.49,108
2026-01-05T19:14:00+00:00,2651.49,2651.61,2651.46,2651.56,163
2026-01-05T19:15:00+00:00,2651.56,2651.79,2651.49,2651.69,1
2026-01-05T19:16:00+00:00,2651.69,2651.74,2651.39,2651.44,336
2026-01-05T19:17:00+00:00,2651.44,2651.64,2651.39,2651.62,119
2026-01-05T19:18:00+00:00,2651.62,2651.64,2651.39,2651.44,291
2026-01-05T19:19:00+00:00,2651.44,2651.62,2651.41,2651.57,258
2026-01-05T19:20:00+00:00,2651.57,2651.84,2651.48,2651.83,182
2026-01-05T19:21:00+00:00,2651.83,2651.91,2651.73,2651.87,298
2026-01-05T19:22:00+00:00,2651.87,2651.93,2651.72,2651.77,427
2026-01-05T19:23:00+00:00,2651.77,2651.83,2651.67,2651.78,133
2026-01-05T19:24:00+00:00,2651.78,2651.90,2651.76,2651.86,1161
2026-01-05T19:25:00+00:00,2651.86,2651.97,2651.78,2651.91,86
2026-01-05T19:26:00+00:00,2651.91,2651.93,2651.68,2651.80,169
2026-01-05T19:27:00+00:00,2651.80,2651.93,2651.79,2651.91,139
2026-01-05T19:28:00+00:00,2651.91,2652.01,2651.73,2651.77,183
2026-01-05T19:29:00+00:00,2651.77,2651.92,2651.70,2651.86,65
2026-01-05T19:30:00+00:00,2651.86,2652.07,2651.82,2651.92,138
2026-01-05T19:31:00+00:00,2651.92,2651.94,2651.78,2651.79,58
2026-01-05T19:32:00+00:00,2651.79,2651.81,2651.70,2651.73,427
2026-01-05T19:33:00+00:00,2651.73,2651.85,2651.72,2651.80,122
2026-01-05T19:34:00+00:00,2651.80,2651.93,2651.79,2651.93,39
2026-01-05T19:35:00+00:00,2651.93,2652.05,2651.71,2651.81,52
2026-01-05T19:36:00+00:00,2651.81,2651.95,2651.70,2651.78,537
2026-01-05T19:37:00+00:00,2651.78,2651.84,2651.76,2651.80,452
2026-01-05T19:38:00+00:00,2651.80,2651.82,2651.46,2651.61,427
2026-01-05T19:39:00+00:00,2651.61,2651.75,2651.60,2651.68,88
2026-01-05T19:40:00+00:00,2651.68,2651.97,2651.58,2651.93,338
2026-01-05T19:41:00+00:00,2651.93,2651.93,2651.72,2651.82,429
2026-01-05T19:42:00+00:00,2651.82,2651.87,2651.68,2651.70,614
2026-01-05T19:43:00+00:00,2651.70,2651.78,2651.67,2651.73,396
2026-01-05T19:44:00+00:00,2651.73,2651.77,2651.45,2651.62,425
2026-01-05T19:45:00+00:00,2651.62,2651.84,2651.56,2651.80,280
2026-01-05T19:46:00+00:00,2651.80,2651.85,2651.76,2651.77,345
2026-01-05T19:47:00+00:00,2651.77,2651.88,2651.65,2651.75,91
2026-01-05T19:48:00+00:00,2651.75,2651.76,2651.56,2651.59,37
2026-01-05T19:49:00+00:00,2651.59,2651.59,2651.47,2651.52,230
2026-01-05T19:50:00+00:00,2651.52,2651.56,2651.50,2651.53,436
2026-01-05T19:51:00+00:00,2651.53,2651.79,2651.52,2651.74,199
2026-01-05T19:52:00+00:00,2651.74,2651.80,2651.54,2651.67,244
2026-01-05T19:53:00+00:00,2651.67,2651.81,2651.63,2651.76,186
2026-01-05T19:54:00+00:00,2651.76,2651.97,2651.72,2651.89,66
2026-01-05T19:55:00+00:00,2651.89,2652.03,2651.67,2651.76,384
2026-01-05T19:56:00+00:00,2651.76,2651.78,2651.73,2651.75,387
2026-01-05T19:57:00+00:00,2651.75,2651.84,2651.71,2651.83,430
2026-01-05T19:58:00+00:00,2651.83,2652.06,2651.77,2651.96,306
2026-01-05T19:59:00+00:00,2651.96,2652.10,2651.93,2652.03,294
2026-01-05T20:00:00+00:00,2652.03,2652.13,2651.74,2651.85,298
2026-01-05T20:01:00+00:00,2651.85,2651.93,2651.74,2651.76,89
2026-01-05T20:02:00+00:00,2651.76,2651.89,2651.71,2651.83,234
2026-01-05T20:03:00+00:00,2651.83,2651.90,2651.82,2651.90,489
2026-01-05T20:04:00+00:00,2651.90,2652.03,2651.79,2652.00,228
2026-01-05T20:05:00+00:00,2652.00,2652.15,2651.91,2652.12,387
2026-01-05T20:06:00+00:00,2652.12,2652.37,2652.09,2652.36,197
2026-01-05T20:07:00+00:00,2652.36,2652.44,2652.12,2652.22,97
2026-01-05T20:08:00+00:00,2652.22,2652.25,2652.11,2652.14,144
2026-01-05T20:09:00+00:00,2652.14,2652.20,2652.12,2652.17,583
2026-01-05T20:10:00+00:00,2652.17,2652.29,2651.78,2651.90,211
2026-01-05T20:11:00+00:00,2651.90,2652.03,2651.90,2651.94,192
2026-01-05T20:12:00+00:00,2651.94,2652.01,2651.93,2651.94,307
2026-01-05T20:13:00+00:00,2651.94,2652.02,2651.80,2651.84,195
2026-01-05T20:14:00+00:00,2651.84,2651.87,2651.73,2651.82,18
2026-01-05T20:15:00+00:00,2651.82,2651.85,2651.69,2651.72,635
2026-01-05T20:16:00+00:00,2651.72,2651.83,2651.63,2651.81,50
2026-01-05T20:17:00+00:00,2651.81,2652.02,2651.74,2651.90,43
2026-01-05T20:18:00+00:00,2651.90,2652.07,2651.74,2651.86,36
2026-01-05T20:19:00+00:00,2651.86,2651.92,2651.61,2651.68,65
2026-01-05T20:20:00+00:00,2651.68,2651.76,2651.48,2651.56,357
2026-01-05T20:21:00+00:00,2651.56,2651.62,2651.41,2651.50,49
2026-01-05T20:22:00+00:00,2651.50,2651.56,2651.33,2651.37,16
2026-01-05T20:23:00+00:00,2651.37,2651.44,2651.36,2651.41,46
2026-01-05T20:24:00+00:00,2651.41,2651.44,2651.36,2651.42,76
2026-01-05T20:25:00+00:00,2651.42,2651.66,2651.36,2651.62,354
2026-01-05T20:26:00+00:00,2651.62,2651.66,2651.60,2651.63,68
2026-01-05T20:27:00+00:00,2651.63,2651.66,2651.39,2651.45,9
2026-01-05T20:28:00+00:00,2651.45,2651.60,2651.35,2651.49,182
2026-01-05T20:29:00+00:00,2651.49,2651.58,2651.35,2651.40,528
2026-01-05T20:30:00+00:00,2651.40,2651.50,2651.37,2651.48,406
2026-01-05T20:31:00+00:00,2651.48,2651.58,2651.44,2651.48,149
2026-01-05T20:32:00+00:00,2651.48,2651.57,2651.44,2651.51,100
2026-01-05T20:33:00+00:00,2651.51,2651.52,2651.40,2651.49,30
2026-01-05T20:34:00+00:00,2651.49,2651.52,2651.30,2651.43,95
2026-01-05T20:35:00+00:00,2651.43,2651.49,2651.36,2651.38,4
2026-01-05T20:36:00+00:00,2651.38,2651.38,2651.29,2651.35,238
2026-01-05T20:37:00+00:00,2651.35,2651.44,2651.23,2651.42,302
2026-01-05T20:38:00+00:00,2651.42,2651.44,2651.13,2651.14,181
2026-01-05T20:39:00+00:00,2651.14,2651.28,2651.03,2651.24,495
2026-01-05T20:40:00+00:00,2651.24,2651.41,2651.20,2651.36,147
2026-01-05T20:41:00+00:00,2651.36,2651.59,2651.33,2651.56,248
2026-01-05T20:42:00+00:00,2651.56,2651.65,2651.39,2651.54,6
2026-01-05T20:43:00+00:00,2651.54,2651.59,2651.37,2651.44,222
2026-01-05T20:44:00+00:00,2651.44,2651.46,2651.30,2651.40,446
2026-01-05T20:45:00+00:00,2651.40,2651.49,2651.32,2651.33,322
2026-01-05T20:46:00+00:00,2651.33,2651.49,2651.32,2651.48,350
2026-01-05T20:47:00+00:00,2651.48,2651.71,2651.47,2651.55,381
2026-01-05T20:48:00+00:00,2651.55,2651.69,2651.52,2651.64,537
2026-01-05T20:49:00+00:00,2651.64,2651.64,2651.53,2651.55,222
2026-01-05T20:50:00+00:00,2651.55,2651.60,2651.26,2651.33,597
2026-01-05T20:51:00+00:00,2651.33,2651.47,2651.28,2651.40,438
2026-01-05T20:52:00+00:00,2651.40,2651.44,2651.24,2651.26,103
2026-01-05T20:53:00+00:00,2651.26,2651.42,2651.23,2651.37,260
2026-01-05T20:54:00+00:00,2651.37,2651.53,2651.26,2651.47,116
2026-01-05T20:55:00+00:00,2651.47,2651.50,2651.34,2651.42,22
2026-01-05T20:56:00+00:00,2651.42,2651.51,2651.34,2651.46,65
2026-01-05T20:57:00+00:00,2651.46,2651.49,2651.33,2651.37,273
2026-01-05T20:58:00+00:00,2651.37,2651.37,2651.27,2651.34,100
2026-01-05T20:59:00+00:00,2651.34,2651.40,2651.22,2651.23,236
2026-01-05T21:00:00+00:00,2651.23,2651.26,2651.19,2651.25,279
2026-01-05T21:01:00+00:00,2651.25,2651.31,2651.04,2651.20,237
2026-01-05T21:02:00+00:00,2651.20,2651.31,2651.15,2651.31,282
2026-01-05T21:03:00+00:00,2651.31,2651.41,2651.28,2651.34,212
2026-01-05T21:04:00+00:00,2651.34,2651.36,2651.25,2651.31,50
2026-01-05T21:05:00+00:00,2651.31,2651.42,2651.22,2651.39,384
2026-01-05T21:06:00+00:00,2651.39,2651.63,2651.37,2651.52,180
2026-01-05T21:07:00+00:00,2651.52,2651.74,2651.50,2651.60,60
2026-01-05T21:08:00+00:00,2651.60,2651.61,2651.49,2651.50,496
2026-01-05T21:09:00+00:00,2651.50,2651.54,2651.38,2651.43,268
2026-01-05T21:10:00+00:00,2651.43,2651.48,2651.35,2651.38,26
2026-01-05T21:11:00+00:00,2651.38,2651.41,2651.30,2651.36,62
2026-01-05T21:12:00+00:00,2651.36,2651.47,2651.27,2651.31,153
2026-01-05T21:13:00+00:00,2651.31,2651.42,2651.21,2651.22,86
2026-01-05T21:14:00+00:00,2651.22,2651.32,2651.10,2651.12,10
2026-01-05T21:15:00+00:00,2651.12,2651.16,2651.11,2651.14,362
2026-01-05T21:16:00+00:00,2651.14,2651.16,2651.13,2651.13,230
2026-01-05T21:17:00+00:00,2651.13,2651.16,2651.01,2651.03,72
2026-01-05T21:18:00+00:00,2651.03,2651.09,2650.99,2650.99,386
2026-01-05T21:19:00+00:00,2650.99,2651.03,2650.96,2651.03,135
2026-01-05T21:20:00+00:00,2651.03,2651.11,2650.91,2650.93,30
2026-01-05T21:21:00+00:00,2650.93,2651.00,2650.92,2650.96,145
2026-01-05T21:22:00+00:00,2650.96,2651.05,2650.92,2650.97,214
2026-01-05T21:23:00+00:00,2650.97,2650.98,2650.75,2650.77,82
2026-01-05T21:24:00+00:00,2650.77,2650.77,2650.57,2650.63,90
2026-01-05T21:25:00+00:00,2650.63,2650.66,2650.34,2650.38,428
2026-01-05T21:26:00+00:00,2650.38,2650.40,2650.27,2650.40,5
2026-01-05T21:27:00+00:00,2650.40,2650.45,2650.14,2650.16,169
2026-01-05T21:28:00+00:00,2650.16,2650.23,2650.15,2650.22,205
2026-01-05T21:29:00+00:00,2650.22,2650.40,2650.16,2650.34,132
2026-01-05T21:30:00+00:00,2650.34,2650.39,2650.27,2650.32,380
2026-01-05T21:31:00+00:00,2650.32,2650.36,2650.18,2650.19,2
2026-01-05T21:32:00+00:00,2650.19,2650.25,2650.12,2650.18,179
2026-01-05T21:33:00+00:00,2650.18,2650.28,2649.98,2650.06,48
2026-01-05T21:34:00+00:00,2650.06,2650.14,2650.02,2650.13,208
2026-01-05T21:35:00+00:00,2650.13,2650.29,2650.05,2650.19,399
2026-01-05T21:36:00+00:00,2650.19,2650.38,2650.15,2650.38,1
2026-01-05T21:37:00+00:00,2650.38,2650.39,2650.22,2650.27,2
2026-01-05T21:38:00+00:00,2650.27,2650.36,2650.26,2650.33,431
2026-01-05T21:39:00+00:00,2650.33,2650.35,2650.29,2650.32,137
2026-01-05T21:40:00+00:00,2650.32,2650.34,2650.18,2650.22,125
2026-01-05T21:41:00+00:00,2650.22,2650.24,2650.06,2650.13,4
2026-01-05T21:42:00+00:00,2650.13,2650.15,2649.95,2650.04,188
2026-01-05T21:43:00+00:00,2650.04,2650.26,2649.95,2650.18,81
2026-01-05T21:44:00+00:00,2650.18,2650.46,2650.12,2650.45,151
2026-01-05T21:45:00+00:00,2650.45,2650.47,2650.10,2650.16,120
2026-01-05T21:46:00+00:00,2650.16,2650.29,2650.14,2650.27,207
2026-01-05T21:47:00+00:00,2650.27,2650.37,2650.13,2650.33,496
2026-01-05T21:48:00+00:00,2650.33,2650.35,2650.28,2650.31,170
2026-01-05T21:49:00+00:00,2650.31,2650.33,2650.06,2650.09,381
2026-01-05T21:50:00+00:00,2650.09,2650.16,2650.07,2650.10,334
2026-01-05T21:51:00+00:00,2650.10,2650.17,2650.05,2650.08,268
2026-01-05T21:52:00+00:00,2650.08,2650.24,2650.04,2650.17,119
2026-01-05T21:53:00+00:00,2650.17,2650.29,2650.17,2650.27,319
2026-01-05T21:54:00+00:00,2650.27,2650.36,2649.92,2649.99,219
2026-01-05T21:55:00+00:00,2649.99,2650.06,2649.86,2649.89,89
2026-01-05T21:56:00+00:00,2649.89,2650.17,2649.85,2650.08,20
2026-01-05T21:57:00+00:00,2650.08,2650.09,2649.99,2650.01,395
2026-01-05T21:58:00+00:00,2650.01,2650.19,2649.90,2650.08,343
2026-01-05T21:59:00+00:00,2650.08,2650.14,2649.98,2649.99,108
2026-01-05T22:00:00+00:00,2649.99,2650.15,2649.96,2650.13,337
2026-01-05T22:01:00+00:00,2650.13,2650.15,2650.12,2650.14,9
2026-01-05T22:02:00+00:00,2650.14,2650.22,2650.09,2650.20,165
2026-01-05T22:03:00+00:00,2650.20,2650.23,2650.16,2650.16,11
2026-01-05T22:04:00+00:00,2650.16,2650.20,2650.13,2650.17,62
2026-01-05T22:05:00+00:00,2650.17,2650.33,2650.13,2650.30,85
2026-01-05T22:06:00+00:00,2650.30,2650.31,2650.08,2650.25,231
2026-01-05T22:07:00+00:00,2650.25,2650.27,2650.16,2650.18,495
2026-01-05T22:08:00+00:00,2650.18,2650.22,2649.95,2650.02,176
2026-01-05T22:09:00+00:00,2650.02,2650.07,2649.99,2650.06,107
2026-01-05T22:10:00+00:00,2650.06,2650.14,2650.02,2650.13,268
2026-01-05T22:11:00+00:00,2650.13,2650.15,2649.77,2649.87,183
2026-01-05T22:12:00+00:00,2649.87,2649.94,2649.86,2649.89,14
2026-01-05T22:13:00+00:00,2649.89,2649.93,2649.83,2649.87,40
2026-01-05T22:14:00+00:00,2649.87,2649.90,2649.82,2649.84,30
2026-01-05T22:15:00+00:00,2649.84,2649.88,2649.53,2649.59,62
2026-01-05T22:16:00+00:00,2649.59,2649.65,2649.36,2649.45,115
2026-01-05T22:17:00+00:00,2649.45,2649.51,2649.28,2649.31,162
2026-01-05T22:18:00+00:00,2649.31,2649.60,2649.24,2649.56,129
2026-01-05T22:19:00+00:00,2649.56,2649.68,2649.39,2649.43,432
2026-01-05T22:20:00+00:00,2649.43,2649.47,2649.42,2649.47,206
2026-01-05T22:21:00+00:00,2649.47,2649.53,2649.37,2649.38,105
2026-01-05T22:22:00+00:00,2649.38,2649.46,2649.26,2649.44,352
2026-01-05T22:23:00+00:00,2649.44,2649.50,2649.39,2649.43,289
2026-01-05T22:24:00+00:00,2649.43,2649.45,2649.25,2649.31,179
2026-01-05T22:25:00+00:00,2649.31,2649.47,2649.27,2649.46,278
2026-01-05T22:26:00+00:00,2649.46,2649.49,2649.44,2649.47,159
2026-01-05T22:27:00+00:00,2649.47,2649.67,2649.41,2649.56,93
2026-01-05T22:28:00+00:00,2649.56,2649.60,2649.56,2649.57,72
2026-01-05T22:29:00+00:00,2649.57,2649.61,2649.51,2649.54,206
2026-01-05T22:30:00+00:00,2649.54,2649.66,2649.45,2649.66,104
2026-01-05T22:31:00+00:00,2649.66,2649.66,2649.54,2649.55,1
2026-01-05T22:32:00+00:00,2649.55,2649.65,2649.49,2649.63,131
2026-01-05T22:33:00+00:00,2649.63,2649.64,2649.58,2649.61,102
2026-01-05T22:34:00+00:00,2649.61,2649.63,2649.50,2649.55,228
2026-01-05T22:35:00+00:00,2649.55,2649.57,2649.50,2649.55,148
2026-01-05T22:36:00+00:00,2649.55,2649.71,2649.52,2649.68,422
2026-01-05T22:37:00+00:00,2649.68,2649.84,2649.55,2649.79,29
2026-01-05T22:38:00+00:00,2649.79,2649.83,2649.59,2649.64,435
2026-01-05T22:39:00+00:00,2649.64,2649.71,2649.57,2649.69,241
2026-01-05T22:40:00+00:00,2649.69,2649.70,2649.56,2649.70,252
2026-01-05T22:41:00+00:00,2649.70,2649.71,2649.62,2649.64,427
2026-01-05T22:42:00+00:00,2649.64,2649.77,2649.59,2649.76,217
2026-01-05T22:43:00+00:00,2649.76,2649.78,2649.74,2649.75,10
2026-01-05T22:44:00+00:00,2649.75,2649.84,2649.67,2649.83,294
2026-01-05T22:45:00+00:00,2649.83,2650.00,2649.83,2649.84,80
2026-01-05T22:46:00+00:00,2649.84,2649.90,2649.82,2649.87,181
2026-01-05T22:47:00+00:00,2649.87,2649.87,2649.66,2649.72,3
2026-01-05T22:48:00+00:00,2649.72,2649.74,2649.53,2649.54,368
2026-01-05T22:49:00+00:00,2649.54,2649.64,2649.47,2649.48,303
2026-01-05T22:50:00+00:00,2649.48,2649.49,2649.29,2649.32,116
2026-01-05T22:51:00+00:00,2649.32,2649.35,2649.27,2649.28,7
2026-01-05T22:52:00+00:00,2649.28,2649.30,2649.27,2649.30,400
2026-01-05T22:53:00+00:00,2649.30,2649.44,2649.26,2649.42,246
2026-01-05T22:54:00+00:00,2649.42,2649.46,2649.33,2649.40,45
2026-01-05T22:55:00+00:00,2649.40,2649.58,2649.26,2649.53,64
2026-01-05T22:56:00+00:00,2649.53,2649.56,2649.43,2649.45,203
2026-01-05T22:57:00+00:00,2649.45,2649.47,2649.36,2649.40,26
2026-01-05T22:58:00+00:00,2649.40,2649.64,2649.35,2649.61,103
2026-01-05T22:59:00+00:00,2649.61,2649.68,2649.57,2649.64,422
2026-01-05T23:00:00+00:00,2649.64,2649.75,2649.64,2649.70,29
2026-01-05T23:01:00+00:00,2649.70,2649.73,2649.66,2649.71,59
2026-01-05T23:02:00+00:00,2649.71,2649.73,2649.62,2649.67,305
2026-01-05T23:03:00+00:00,2649.67,2649.79,2649.65,2649.73,2
2026-01-05T23:04:00+00:00,2649.73,2649.74,2649.63,2649.69,310
2026-01-05T23:05:00+00:00,2649.69,2649.74,2649.60,2649.63,560
2026-01-05T23:06:00+00:00,2649.63,2649.67,2649.57,2649.61,246
2026-01-05T23:07:00+00:00,2649.61,2649.61,2649.50,2649.56,55
2026-01-05T23:08:00+00:00,2649.56,2649.63,2649.56,2649.61,156
2026-01-05T23:09:00+00:00,2649.61,2649.87,2649.56,2649.74,234
2026-01-05T23:10:00+00:00,2649.74,2649.83,2649.70,2649.80,209
2026-01-05T23:11:00+00:00,2649.80,2649.81,2649.72,2649.75,203
2026-01-05T23:12:00+00:00,2649.75,2649.89,2649.70,2649.83,31
2026-01-05T23:13:00+00:00,2649.83,2649.88,2649.81,2649.85,97
2026-01-05T23:14:00+00:00,2649.85,2650.18,2649.85,2650.12,36
2026-01-05T23:15:00+00:00,2650.12,2650.25,2649.87,2649.97,397
2026-01-05T23:16:00+00:00,2649.97,2650.08,2649.96,2650.08,9
2026-01-05T23:17:00+00:00,2650.08,2650.26,2650.06,2650.16,26
2026-01-05T23:18:00+00:00,2650.16,2650.18,2650.02,2650.04,333
2026-01-05T23:19:00+00:00,2650.04,2650.08,2649.95,2649.97,475
2026-01-05T23:20:00+00:00,2649.97,2650.29,2649.96,2650.16,109
2026-01-05T23:21:00+00:00,2650.16,2650.20,2650.09,2650.14,115
2026-01-05T23:22:00+00:00,2650.14,2650.26,2650.11,2650.23,171
2026-01-05T23:23:00+00:00,2650.23,2650.31,2650.11,2650.18,234
2026-01-05T23:24:00+00:00,2650.18,2650.30,2650.03,2650.23,325
2026-01-05T23:25:00+00:00,2650.23,2650.45,2650.21,2650.36,165
2026-01-05T23:26:00+00:00,2650.36,2650.37,2650.29,2650.32,119
2026-01-05T23:27:00+00:00,2650.32,2650.42,2650.31,2650.33,12
2026-01-05T23:28:00+00:00,2650.33,2650.35,2650.33,2650.35,133
2026-01-05T23:29:00+00:00,2650.35,2650.41,2650.29,2650.40,11
2026-01-05T23:30:00+00:00,2650.40,2650.51,2650.30,2650.35,237
2026-01-05T23:31:00+00:00,2650.35,2650.41,2650.29,2650.38,139
2026-01-05T23:32:00+00:00,2650.38,2650.44,2650.37,2650.40,4
2026-01-05T23:33:00+00:00,2650.40,2650.49,2650.38,2650.49,118
2026-01-05T23:34:00+00:00,2650.49,2650.52,2650.27,2650.37,128
2026-01-05T23:35:00+00:00,2650.37,2650.41,2650.34,2650.39,106
2026-01-05T23:36:00+00:00,2650.39,2650.49,2650.29,2650.31,121
2026-01-05T23:37:00+00:00,2650.31,2650.35,2650.15,2650.32,201
2026-01-05T23:38:00+00:00,2650.32,2650.47,2650.24,2650.41,10
2026-01-05T23:39:00+00:00,2650.41,2650.44,2650.28,2650.29,296
2026-01-05T23:40:00+00:00,2650.29,2650.39,2650.23,2650.37,286
2026-01-05T23:41:00+00:00,2650.37,2650.44,2650.11,2650.16,206
2026-01-05T23:42:00+00:00,2650.16,2650.20,2650.11,2650.18,35
2026-01-05T23:43:00+00:00,2650.18,2650.23,2650.03,2650.06,22
2026-01-05T23:44:00+00:00,2650.06,2650.34,2650.00,2650.21,58
2026-01-05T23:45:00+00:00,2650.21,2650.24,2650.07,2650.12,304
2026-01-05T23:46:00+00:00,2650.12,2650.26,2649.96,2649.97,245
2026-01-05T23:47:00+00:00,2649.97,2650.06,2649.95,2650.00,138
2026-01-05T23:48:00+00:00,2650.00,2650.05,2649.83,2649.87,110
2026-01-05T23:49:00+00:00,2649.87,2649.92,2649.75,2649.80,133
2026-01-05T23:50:00+00:00,2649.80,2650.00,2649.76,2649.93,56
2026-01-05T23:51:00+00:00,2649.93,2650.04,2649.83,2650.03,66
2026-01-05T23:52:00+00:00,2650.03,2650.20,2650.02,2650.17,290
2026-01-05T23:53:00+00:00,2650.17,2650.26,2650.12,2650.12,22
2026-01-05T23:54:00+00:00,2650.12,2650.16,2650.12,2650.15,153
2026-01-05T23:55:00+00:00,2650.15,2650.20,2649.94,2650.06,97
2026-01-05T23:56:00+00:00,2650.06,2650.07,2649.75,2649.78,9
2026-01-05T23:57:00+00:00,2649.78,2649.81,2649.65,2649.66,7
2026-01-05T23:58:00+00:00,2649.66,2649.86,2649.65,2649.82,38
2026-01-05T23:59:00+00:00,2649.82,2649.94,2649.74,2649.92,300
2026-01-06T00:00:00+00:00,2649.92,2650.04,2649.82,2649.87,266
2026-01-06T00:01:00+00:00,2649.87,2649.91,2649.86,2649.90,30
2026-01-06T00:02:00+00:00,2649.90,2649.95,2649.88,2649.93,98
2026-01-06T00:03:00+00:00,2649.93,2650.07,2649.92,2649.99,189
2026-01-06T00:04:00+00:00,2649.99,2650.14,2649.99,2650.08,59
2026-01-06T00:05:00+00:00,2650.08,2650.11,2650.03,2650.07,97
2026-01-06T00:06:00+00:00,2650.07,2650.26,2650.01,2650.25,84
2026-01-06T00:07:00+00:00,2650.25,2650.25,2650.02,2650.03,366
2026-01-06T00:08:00+00:00,2650.03,2650.07,2649.91,2650.03,228
2026-01-06T00:09:00+00:00,2650.03,2650.04,2649.81,2649.83,123
2026-01-06T00:10:00+00:00,2649.83,2649.86,2649.64,2649.73,23
2026-01-06T00:11:00+00:00,2649.73,2649.81,2649.63,2649.72,228
2026-01-06T00:12:00+00:00,2649.72,2649.79,2649.68,2649.77,7
2026-01-06T00:13:00+00:00,2649.77,2649.87,2649.61,2649.63,456
2026-01-06T00:14:00+00:00,2649.63,2649.83,2649.58,2649.79,246
2026-01-06T00:15:00+00:00,2649.79,2649.94,2649.75,2649.85,304
2026-01-06T00:16:00+00:00,2649.85,2649.98,2649.79,2649.79,368
2026-01-06T00:17:00+00:00,2649.79,2649.84,2649.46,2649.51,163
2026-01-06T00:18:00+00:00,2649.51,2649.56,2649.41,2649.55,53
2026-01-06T00:19:00+00:00,2649.55,2649.61,2649.42,2649.46,1
2026-01-06T00:20:00+00:00,2649.46,2649.48,2649.30,2649.34,37
2026-01-06T00:21:00+00:00,2649.34,2649.40,2649.31,2649.39,211
2026-01-06T00:22:00+00:00,2649.39,2649.63,2649.31,2649.59,154
2026-01-06T00:23:00+00:00,2649.59,2649.60,2649.58,2649.60,160
2026-01-06T00:24:00+00:00,2649.60,2649.73,2649.56,2649.73,181
2026-01-06T00:25:00+00:00,2649.73,2649.74,2649.68,2649.70,223
2026-01-06T00:26:00+00:00,2649.70,2649.81,2649.65,2649.67,117
2026-01-06T00:27:00+00:00,2649.67,2649.93,2649.57,2649.84,455
2026-01-06T00:28:00+00:00,2649.84,2649.94,2649.82,2649.90,168
2026-01-06T00:29:00+00:00,2649.90,2650.12,2649.84,2650.06,184
2026-01-06T00:30:00+00:00,2650.06,2650.11,2650.06,2650.10,137
2026-01-06T00:31:00+00:00,2650.10,2650.10,2650.01,2650.07,28
2026-01-06T00:32:00+00:00,2650.07,2650.12,2650.05,2650.10,156
2026-01-06T00:33:00+00:00,2650.10,2650.18,2650.09,2650.16,168
2026-01-06T00:34:00+00:00,2650.16,2650.21,2650.11,2650.16,177
2026-01-06T00:35:00+00:00,2650.16,2650.18,2650.13,2650.17,21
2026-01-06T00:36:00+00:00,2650.17,2650.37,2650.11,2650.35,6
2026-01-06T00:37:00+00:00,2650.35,2650.62,2650.31,2650.56,20
2026-01-06T00:38:00+00:00,2650.56,2650.85,2650.52,2650.74,145
2026-01-06T00:39:00+00:00,2650.74,2651.01,2650.73,2651.00,234
2026-01-06T00:40:00+00:00,2651.00,2651.21,2650.86,2651.11,148
2026-01-06T00:41:00+00:00,2651.11,2651.18,2650.90,2650.91,221
2026-01-06T00:42:00+00:00,2650.91,2650.98,2650.88,2650.91,27
2026-01-06T00:43:00+00:00,2650.91,2650.91,2650.85,2650.86,375
2026-01-06T00:44:00+00:00,2650.86,2650.88,2650.62,2650.67,120
2026-01-06T00:45:00+00:00,2650.67,2650.72,2650.64,2650.69,186
2026-01-06T00:46:00+00:00,2650.69,2650.81,2650.63,2650.65,420
2026-01-06T00:47:00+00:00,2650.65,2650.74,2650.58,2650.69,80
2026-01-06T00:48:00+00:00,2650.69,2650.70,2650.47,2650.55,347
2026-01-06T00:49:00+00:00,2650.55,2650.72,2650.43,2650.64,270
2026-01-06T00:50:00+00:00,2650.64,2650.69,2650.52,2650.63,223
2026-01-06T00:51:00+00:00,2650.63,2650.71,2650.57,2650.61,366
2026-01-06T00:52:00+00:00,2650.61,2650.64,2650.54,2650.55,118
2026-01-06T00:53:00+00:00,2650.55,2650.63,2650.48,2650.61,104
2026-01-06T00:54:00+00:00,2650.61,2650.66,2650.45,2650.50,60
2026-01-06T00:55:00+00:00,2650.50,2650.53,2650.49,2650.50,213
2026-01-06T00:56:00+00:00,2650.50,2650.59,2650.39,2650.47,266
2026-01-06T00:57:00+00:00,2650.47,2650.59,2650.37,2650.58,53
2026-01-06T00:58:00+00:00,2650.58,2650.73,2650.55,2650.66,317
2026-01-06T00:59:00+00:00,2650.66,2650.70,2650.64,2650.67,279
2026-01-06T01:00:00+00:00,2650.67,2650.73,2650.66,2650.70,82
2026-01-06T01:01:00+00:00,2650.70,2650.77,2650.63,2650.65,326
2026-01-06T01:02:00+00:00,2650.65,2650.89,2650.60,2650.84,76
2026-01-06T01:03:00+00:00,2650.84,2650.92,2650.61,2650.61,479
2026-01-06T01:04:00+00:00,2650.61,2650.63,2650.44,2650.48,58
2026-01-06T01:05:00+00:00,2650.48,2650.55,2650.46,2650.50,210
2026-01-06T01:06:00+00:00,2650.50,2650.62,2650.46,2650.61,81
2026-01-06T01:07:00+00:00,2650.61,2650.64,2650.48,2650.49,155
2026-01-06T01:08:00+00:00,2650.49,2650.60,2650.37,2650.37,96
2026-01-06T01:09:00+00:00,2650.37,2650.47,2650.20,2650.29,36
2026-01-06T01:10:00+00:00,2650.29,2650.31,2650.09,2650.13,19
2026-01-06T01:11:00+00:00,2650.13,2650.20,2650.05,2650.15,505
2026-01-06T01:12:00+00:00,2650.15,2650.27,2650.08,2650.24,313
2026-01-06T01:13:00+00:00,2650.24,2650.37,2650.17,2650.28,393
2026-01-06T01:14:00+00:00,2650.28,2650.36,2650.23,2650.27,144
2026-01-06T01:15:00+00:00,2650.27,2650.35,2650.08,2650.10,226
2026-01-06T01:16:00+00:00,2650.10,2650.22,2650.07,2650.14,192
2026-01-06T01:17:00+00:00,2650.14,2650.38,2650.13,2650.34,7
2026-01-06T01:18:00+00:00,2650.34,2650.34,2650.24,2650.24,216
2026-01-06T01:19:00+00:00,2650.24,2650.26,2650.20,2650.23,51
2026-01-06T01:20:00+00:00,2650.23,2650.39,2650.17,2650.31,315
2026-01-06T01:21:00+00:00,2650.31,2650.39,2650.28,2650.38,41
2026-01-06T01:22:00+00:00,2650.38,2650.39,2650.11,2650.17,181
2026-01-06T01:23:00+00:00,2650.17,2650.26,2650.11,2650.22,318
2026-01-06T01:24:00+00:00,2650.22,2650.27,2650.12,2650.15,287
2026-01-06T01:25:00+00:00,2650.15,2650.25,2650.10,2650.22,106
2026-01-06T01:26:00+00:00,2650.22,2650.39,2650.16,2650.38,668
2026-01-06T01:27:00+00:00,2650.38,2650.43,2650.34,2650.35,8
2026-01-06T01:28:00+00:00,2650.35,2650.35,2650.24,2650.32,147
2026-01-06T01:29:00+00:00,2650.32,2650.41,2650.21,2650.21,13
2026-01-06T01:30:00+00:00,2650.21,2650.27,2650.20,2650.23,16
2026-01-06T01:31:00+00:00,2650.23,2650.23,2650.12,2650.18,16
2026-01-06T01:32:00+00:00,2650.18,2650.24,2650.17,2650.18,8
2026-01-06T01:33:00+00:00,2650.18,2650.28,2650.15,2650.26,473
2026-01-06T01:34:00+00:00,2650.26,2650.33,2650.21,2650.23,74
2026-01-06T01:35:00+00:00,2650.23,2650.31,2650.18,2650.24,174
2026-01-06T01:36:00+00:00,2650.24,2650.25,2650.22,2650.25,418
2026-01-06T01:37:00+00:00,2650.25,2650.33,2650.19,2650.21,7
2026-01-06T01:38:00+00:00,2650.21,2650.33,2650.20,2650.30,206
2026-01-06T01:39:00+00:00,2650.30,2650.46,2650.22,2650.36,57
2026-01-06T01:40:00+00:00,2650.36,2650.48,2650.34,2650.40,328
2026-01-06T01:41:00+00:00,2650.40,2650.50,2650.25,2650.28,285
2026-01-06T01:42:00+00:00,2650.28,2650.45,2650.21,2650.37,131
2026-01-06T01:43:00+00:00,2650.37,2650.48,2650.32,2650.45,332
2026-01-06T01:44:00+00:00,2650.45,2650.55,2650.43,2650.55,78
2026-01-06T01:45:00+00:00,2650.55,2650.75,2650.51,2650.63,15
2026-01-06T01:46:00+00:00,2650.63,2650.65,2650.38,2650.43,18
2026-01-06T01:47:00+00:00,2650.43,2650.50,2650.40,2650.47,100
2026-01-06T01:48:00+00:00,2650.47,2650.53,2650.40,2650.45,159
2026-01-06T01:49:00+00:00,2650.45,2650.48,2650.24,2650.26,191
2026-01-06T01:50:00+00:00,2650.26,2650.28,2650.22,2650.27,340
2026-01-06T01:51:00+00:00,2650.27,2650.39,2650.26,2650.38,164
2026-01-06T01:52:00+00:00,2650.38,2650.46,2650.30,2650.39,419
2026-01-06T01:53:00+00:00,2650.39,2650.42,2650.30,2650.32,244
2026-01-06T01:54:00+00:00,2650.32,2650.32,2650.28,2650.30,22
2026-01-06T01:55:00+00:00,2650.30,2650.38,2650.20,2650.21,99
2026-01-06T01:56:00+00:00,2650.21,2650.23,2649.95,2650.00,6
2026-01-06T01:57:00+00:00,2650.00,2650.09,2649.98,2650.05,15
2026-01-06T01:58:00+00:00,2650.05,2650.06,2649.82,2649.84,251
2026-01-06T01:59:00+00:00,2649.84,2649.99,2649.78,2649.88,230
2026-01-06T02:00:00+00:00,2649.88,2649.96,2649.64,2649.66,469
2026-01-06T02:01:00+00:00,2649.66,2649.92,2649.65,2649.87,236
2026-01-06T02:02:00+00:00,2649.87,2650.05,2649.77,2650.00,134
2026-01-06T02:03:00+00:00,2650.00,2650.14,2649.98,2650.10,481
2026-01-06T02:04:00+00:00,2650.10,2650.31,2650.06,2650.26,58
2026-01-06T02:05:00+00:00,2650.26,2650.39,2650.18,2650.33,372
2026-01-06T02:06:00+00:00,2650.33,2650.33,2650.27,2650.31,384
2026-01-06T02:07:00+00:00,2650.31,2650.38,2650.17,2650.37,18
2026-01-06T02:08:00+00:00,2650.37,2650.40,2650.37,2650.38,264
2026-01-06T02:09:00+00:00,2650.38,2650.45,2650.25,2650.34,175
2026-01-06T02:10:00+00:00,2650.34,2650.35,2650.14,2650.18,6
2026-01-06T02:11:00+00:00,2650.18,2650.30,2650.15,2650.19,221
2026-01-06T02:12:00+00:00,2650.19,2650.41,2650.18,2650.32,109
2026-01-06T02:13:00+00:00,2650.32,2650.48,2650.28,2650.46,185
2026-01-06T02:14:00+00:00,2650.46,2650.63,2650.40,2650.57,5
2026-01-06T02:15:00+00:00,2650.57,2650.59,2650.43,2650.45,158
2026-01-06T02:16:00+00:00,2650.45,2650.49,2650.07,2650.11,113
2026-01-06T02:17:00+00:00,2650.11,2650.25,2650.08,2650.23,414
2026-01-06T02:18:00+00:00,2650.23,2650.31,2650.09,2650.12,127
2026-01-06T02:19:00+00:00,2650.12,2650.21,2650.11,2650.16,441
2026-01-06T02:20:00+00:00,2650.16,2650.36,2650.00,2650.28,121
2026-01-06T02:21:00+00:00,2650.28,2650.37,2650.25,2650.37,196
2026-01-06T02:22:00+00:00,2650.37,2650.41,2650.27,2650.27,189
2026-01-06T02:23:00+00:00,2650.27,2650.47,2650.22,2650.46,28
2026-01-06T02:24:00+00:00,2650.46,2650.56,2650.43,2650.44,164
2026-01-06T02:25:00+00:00,2650.44,2650.44,2650.30,2650.34,28
2026-01-06T02:26:00+00:00,2650.34,2650.40,2650.34,2650.39,219
2026-01-06T02:27:00+00:00,2650.39,2650.39,2650.24,2650.25,41
2026-01-06T02:28:00+00:00,2650.25,2650.31,2650.24,2650.31,551
2026-01-06T02:29:00+00:00,2650.31,2650.32,2650.11,2650.16,86
2026-01-06T02:30:00+00:00,2650.16,2650.43,2650.12,2650.39,533
2026-01-06T02:31:00+00:00,2650.39,2650.41,2650.29,2650.35,263
2026-01-06T02:32:00+00:00,2650.35,2650.47,2650.27,2650.43,91
2026-01-06T02:33:00+00:00,2650.43,2650.61,2650.42,2650.53,256
2026-01-06T02:34:00+00:00,2650.53,2650.60,2650.47,2650.48,31
2026-01-06T02:35:00+00:00,2650.48,2650.51,2650.28,2650.34,79
2026-01-06T02:36:00+00:00,2650.34,2650.39,2650.20,2650.23,16
2026-01-06T02:37:00+00:00,2650.23,2650.28,2650.14,2650.27,44
2026-01-06T02:38:00+00:00,2650.27,2650.33,2650.07,2650.09,630
2026-01-06T02:39:00+00:00,2650.09,2650.19,2650.05,2650.13,143
2026-01-06T02:40:00+00:00,2650.13,2650.24,2650.09,2650.17,301
2026-01-06T02:41:00+00:00,2650.17,2650.26,2650.05,2650.21,38
2026-01-06T02:42:00+00:00,2650.21,2650.23,2650.19,2650.19,471
2026-01-06T02:43:00+00:00,2650.19,2650.27,2650.04,2650.07,142
2026-01-06T02:44:00+00:00,2650.07,2650.08,2649.97,2650.01,32
2026-01-06T02:45:00+00:00,2650.01,2650.08,2650.00,2650.08,9
2026-01-06T02:46:00+00:00,2650.08,2650.18,2650.06,2650.15,84
2026-01-06T02:47:00+00:00,2650.15,2650.19,2650.06,2650.09,186
2026-01-06T02:48:00+00:00,2650.09,2650.25,2650.09,2650.18,74
2026-01-06T02:49:00+00:00,2650.18,2650.33,2650.15,2650.29,86
2026-01-06T02:50:00+00:00,2650.29,2650.35,2650.24,2650.33,13
2026-01-06T02:51:00+00:00,2650.33,2650.43,2650.18,2650.21,125
2026-01-06T02:52:00+00:00,2650.21,2650.32,2650.03,2650.05,39
2026-01-06T02:53:00+00:00,2650.05,2650.21,2650.02,2650.18,311
2026-01-06T02:54:00+00:00,2650.18,2650.31,2650.09,2650.21,99
2026-01-06T02:55:00+00:00,2650.21,2650.23,2650.16,2650.23,50
2026-01-06T02:56:00+00:00,2650.23,2650.28,2650.17,2650.20,124
2026-01-06T02:57:00+00:00,2650.20,2650.24,2650.17,2650.19,65
2026-01-06T02:58:00+00:00,2650.19,2650.23,2650.14,2650.22,481
2026-01-06T02:59:00+00:00,2650.22,2650.34,2650.18,2650.23,66
2026-01-06T03:00:00+00:00,2650.23,2650.24,2650.21,2650.22,105
2026-01-06T03:01:00+00:00,2650.22,2650.39,2650.15,2650.36,227
2026-01-06T03:02:00+00:00,2650.36,2650.45,2650.35,2650.44,192
2026-01-06T03:03:00+00:00,2650.44,2650.50,2650.27,2650.30,32
2026-01-06T03:04:00+00:00,2650.30,2650.40,2650.24,2650.36,355
2026-01-06T03:05:00+00:00,2650.36,2650.38,2650.21,2650.23,199
2026-01-06T03:06:00+00:00,2650.23,2650.27,2650.18,2650.26,47
2026-01-06T03:07:00+00:00,2650.26,2650.28,2650.14,2650.15,6
2026-01-06T03:08:00+00:00,2650.15,2650.17,2650.11,2650.12,93
2026-01-06T03:09:00+00:00,2650.12,2650.18,2650.11,2650.18,295
2026-01-06T03:10:00+00:00,2650.18,2650.18,2650.02,2650.08,13
2026-01-06T03:11:00+00:00,2650.08,2650.15,2650.07,2650.14,311
2026-01-06T03:12:00+00:00,2650.14,2650.16,2650.08,2650.15,128
2026-01-06T03:13:00+00:00,2650.15,2650.17,2650.00,2650.02,238
2026-01-06T03:14:00+00:00,2650.02,2650.15,2649.98,2650.09,445
2026-01-06T03:15:00+00:00,2650.09,2650.12,2650.05,2650.06,159
2026-01-06T03:16:00+00:00,2650.06,2650.07,2649.99,2649.99,342
2026-01-06T03:17:00+00:00,2649.99,2650.01,2649.86,2649.91,231
2026-01-06T03:18:00+00:00,2649.91,2650.05,2649.86,2650.01,346
2026-01-06T03:19:00+00:00,2650.01,2650.05,2649.89,2650.01,225
2026-01-06T03:20:00+00:00,2650.01,2650.15,2650.00,2650.05,277
2026-01-06T03:21:00+00:00,2650.05,2650.34,2650.02,2650.27,461
2026-01-06T03:22:00+00:00,2650.27,2650.29,2650.16,2650.21,279
2026-01-06T03:23:00+00:00,2650.21,2650.42,2650.19,2650.39,197
2026-01-06T03:24:00+00:00,2650.39,2650.47,2650.34,2650.46,357
2026-01-06T03:25:00+00:00,2650.46,2650.53,2650.43,2650.47,87
2026-01-06T03:26:00+00:00,2650.47,2650.49,2650.36,2650.44,475
2026-01-06T03:27:00+00:00,2650.44,2650.49,2650.32,2650.45,376
2026-01-06T03:28:00+00:00,2650.45,2650.51,2650.42,2650.44,22
2026-01-06T03:29:00+00:00,2650.44,2650.56,2649.96,2650.12,158
2026-01-06T03:30:00+00:00,2650.12,2650.13,2650.06,2650.11,27
2026-01-06T03:31:00+00:00,2650.11,2650.16,2650.07,2650.14,5
2026-01-06T03:32:00+00:00,2650.14,2650.17,2649.84,2649.87,15
2026-01-06T03:33:00+00:00,2649.87,2649.93,2649.77,2649.79,215
2026-01-06T03:34:00+00:00,2649.79,2649.83,2649.71,2649.74,43
2026-01-06T03:35:00+00:00,2649.74,2649.75,2649.61,2649.70,59
2026-01-06T03:36:00+00:00,2649.70,2649.75,2649.60,2649.70,403
2026-01-06T03:37:00+00:00,2649.70,2649.77,2649.67,2649.72,373
2026-01-06T03:38:00+00:00,2649.72,2649.82,2649.69,2649.74,399
2026-01-06T03:39:00+00:00,2649.74,2649.78,2649.60,2649.66,381
2026-01-06T03:40:00+00:00,2649.66,2649.68,2649.58,2649.64,216
2026-01-06T03:41:00+00:00,2649.64,2649.68,2649.51,2649.58,535
2026-01-06T03:42:00+00:00,2649.58,2649.60,2649.57,2649.60,4
2026-01-06T03:43:00+00:00,2649.60,2649.82,2649.59,2649.75,1
2026-01-06T03:44:00+00:00,2649.75,2649.93,2649.69,2649.83,133
2026-01-06T03:45:00+00:00,2649.83,2649.93,2649.78,2649.92,282
2026-01-06T03:46:00+00:00,2649.92,2649.96,2649.89,2649.93,365
2026-01-06T03:47:00+00:00,2649.93,2650.05,2649.92,2650.03,85
2026-01-06T03:48:00+00:00,2650.03,2650.16,2650.00,2650.08,184
2026-01-06T03:49:00+00:00,2650.08,2650.09,2650.04,2650.08,256
2026-01-06T03:50:00+00:00,2650.08,2650.15,2650.01,2650.02,148
2026-01-06T03:51:00+00:00,2650.02,2650.10,2649.89,2649.92,594
2026-01-06T03:52:00+00:00,2649.92,2649.97,2649.85,2649.93,69
2026-01-06T03:53:00+00:00,2649.93,2650.03,2649.82,2649.99,161
2026-01-06T03:54:00+00:00,2649.99,2650.12,2649.94,2650.09,43
2026-01-06T03:55:00+00:00,2650.09,2650.10,2649.94,2649.95,406
2026-01-06T03:56:00+00:00,2649.95,2650.07,2649.94,2649.99,192
2026-01-06T03:57:00+00:00,2649.99,2650.13,2649.99,2650.03,2
2026-01-06T03:58:00+00:00,2650.03,2650.06,2649.90,2649.91,210
2026-01-06T03:59:00+00:00,2649.91,2649.99,2649.87,2649.99,121
2026-01-06T04:00:00+00:00,2649.99,2650.08,2649.77,2649.77,246
2026-01-06T04:01:00+00:00,2649.77,2649.87,2649.70,2649.84,210
2026-01-06T04:02:00+00:00,2649.84,2649.90,2649.70,2649.71,198
2026-01-06T04:03:00+00:00,2649.71,2649.85,2649.65,2649.83,462
2026-01-06T04:04:00+00:00,2649.83,2649.84,2649.69,2649.74,160
2026-01-06T04:05:00+00:00,2649.74,2649.75,2649.49,2649.56,117
2026-01-06T04:06:00+00:00,2649.56,2649.57,2649.43,2649.55,69
2026-01-06T04:07:00+00:00,2649.55,2649.68,2649.53,2649.65,188
2026-01-06T04:08:00+00:00,2649.65,2649.74,2649.59,2649.62,248
2026-01-06T04:09:00+00:00,2649.62,2649.65,2649.60,2649.62,118
2026-01-06T04:10:00+00:00,2649.62,2649.76,2649.59,2649.72,265
2026-01-06T04:11:00+00:00,2649.72,2649.78,2649.68,2649.70,29
2026-01-06T04:12:00+00:00,2649.70,2649.77,2649.62,2649.66,496
2026-01-06T04:13:00+00:00,2649.66,2649.80,2649.58,2649.78,140
2026-01-06T04:14:00+00:00,2649.78,2649.80,2649.53,2649.62,184
2026-01-06T04:15:00+00:00,2649.62,2649.74,2649.61,2649.70,311
2026-01-06T04:16:00+00:00,2649.70,2649.70,2649.43,2649.45,312
2026-01-06T04:17:00+00:00,2649.45,2649.47,2649.30,2649.36,25
2026-01-06T04:18:00+00:00,2649.36,2649.45,2649.27,2649.45,33
2026-01-06T04:19:00+00:00,2649.45,2649.68,2649.42,2649.67,121
2026-01-06T04:20:00+00:00,2649.67,2649.75,2649.58,2649.69,218
2026-01-06T04:21:00+00:00,2649.69,2650.05,2649.67,2649.93,176
2026-01-06T04:22:00+00:00,2649.93,2650.02,2649.90,2650.01,20
2026-01-06T04:23:00+00:00,2650.01,2650.09,2649.83,2649.90,137
2026-01-06T04:24:00+00:00,2649.90,2650.16,2649.81,2650.15,254
2026-01-06T04:25:00+00:00,2650.15,2650.26,2649.92,2650.03,506
2026-01-06T04:26:00+00:00,2650.03,2650.23,2649.94,2650.20,105
2026-01-06T04:27:00+00:00,2650.20,2650.21,2650.08,2650.09,312
2026-01-06T04:28:00+00:00,2650.09,2650.10,2649.94,2649.96,1
2026-01-06T04:29:00+00:00,2649.96,2650.02,2649.90,2650.02,159
2026-01-06T04:30:00+00:00,2650.02,2650.36,2649.97,2650.27,101
2026-01-06T04:31:00+00:00,2650.27,2650.28,2650.03,2650.13,151
2026-01-06T04:32:00+00:00,2650.13,2650.20,2650.03,2650.03,236
2026-01-06T04:33:00+00:00,2650.03,2650.17,2649.98,2650.12,303
2026-01-06T04:34:00+00:00,2650.12,2650.12,2650.03,2650.08,192
2026-01-06T04:35:00+00:00,2650.08,2650.11,2650.01,2650.03,184
2026-01-06T04:36:00+00:00,2650.03,2650.15,2650.00,2650.10,97
2026-01-06T04:37:00+00:00,2650.10,2650.13,2649.99,2650.03,114
2026-01-06T04:38:00+00:00,2650.03,2650.10,2649.95,2650.09,175
2026-01-06T04:39:00+00:00,2650.09,2650.20,2650.07,2650.16,343
2026-01-06T04:40:00+00:00,2650.16,2650.17,2649.95,2649.96,41
2026-01-06T04:41:00+00:00,2649.96,2650.00,2649.95,2649.97,206
2026-01-06T04:42:00+00:00,2649.97,2650.00,2649.91,2649.95,275
2026-01-06T04:43:00+00:00,2649.95,2650.01,2649.88,2649.90,84
2026-01-06T04:44:00+00:00,2649.90,2650.00,2649.77,2649.78,178
2026-01-06T04:45:00+00:00,2649.78,2649.86,2649.74,2649.83,136
2026-01-06T04:46:00+00:00,2649.83,2649.95,2649.77,2649.92,10
2026-01-06T04:47:00+00:00,2649.92,2649.95,2649.84,2649.85,40
2026-01-06T04:48:00+00:00,2649.85,2649.88,2649.73,2649.81,199
2026-01-06T04:49:00+00:00,2649.81,2650.00,2649.80,2649.95,355
2026-01-06T04:50:00+00:00,2649.95,2650.01,2649.61,2649.69,370
2026-01-06T04:51:00+00:00,2649.69,2649.71,2649.61,2649.62,128
2026-01-06T04:52:00+00:00,2649.62,2649.67,2649.45,2649.47,232
2026-01-06T04:53:00+00:00,2649.47,2649.63,2649.40,2649.62,227
2026-01-06T04:54:00+00:00,2649.62,2649.80,2649.52,2649.78,192
2026-01-06T04:55:00+00:00,2649.78,2649.85,2649.58,2649.59,311
2026-01-06T04:56:00+00:00,2649.59,2649.60,2649.42,2649.45,221
2026-01-06T04:57:00+00:00,2649.45,2649.49,2649.35,2649.40,143
2026-01-06T04:58:00+00:00,2649.40,2649.43,2649.24,2649.31,3
2026-01-06T04:59:00+00:00,2649.31,2649.34,2649.16,2649.18,102
2026-01-06T05:00:00+00:00,2649.18,2649.22,2649.17,2649.21,278
2026-01-06T05:01:00+00:00,2649.21,2649.21,2649.05,2649.12,127
2026-01-06T05:02:00+00:00,2649.12,2649.17,2648.98,2648.98,269
2026-01-06T05:03:00+00:00,2648.98,2649.14,2648.95,2649.08,224
2026-01-06T05:04:00+00:00,2649.08,2649.17,2648.99,2649.15,176
2026-01-06T05:05:00+00:00,2649.15,2649.17,2649.01,2649.11,329
2026-01-06T05:06:00+00:00,2649.11,2649.27,2649.06,2649.23,232
2026-01-06T05:07:00+00:00,2649.23,2649.24,2649.05,2649.10,7
2026-01-06T05:08:00+00:00,2649.10,2649.10,2649.03,2649.04,443
2026-01-06T05:09:00+00:00,2649.04,2649.16,2649.03,2649.13,27
2026-01-06T05:10:00+00:00,2649.13,2649.27,2649.10,2649.26,474
2026-01-06T05:11:00+00:00,2649.26,2649.34,2649.23,2649.31,299
2026-01-06T05:12:00+00:00,2649.31,2649.51,2649.29,2649.43,70
2026-01-06T05:13:00+00:00,2649.43,2649.58,2649.39,2649.54,235
2026-01-06T05:14:00+00:00,2649.54,2649.70,2649.50,2649.67,467
2026-01-06T05:15:00+00:00,2649.67,2649.70,2649.34,2649.40,170
2026-01-06T05:16:00+00:00,2649.40,2649.42,2649.23,2649.27,141
2026-01-06T05:17:00+00:00,2649.27,2649.56,2649.23,2649.48,37
2026-01-06T05:18:00+00:00,2649.48,2649.56,2649.43,2649.51,276
2026-01-06T05:19:00+00:00,2649.51,2649.55,2649.44,2649.54,388
2026-01-06T05:20:00+00:00,2649.54,2649.63,2649.48,2649.53,194
2026-01-06T05:21:00+00:00,2649.53,2649.73,2649.45,2649.61,106
2026-01-06T05:22:00+00:00,2649.61,2649.66,2649.47,2649.58,69
2026-01-06T05:23:00+00:00,2649.58,2649.62,2649.54,2649.60,186
2026-01-06T05:24:00+00:00,2649.60,2649.71,2649.52,2649.59,256
2026-01-06T05:25:00+00:00,2649.59,2649.67,2649.49,2649.64,5
2026-01-06T05:26:00+00:00,2649.64,2649.67,2649.44,2649.53,50
2026-01-06T05:27:00+00:00,2649.53,2649.56,2649.51,2649.56,60
2026-01-06T05:28:00+00:00,2649.56,2649.57,2649.39,2649.41,20
2026-01-06T05:29:00+00:00,2649.41,2649.48,2649.31,2649.32,10
2026-01-06T05:30:00+00:00,2649.32,2649.33,2649.18,2649.25,155
2026-01-06T05:31:00+00:00,2649.25,2649.39,2649.18,2649.29,308
2026-01-06T05:32:00+00:00,2649.29,2649.31,2649.20,2649.28,41
2026-01-06T05:33:00+00:00,2649.28,2649.33,2649.20,2649.31,34
2026-01-06T05:34:00+00:00,2649.31,2649.36,2649.21,2649.32,8
2026-01-06T05:35:00+00:00,2649.32,2649.50,2649.19,2649.46,18
2026-01-06T05:36:00+00:00,2649.46,2649.51,2649.42,2649.45,365
2026-01-06T05:37:00+00:00,2649.45,2649.46,2649.29,2649.33,94
2026-01-06T05:38:00+00:00,2649.33,2649.37,2649.25,2649.35,109
2026-01-06T05:39:00+00:00,2649.35,2649.40,2649.23,2649.40,186
2026-01-06T05:40:00+00:00,2649.40,2649.46,2649.14,2649.16,358
2026-01-06T05:41:00+00:00,2649.16,2649.18,2649.05,2649.08,48
2026-01-06T05:42:00+00:00,2649.08,2649.13,2648.89,2648.92,376
2026-01-06T05:43:00+00:00,2648.92,2649.03,2648.77,2648.80,240
2026-01-06T05:44:00+00:00,2648.80,2648.87,2648.77,2648.84,69
2026-01-06T05:45:00+00:00,2648.84,2649.05,2648.75,2648.99,525
2026-01-06T05:46:00+00:00,2648.99,2649.01,2648.78,2648.91,482
2026-01-06T05:47:00+00:00,2648.91,2648.94,2648.86,2648.89,1
2026-01-06T05:48:00+00:00,2648.89,2648.92,2648.73,2648.81,36
2026-01-06T05:49:00+00:00,2648.81,2648.83,2648.81,2648.81,5
2026-01-06T05:50:00+00:00,2648.81,2648.86,2648.70,2648.73,67
2026-01-06T05:51:00+00:00,2648.73,2648.79,2648.71,2648.76,117
2026-01-06T05:52:00+00:00,2648.76,2648.83,2648.69,2648.77,17
2026-01-06T05:53:00+00:00,2648.77,2648.79,2648.71,2648.71,86
2026-01-06T05:54:00+00:00,2648.71,2648.92,2648.69,2648.83,22
2026-01-06T05:55:00+00:00,2648.83,2648.89,2648.81,2648.82,412
2026-01-06T05:56:00+00:00,2648.82,2648.84,2648.75,2648.82,289
2026-01-06T05:57:00+00:00,2648.82,2648.89,2648.64,2648.69,42
2026-01-06T05:58:00+00:00,2648.69,2648.70,2648.50,2648.60,340
2026-01-06T05:59:00+00:00,2648.60,2648.70,2648.55,2648.69,150
2026-01-06T06:00:00+00:00,2648.69,2648.84,2648.66,2648.71,42
2026-01-06T06:01:00+00:00,2648.71,2648.86,2648.52,2648.55,20
2026-01-06T06:02:00+00:00,2648.55,2648.55,2648.52,2648.54,187
2026-01-06T06:03:00+00:00,2648.54,2648.82,2648.49,2648.74,95
2026-01-06T06:04:00+00:00,2648.74,2648.81,2648.71,2648.80,283
2026-01-06T06:05:00+00:00,2648.80,2648.86,2648.69,2648.84,113
2026-01-06T06:06:00+00:00,2648.84,2648.96,2648.82,2648.89,123
2026-01-06T06:07:00+00:00,2648.89,2648.96,2648.75,2648.76,137
2026-01-06T06:08:00+00:00,2648.76,2648.93,2648.74,2648.85,188
2026-01-06T06:09:00+00:00,2648.85,2648.95,2648.65,2648.70,159
2026-01-06T06:10:00+00:00,2648.70,2648.74,2648.52,2648.60,231
2026-01-06T06:11:00+00:00,2648.60,2648.70,2648.49,2648.69,173
2026-01-06T06:12:00+00:00,2648.69,2648.81,2648.69,2648.70,148
2026-01-06T06:13:00+00:00,2648.70,2648.88,2648.67,2648.81,239
2026-01-06T06:14:00+00:00,2648.81,2648.92,2648.75,2648.88,70
2026-01-06T06:15:00+00:00,2648.88,2648.89,2648.72,2648.80,142
2026-01-06T06:16:00+00:00,2648.80,2648.88,2648.73,2648.86,175
2026-01-06T06:17:00+00:00,2648.86,2648.97,2648.79,2648.89,136
2026-01-06T06:18:00+00:00,2648.89,2649.03,2648.86,2649.01,234
2026-01-06T06:19:00+00:00,2649.01,2649.03,2648.85,2648.93,79
2026-01-06T06:20:00+00:00,2648.93,2649.17,2648.88,2649.15,240
2026-01-06T06:21:00+00:00,2649.15,2649.23,2648.99,2649.08,377
2026-01-06T06:22:00+00:00,2649.08,2649.13,2648.71,2648.75,50
2026-01-06T06:23:00+00:00,2648.75,2648.85,2648.72,2648.84,263
2026-01-06T06:24:00+00:00,2648.84,2648.97,2648.83,2648.91,75
2026-01-06T06:25:00+00:00,2648.91,2648.94,2648.82,2648.83,330
2026-01-06T06:26:00+00:00,2648.83,2649.00,2648.79,2648.98,195
2026-01-06T06:27:00+00:00,2648.98,2649.20,2648.91,2649.10,61
2026-01-06T06:28:00+00:00,2649.10,2649.31,2649.03,2649.27,271
2026-01-06T06:29:00+00:00,2649.27,2649.28,2649.23,2649.23,177
2026-01-06T06:30:00+00:00,2649.23,2649.28,2649.23,2649.26,74
2026-01-06T06:31:00+00:00,2649.26,2649.32,2649.20,2649.29,366
2026-01-06T06:32:00+00:00,2649.29,2649.29,2649.16,2649.16,3
2026-01-06T06:33:00+00:00,2649.16,2649.17,2648.98,2649.05,323
2026-01-06T06:34:00+00:00,2649.05,2649.12,2648.94,2649.04,208
2026-01-06T06:35:00+00:00,2649.04,2649.10,2648.72,2648.72,227
2026-01-06T06:36:00+00:00,2648.72,2648.78,2648.70,2648.71,121
2026-01-06T06:37:00+00:00,2648.71,2648.86,2648.70,2648.85,51
2026-01-06T06:38:00+00:00,2648.85,2648.93,2648.79,2648.86,182
2026-01-06T06:39:00+00:00,2648.86,2648.93,2648.78,2648.92,160
2026-01-06T06:40:00+00:00,2648.92,2648.99,2648.75,2648.83,62
2026-01-06T06:41:00+00:00,2648.83,2648.95,2648.81,2648.93,31
2026-01-06T06:42:00+00:00,2648.93,2648.97,2648.90,2648.91,364
2026-01-06T06:43:00+00:00,2648.91,2649.01,2648.62,2648.63,366
2026-01-06T06:44:00+00:00,2648.63,2648.71,2648.44,2648.47,47
2026-01-06T06:45:00+00:00,2648.47,2648.75,2648.34,2648.71,411
2026-01-06T06:46:00+00:00,2648.71,2648.98,2648.66,2648.95,108
2026-01-06T06:47:00+00:00,2648.95,2648.98,2648.72,2648.75,207
2026-01-06T06:48:00+00:00,2648.75,2648.82,2648.74,2648.75,197
2026-01-06T06:49:00+00:00,2648.75,2648.80,2648.47,2648.55,25
2026-01-06T06:50:00+00:00,2648.55,2648.60,2648.50,2648.51,297
2026-01-06T06:51:00+00:00,2648.51,2648.58,2648.38,2648.43,269
2026-01-06T06:52:00+00:00,2648.43,2648.47,2648.38,2648.45,138
2026-01-06T06:53:00+00:00,2648.45,2648.59,2648.42,2648.58,232
2026-01-06T06:54:00+00:00,2648.58,2648.77,2648.51,2648.67,138
2026-01-06T06:55:00+00:00,2648.67,2648.67,2648.62,2648.63,233
2026-01-06T06:56:00+00:00,2648.63,2648.63,2648.55,2648.58,160
2026-01-06T06:57:00+00:00,2648.58,2648.58,2648.51,2648.56,477
2026-01-06T06:58:00+00:00,2648.56,2648.58,2648.35,2648.38,203
2026-01-06T06:59:00+00:00,2648.38,2648.56,2648.32,2648.56,150
2026-01-06T07:00:00+00:00,2648.56,2648.83,2648.55,2648.71,202
2026-01-06T07:01:00+00:00,2648.71,2648.75,2648.64,2648.67,168
2026-01-06T07:02:00+00:00,2648.67,2648.71,2648.61,2648.62,6
2026-01-06T07:03:00+00:00,2648.62,2648.66,2648.55,2648.57,88
2026-01-06T07:04:00+00:00,2648.57,2648.63,2648.57,2648.58,79
2026-01-06T07:05:00+00:00,2648.58,2648.68,2648.56,2648.63,282
2026-01-06T07:06:00+00:00,2648.63,2648.63,2648.42,2648.43,96
2026-01-06T07:07:00+00:00,2648.43,2648.44,2648.27,2648.32,222
2026-01-06T07:08:00+00:00,2648.32,2648.35,2648.32,2648.32,154
2026-01-06T07:09:00+00:00,2648.32,2648.55,2648.30,2648.48,86
2026-01-06T07:10:00+00:00,2648.48,2648.67,2648.47,2648.52,186
2026-01-06T07:11:00+00:00,2648.52,2648.58,2648.49,2648.52,255
2026-01-06T07:12:00+00:00,2648.52,2648.55,2648.46,2648.49,248
2026-01-06T07:13:00+00:00,2648.49,2648.68,2648.45,2648.60,60
2026-01-06T07:14:00+00:00,2648.60,2648.72,2648.49,2648.69,29
2026-01-06T07:15:00+00:00,2648.69,2648.69,2648.63,2648.68,213
2026-01-06T07:16:00+00:00,2648.68,2648.75,2648.61,2648.75,148
2026-01-06T07:17:00+00:00,2648.75,2648.79,2648.53,2648.61,283
2026-01-06T07:18:00+00:00,2648.61,2648.66,2648.58,2648.61,75
2026-01-06T07:19:00+00:00,2648.61,2648.64,2648.56,2648.61,116
2026-01-06T07:20:00+00:00,2648.61,2648.63,2648.44,2648.52,51
2026-01-06T07:21:00+00:00,2648.52,2648.72,2648.52,2648.63,93
2026-01-06T07:22:00+00:00,2648.63,2648.66,2648.35,2648.40,1
2026-01-06T07:23:00+00:00,2648.40,2648.47,2648.32,2648.36,327
2026-01-06T07:24:00+00:00,2648.36,2648.44,2648.24,2648.39,284
2026-01-06T07:25:00+00:00,2648.39,2648.45,2648.29,2648.40,20
2026-01-06T07:26:00+00:00,2648.40,2648.66,2648.40,2648.65,250
2026-01-06T07:27:00+00:00,2648.65,2648.71,2648.53,2648.55,241
2026-01-06T07:28:00+00:00,2648.55,2648.56,2648.49,2648.53,13
2026-01-06T07:29:00+00:00,2648.53,2648.59,2648.42,2648.43,278
2026-01-06T07:30:00+00:00,2648.43,2648.49,2648.40,2648.44,293
2026-01-06T07:31:00+00:00,2648.44,2648.44,2648.36,2648.41,24
2026-01-06T07:32:00+00:00,2648.41,2648.67,2648.33,2648.53,260
2026-01-06T07:33:00+00:00,2648.53,2648.62,2648.50,2648.61,111
2026-01-06T07:34:00+00:00,2648.61,2648.87,2648.53,2648.86,39
2026-01-06T07:35:00+00:00,2648.86,2649.09,2648.78,2649.07,186
2026-01-06T07:36:00+00:00,2649.07,2649.08,2648.94,2649.00,109
2026-01-06T07:37:00+00:00,2649.00,2649.10,2648.89,2648.92,48
2026-01-06T07:38:00+00:00,2648.92,2648.98,2648.85,2648.86,1
2026-01-06T07:39:00+00:00,2648.86,2648.92,2648.77,2648.90,17
2026-01-06T07:40:00+00:00,2648.90,2648.96,2648.88,2648.90,454
2026-01-06T07:41:00+00:00,2648.90,2648.94,2648.88,2648.91,332
2026-01-06T07:42:00+00:00,2648.91,2648.99,2648.88,2648.95,53
2026-01-06T07:43:00+00:00,2648.95,2648.98,2648.83,2648.86,161
2026-01-06T07:44:00+00:00,2648.86,2648.91,2648.78,2648.88,52
2026-01-06T07:45:00+00:00,2648.88,2648.92,2648.77,2648.83,306
2026-01-06T07:46:00+00:00,2648.83,2648.85,2648.75,2648.75,343
2026-01-06T07:47:00+00:00,2648.75,2648.81,2648.68,2648.72,404
2026-01-06T07:48:00+00:00,2648.72,2648.76,2648.68,2648.74,12
2026-01-06T07:49:00+00:00,2648.74,2648.78,2648.65,2648.77,335
2026-01-06T07:50:00+00:00,2648.77,2648.82,2648.65,2648.74,89
2026-01-06T07:51:00+00:00,2648.74,2648.84,2648.65,2648.77,42
2026-01-06T07:52:00+00:00,2648.77,2648.88,2648.66,2648.85,168
2026-01-06T07:53:00+00:00,2648.85,2648.93,2648.84,2648.88,246
2026-01-06T07:54:00+00:00,2648.88,2648.96,2648.65,2648.68,121
2026-01-06T07:55:00+00:00,2648.68,2648.75,2648.61,2648.64,273
2026-01-06T07:56:00+00:00,2648.64,2648.89,2648.62,2648.81,369
2026-01-06T07:57:00+00:00,2648.81,2648.88,2648.69,2648.71,85
2026-01-06T07:58:00+00:00,2648.71,2648.91,2648.69,2648.88,259
2026-01-06T07:59:00+00:00,2648.88,2649.10,2648.83,2648.97,134
2026-01-06T08:00:00+00:00,2648.97,2649.09,2648.88,2649.06,13
2026-01-06T08:01:00+00:00,2649.06,2649.15,2648.84,2648.92,483
2026-01-06T08:02:00+00:00,2648.92,2648.94,2648.73,2648.74,114
2026-01-06T08:03:00+00:00,2648.74,2648.91,2648.72,2648.85,267
2026-01-06T08:04:00+00:00,2648.85,2648.88,2648.73,2648.79,14
2026-01-06T08:05:00+00:00,2648.79,2648.86,2648.49,2648.56,156
2026-01-06T08:06:00+00:00,2648.56,2648.56,2648.33,2648.35,39
2026-01-06T08:07:00+00:00,2648.35,2648.38,2648.33,2648.37,181
2026-01-06T08:08:00+00:00,2648.37,2648.40,2648.26,2648.28,273
2026-01-06T08:09:00+00:00,2648.28,2648.41,2648.23,2648.33,60
2026-01-06T08:10:00+00:00,2648.33,2648.34,2648.19,2648.20,186
2026-01-06T08:11:00+00:00,2648.20,2648.22,2647.97,2647.99,22
2026-01-06T08:12:00+00:00,2647.99,2648.08,2647.76,2647.82,210
2026-01-06T08:13:00+00:00,2647.82,2648.00,2647.70,2647.87,482
2026-01-06T08:14:00+00:00,2647.87,2647.98,2647.83,2647.96,135
2026-01-06T08:15:00+00:00,2647.96,2647.99,2647.87,2647.90,132
2026-01-06T08:16:00+00:00,2647.90,2647.93,2647.81,2647.90,300
2026-01-06T08:17:00+00:00,2647.90,2647.97,2647.86,2647.91,160
2026-01-06T08:18:00+00:00,2647.91,2647.91,2647.72,2647.79,187
2026-01-06T08:19:00+00:00,2647.79,2647.90,2647.73,2647.90,92
2026-01-06T08:20:00+00:00,2647.90,2647.92,2647.65,2647.70,8
2026-01-06T08:21:00+00:00,2647.70,2647.89,2647.68,2647.79,125
2026-01-06T08:22:00+00:00,2647.79,2647.88,2647.73,2647.75,53
2026-01-06T08:23:00+00:00,2647.75,2647.77,2647.72,2647.77,375
2026-01-06T08:24:00+00:00,2647.77,2647.95,2647.73,2647.95,189
2026-01-06T08:25:00+00:00,2647.95,2648.00,2647.86,2647.86,455
2026-01-06T08:26:00+00:00,2647.86,2647.92,2647.80,2647.92,41
2026-01-06T08:27:00+00:00,2647.92,2647.93,2647.71,2647.75,497
2026-01-06T08:28:00+00:00,2647.75,2647.78,2647.59,2647.64,163
2026-01-06T08:29:00+00:00,2647.64,2647.68,2647.47,2647.52,140
2026-01-06T08:30:00+00:00,2647.52,2647.69,2647.42,2647.63,33
2026-01-06T08:31:00+00:00,2647.63,2647.86,2647.62,2647.77,235
2026-01-06T08:32:00+00:00,2647.77,2647.87,2647.58,2647.64,26
2026-01-06T08:33:00+00:00,2647.64,2647.68,2647.57,2647.59,271
2026-01-06T08:34:00+00:00,2647.59,2647.61,2647.45,2647.51,45
2026-01-06T08:35:00+00:00,2647.51,2647.57,2647.48,2647.54,319
2026-01-06T08:36:00+00:00,2647.54,2647.59,2647.38,2647.41,601
2026-01-06T08:37:00+00:00,2647.41,2647.53,2647.21,2647.25,135
2026-01-06T08:38:00+00:00,2647.25,2647.32,2647.24,2647.31,190
2026-01-06T08:39:00+00:00,2647.31,2647.33,2647.27,2647.32,66
2026-01-06T08:40:00+00:00,2647.32,2647.36,2647.29,2647.31,423
2026-01-06T08:41:00+00:00,2647.31,2647.34,2647.21,2647.28,302
2026-01-06T08:42:00+00:00,2647.28,2647.41,2647.21,2647.35,243
2026-01-06T08:43:00+00:00,2647.35,2647.48,2647.33,2647.46,277
2026-01-06T08:44:00+00:00,2647.46,2647.47,2647.22,2647.29,203
2026-01-06T08:45:00+00:00,2647.29,2647.38,2647.22,2647.34,77
2026-01-06T08:46:00+00:00,2647.34,2647.56,2647.32,2647.54,57
2026-01-06T08:47:00+00:00,2647.54,2647.62,2647.45,2647.50,249
2026-01-06T08:48:00+00:00,2647.50,2647.59,2647.48,2647.56,437
2026-01-06T08:49:00+00:00,2647.56,2647.59,2647.54,2647.56,118
2026-01-06T08:50:00+00:00,2647.56,2647.70,2647.52,2647.69,452
2026-01-06T08:51:00+00:00,2647.69,2647.82,2647.67,2647.77,38
2026-01-06T08:52:00+00:00,2647.77,2647.86,2647.67,2647.79,89
2026-01-06T08:53:00+00:00,2647.79,2647.84,2647.71,2647.76,5
2026-01-06T08:54:00+00:00,2647.76,2647.80,2647.72,2647.73,395
2026-01-06T08:55:00+00:00,2647.73,2647.86,2647.72,2647.84,425
2026-01-06T08:56:00+00:00,2647.84,2647.91,2647.73,2647.74,185
2026-01-06T08:57:00+00:00,2647.74,2647.94,2647.65,2647.83,232
2026-01-06T08:58:00+00:00,2647.83,2648.01,2647.82,2647.90,575
2026-01-06T08:59:00+00:00,2647.90,2647.92,2647.78,2647.89,222
2026-01-06T09:00:00+00:00,2647.89,2647.97,2647.82,2647.96,261
2026-01-06T09:01:00+00:00,2647.96,2648.00,2647.84,2647.94,150
2026-01-06T09:02:00+00:00,2647.94,2647.98,2647.85,2647.96,113
2026-01-06T09:03:00+00:00,2647.96,2647.99,2647.96,2647.98,630
2026-01-06T09:04:00+00:00,2647.98,2648.14,2647.94,2648.11,205
2026-01-06T09:05:00+00:00,2648.11,2648.16,2648.07,2648.07,15
2026-01-06T09:06:00+00:00,2648.07,2648.10,2647.88,2648.02,570
2026-01-06T09:07:00+00:00,2648.02,2648.04,2647.94,2647.94,101
2026-01-06T09:08:00+00:00,2647.94,2648.08,2647.73,2647.75,158
2026-01-06T09:09:00+00:00,2647.75,2647.93,2647.65,2647.65,76
2026-01-06T09:10:00+00:00,2647.65,2647.68,2647.60,2647.63,81
2026-01-06T09:11:00+00:00,2647.63,2647.68,2647.62,2647.62,439
2026-01-06T09:12:00+00:00,2647.62,2647.67,2647.48,2647.56,203
2026-01-06T09:13:00+00:00,2647.56,2647.76,2647.42,2647.47,266
2026-01-06T09:14:00+00:00,2647.47,2647.57,2647.29,2647.40,161
2026-01-06T09:15:00+00:00,2647.40,2647.43,2647.31,2647.35,127
2026-01-06T09:16:00+00:00,2647.35,2647.58,2647.29,2647.56,393
2026-01-06T09:17:00+00:00,2647.56,2647.70,2647.41,2647.48,552
2026-01-06T09:18:00+00:00,2647.48,2647.55,2647.43,2647.49,144
2026-01-06T09:19:00+00:00,2647.49,2647.58,2647.09,2647.13,185
2026-01-06T09:20:00+00:00,2647.13,2647.43,2647.04,2647.34,66
2026-01-06T09:21:00+00:00,2647.34,2647.41,2647.21,2647.22,22
2026-01-06T09:22:00+00:00,2647.22,2647.23,2647.04,2647.09,115
2026-01-06T09:23:00+00:00,2647.09,2647.10,2646.97,2647.04,244
2026-01-06T09:24:00+00:00,2647.04,2647.22,2647.01,2647.20,77
2026-01-06T09:25:00+00:00,2647.20,2647.40,2647.17,2647.34,243
2026-01-06T09:26:00+00:00,2647.34,2647.42,2647.13,2647.22,209
2026-01-06T09:27:00+00:00,2647.22,2647.36,2647.16,2647.30,34
2026-01-06T09:28:00+00:00,2647.30,2647.34,2647.26,2647.28,267
2026-01-06T09:29:00+00:00,2647.28,2647.33,2647.05,2647.05,51
2026-01-06T09:30:00+00:00,2647.05,2647.11,2647.04,2647.11,55
2026-01-06T09:31:00+00:00,2647.11,2647.11,2646.94,2646.97,126
2026-01-06T09:32:00+00:00,2646.97,2647.01,2646.81,2646.89,115
2026-01-06T09:33:00+00:00,2646.89,2647.11,2646.84,2647.08,140
2026-01-06T09:34:00+00:00,2647.08,2647.10,2646.64,2646.74,199
2026-01-06T09:35:00+00:00,2646.74,2646.75,2646.68,2646.69,231
2026-01-06T09:36:00+00:00,2646.69,2646.95,2646.66,2646.89,228
2026-01-06T09:37:00+00:00,2646.89,2646.96,2646.85,2646.88,189
2026-01-06T09:38:00+00:00,2646.88,2647.05,2646.85,2647.00,132
2026-01-06T09:39:00+00:00,2647.00,2647.08,2646.94,2647.08,317
2026-01-06T09:40:00+00:00,2647.08,2647.14,2646.95,2647.00,342
2026-01-06T09:41:00+00:00,2647.00,2647.20,2646.93,2647.16,301
2026-01-06T09:42:00+00:00,2647.16,2647.24,2647.01,2647.03,151
2026-01-06T09:43:00+00:00,2647.03,2647.25,2647.02,2647.20,391
2026-01-06T09:44:00+00:00,2647.20,2647.41,2647.18,2647.34,86
2026-01-06T09:45:00+00:00,2647.34,2647.40,2647.06,2647.19,406
2026-01-06T09:46:00+00:00,2647.19,2647.23,2647.00,2647.08,192
2026-01-06T09:47:00+00:00,2647.08,2647.17,2647.02,2647.15,97
2026-01-06T09:48:00+00:00,2647.15,2647.17,2646.93,2646.96,173
2026-01-06T09:49:00+00:00,2646.96,2647.10,2646.94,2647.09,262
2026-01-06T09:50:00+00:00,2647.09,2647.20,2646.99,2647.19,653
2026-01-06T09:51:00+00:00,2647.19,2647.22,2646.87,2646.90,367
2026-01-06T09:52:00+00:00,2646.90,2646.92,2646.89,2646.91,528
2026-01-06T09:53:00+00:00,2646.91,2646.99,2646.73,2646.79,136
2026-01-06T09:54:00+00:00,2646.79,2646.89,2646.66,2646.75,106
2026-01-06T09:55:00+00:00,2646.75,2646.84,2646.66,2646.71,16
2026-01-06T09:56:00+00:00,2646.71,2646.80,2646.63,2646.67,196
2026-01-06T09:57:00+00:00,2646.67,2646.71,2646.56,2646.70,213
2026-01-06T09:58:00+00:00,2646.70,2646.72,2646.64,2646.70,754
2026-01-06T09:59:00+00:00,2646.70,2646.87,2646.56,2646.64,25
2026-01-06T10:00:00+00:00,2646.64,2646.71,2646.40,2646.48,132
2026-01-06T10:01:00+00:00,2646.48,2646.51,2646.43,2646.49,388
2026-01-06T10:02:00+00:00,2646.49,2646.60,2646.38,2646.41,96
2026-01-06T10:03:00+00:00,2646.41,2646.44,2646.31,2646.40,284
2026-01-06T10:04:00+00:00,2646.40,2646.44,2646.35,2646.38,178
2026-01-06T10:05:00+00:00,2646.38,2646.50,2646.37,2646.48,27
2026-01-06T10:06:00+00:00,2646.48,2646.49,2646.32,2646.43,609
2026-01-06T10:07:00+00:00,2646.43,2646.79,2646.35,2646.72,539
2026-01-06T10:08:00+00:00,2646.72,2646.75,2646.51,2646.58,80
2026-01-06T10:09:00+00:00,2646.58,2646.72,2646.50,2646.69,51
2026-01-06T10:10:00+00:00,2646.69,2646.72,2646.42,2646.44,449
2026-01-06T10:11:00+00:00,2646.44,2646.52,2646.41,2646.47,157
2026-01-06T10:12:00+00:00,2646.47,2646.58,2646.32,2646.40,113
2026-01-06T10:13:00+00:00,2646.40,2646.50,2646.26,2646.39,153
2026-01-06T10:14:00+00:00,2646.39,2646.57,2646.29,2646.48,206
2026-01-06T10:15:00+00:00,2646.48,2646.53,2646.37,2646.39,302
2026-01-06T10:16:00+00:00,2646.39,2646.44,2646.30,2646.40,96
2026-01-06T10:17:00+00:00,2646.40,2646.42,2646.34,2646.36,144
2026-01-06T10:18:00+00:00,2646.36,2646.63,2646.34,2646.58,166
2026-01-06T10:19:00+00:00,2646.58,2646.64,2646.51,2646.57,222
2026-01-06T10:20:00+00:00,2646.57,2646.73,2646.47,2646.67,355
2026-01-06T10:21:00+00:00,2646.67,2646.72,2646.36,2646.46,240
2026-01-06T10:22:00+00:00,2646.46,2646.56,2646.45,2646.55,368
2026-01-06T10:23:00+00:00,2646.55,2646.58,2646.52,2646.53,189
2026-01-06T10:24:00+00:00,2646.53,2646.70,2646.47,2646.66,1
2026-01-06T10:25:00+00:00,2646.66,2646.72,2646.48,2646.58,27
2026-01-06T10:26:00+00:00,2646.58,2646.64,2646.54,2646.58,388
2026-01-06T10:27:00+00:00,2646.58,2646.59,2646.32,2646.45,516
2026-01-06T10:28:00+00:00,2646.45,2646.55,2646.20,2646.21,112
2026-01-06T10:29:00+00:00,2646.21,2646.32,2646.21,2646.30,831
2026-01-06T10:30:00+00:00,2646.30,2646.32,2646.20,2646.21,158
2026-01-06T10:31:00+00:00,2646.21,2646.42,2646.03,2646.37,487
2026-01-06T10:32:00+00:00,2646.37,2646.41,2646.26,2646.28,103
2026-01-06T10:33:00+00:00,2646.28,2646.45,2646.20,2646.35,260
2026-01-06T10:34:00+00:00,2646.35,2646.41,2646.16,2646.18,928
2026-01-06T10:35:00+00:00,2646.18,2646.25,2646.07,2646.09,323
2026-01-06T10:36:00+00:00,2646.09,2646.21,2646.06,2646.12,421
2026-01-06T10:37:00+00:00,2646.12,2646.25,2646.12,2646.19,210
2026-01-06T10:38:00+00:00,2646.19,2646.37,2646.06,2646.34,517
2026-01-06T10:39:00+00:00,2646.34,2646.37,2646.25,2646.30,232
2026-01-06T10:40:00+00:00,2646.30,2646.33,2646.15,2646.20,80
2026-01-06T10:41:00+00:00,2646.20,2646.30,2645.89,2645.94,363
2026-01-06T10:42:00+00:00,2645.94,2646.08,2645.85,2645.95,45
2026-01-06T10:43:00+00:00,2645.95,2646.02,2645.83,2645.93,385
2026-01-06T10:44:00+00:00,2645.93,2645.98,2645.86,2645.92,325
2026-01-06T10:45:00+00:00,2645.92,2645.99,2645.90,2645.95,800
2026-01-06T10:46:00+00:00,2645.95,2646.09,2645.93,2646.09,462
2026-01-06T10:47:00+00:00,2646.09,2646.14,2646.00,2646.08,190
2026-01-06T10:48:00+00:00,2646.08,2646.37,2646.01,2646.26,283
2026-01-06T10:49:00+00:00,2646.26,2646.27,2645.98,2646.01,11
2026-01-06T10:50:00+00:00,2646.01,2646.11,2645.99,2646.04,153
2026-01-06T10:51:00+00:00,2646.04,2646.08,2645.92,2645.96,62
2026-01-06T10:52:00+00:00,2645.96,2646.24,2645.94,2646.14,452
2026-01-06T10:53:00+00:00,2646.14,2646.28,2646.00,2646.03,266
2026-01-06T10:54:00+00:00,2646.03,2646.13,2646.02,2646.13,383
2026-01-06T10:55:00+00:00,2646.13,2646.42,2646.01,2646.26,359
2026-01-06T10:56:00+00:00,2646.26,2646.66,2646.20,2646.63,939
2026-01-06T10:57:00+00:00,2646.63,2646.90,2646.49,2646.76,278
2026-01-06T10:58:00+00:00,2646.76,2646.82,2646.60,2646.61,3
2026-01-06T10:59:00+00:00,2646.61,2646.77,2646.53,2646.67,43
2026-01-06T11:00:00+00:00,2646.67,2646.93,2646.55,2646.87,100
2026-01-06T11:01:00+00:00,2646.87,2646.97,2646.68,2646.76,1
2026-01-06T11:02:00+00:00,2646.76,2646.89,2646.69,2646.83,426
2026-01-06T11:03:00+00:00,2646.83,2646.93,2646.75,2646.81,102
2026-01-06T11:04:00+00:00,2646.81,2646.91,2646.68,2646.87,181
2026-01-06T11:05:00+00:00,2646.87,2647.20,2646.84,2646.97,286
2026-01-06T11:06:00+00:00,2646.97,2647.14,2646.80,2647.10,168
2026-01-06T11:07:00+00:00,2647.10,2647.32,2647.02,2647.28,25
2026-01-06T11:08:00+00:00,2647.28,2647.54,2647.22,2647.39,574
2026-01-06T11:09:00+00:00,2647.39,2647.54,2647.22,2647.27,247
2026-01-06T11:10:00+00:00,2647.27,2647.51,2647.16,2647.36,510
2026-01-06T11:11:00+00:00,2647.36,2647.50,2647.03,2647.07,408
2026-01-06T11:12:00+00:00,2647.07,2647.13,2646.93,2647.09,87
2026-01-06T11:13:00+00:00,2647.09,2647.21,2646.99,2647.08,309
2026-01-06T11:14:00+00:00,2647.08,2647.14,2646.82,2646.84,199
2026-01-06T11:15:00+00:00,2646.84,2646.86,2646.55,2646.74,482
2026-01-06T11:16:00+00:00,2646.74,2646.82,2646.53,2646.66,333
2026-01-06T11:17:00+00:00,2646.66,2646.84,2646.63,2646.67,1063
2026-01-06T11:18:00+00:00,2646.67,2646.88,2646.57,2646.82,414
2026-01-06T11:19:00+00:00,2646.82,2647.09,2646.82,2647.03,732
2026-01-06T11:20:00+00:00,2647.03,2647.12,2646.85,2646.89,650
2026-01-06T11:21:00+00:00,2646.89,2647.03,2646.85,2646.90,29
2026-01-06T11:22:00+00:00,2646.90,2647.07,2646.83,2646.99,369
2026-01-06T11:23:00+00:00,2646.99,2647.03,2646.86,2646.95,178
2026-01-06T11:24:00+00:00,2646.95,2646.99,2646.92,2646.97,318
2026-01-06T11:25:00+00:00,2646.97,2647.03,2646.92,2646.99,171
2026-01-06T11:26:00+00:00,2646.99,2647.41,2646.98,2647.33,364
2026-01-06T11:27:00+00:00,2647.33,2647.53,2647.22,2647.46,236
2026-01-06T11:28:00+00:00,2647.46,2647.57,2647.34,2647.36,519
2026-01-06T11:29:00+00:00,2647.36,2647.54,2647.31,2647.41,53
2026-01-06T11:30:00+00:00,2647.41,2647.50,2647.38,2647.41,309
2026-01-06T11:31:00+00:00,2647.41,2647.45,2647.20,2647.27,223
2026-01-06T11:32:00+00:00,2647.27,2647.33,2647.00,2647.13,117
2026-01-06T11:33:00+00:00,2647.13,2647.37,2647.08,2647.21,409
2026-01-06T11:34:00+00:00,2647.21,2647.27,2647.07,2647.16,766
2026-01-06T11:35:00+00:00,2647.16,2647.16,2646.97,2647.02,6
2026-01-06T11:36:00+00:00,2647.02,2647.07,2646.93,2646.96,253
2026-01-06T11:37:00+00:00,2646.96,2647.14,2646.78,2646.79,314
2026-01-06T11:38:00+00:00,2646.79,2646.88,2646.22,2646.47,640
2026-01-06T11:39:00+00:00,2646.47,2646.54,2646.35,2646.46,262
2026-01-06T11:40:00+00:00,2646.46,2646.50,2646.38,2646.49,264
2026-01-06T11:41:00+00:00,2646.49,2646.61,2645.99,2646.07,738
2026-01-06T11:42:00+00:00,2646.07,2646.49,2646.02,2646.31,319
2026-01-06T11:43:00+00:00,2646.31,2646.36,2646.11,2646.23,600
2026-01-06T11:44:00+00:00,2646.23,2646.39,2645.79,2645.81,375
2026-01-06T11:45:00+00:00,2645.81,2646.08,2645.62,2646.00,740
2026-01-06T11:46:00+00:00,2646.00,2646.05,2645.91,2645.99,196
2026-01-06T11:47:00+00:00,2645.99,2646.01,2645.92,2645.94,134
2026-01-06T11:48:00+00:00,2645.94,2645.95,2645.86,2645.92,294
2026-01-06T11:49:00+00:00,2645.92,2646.01,2645.71,2645.76,337
2026-01-06T11:50:00+00:00,2645.76,2645.76,2645.53,2645.69,93
2026-01-06T11:51:00+00:00,2645.69,2645.78,2645.68,2645.69,147
2026-01-06T11:52:00+00:00,2645.69,2645.77,2645.51,2645.75,39
2026-01-06T11:53:00+00:00,2645.75,2646.38,2645.63,2646.23,193
2026-01-06T11:54:00+00:00,2646.23,2646.27,2646.02,2646.21,525
2026-01-06T11:55:00+00:00,2646.21,2646.28,2645.78,2645.90,216
2026-01-06T11:56:00+00:00,2645.90,2646.05,2645.75,2645.77,599
2026-01-06T11:57:00+00:00,2645.77,2645.84,2645.75,2645.76,349
2026-01-06T11:58:00+00:00,2645.76,2645.87,2645.73,2645.84,763
2026-01-06T11:59:00+00:00,2645.84,2645.96,2645.77,2645.90,157
2026-01-06T12:00:00+00:00,2645.90,2645.99,2645.52,2645.57,753
2026-01-06T12:01:00+00:00,2645.57,2645.69,2645.56,2645.58,52
2026-01-06T12:02:00+00:00,2645.58,2646.05,2645.48,2645.90,90
2026-01-06T12:03:00+00:00,2645.90,2645.98,2645.78,2645.93,248
2026-01-06T12:04:00+00:00,2645.93,2646.20,2645.89,2646.17,73
2026-01-06T12:05:00+00:00,2646.17,2646.22,2646.07,2646.21,76
2026-01-06T12:06:00+00:00,2646.21,2646.54,2646.21,2646.22,49
2026-01-06T12:07:00+00:00,2646.22,2646.23,2646.00,2646.07,576
2026-01-06T12:08:00+00:00,2646.07,2646.28,2645.81,2645.96,460
2026-01-06T12:09:00+00:00,2645.96,2646.18,2645.94,2646.04,1168
2026-01-06T12:10:00+00:00,2646.04,2646.33,2645.90,2646.20,291
2026-01-06T12:11:00+00:00,2646.20,2646.34,2645.98,2646.11,821
2026-01-06T12:12:00+00:00,2646.11,2646.16,2645.50,2645.77,390
2026-01-06T12:13:00+00:00,2645.77,2645.95,2645.57,2645.70,252
2026-01-06T12:14:00+00:00,2645.70,2646.05,2645.48,2646.05,117
2026-01-06T12:15:00+00:00,2646.05,2646.14,2645.83,2645.83,25
2026-01-06T12:16:00+00:00,2645.83,2646.21,2645.81,2646.06,666
2026-01-06T12:17:00+00:00,2646.06,2646.16,2646.01,2646.11,368
2026-01-06T12:18:00+00:00,2646.11,2646.21,2645.77,2645.85,528
2026-01-06T12:19:00+00:00,2645.85,2646.23,2645.78,2646.13,1124
2026-01-06T12:20:00+00:00,2646.13,2646.43,2646.12,2646.24,416
2026-01-06T12:21:00+00:00,2646.24,2646.30,2645.90,2646.02,766
2026-01-06T12:22:00+00:00,2646.02,2646.16,2645.86,2645.90,82
2026-01-06T12:23:00+00:00,2645.90,2645.99,2645.77,2645.81,141
2026-01-06T12:24:00+00:00,2645.81,2645.82,2645.45,2645.48,846
2026-01-06T12:25:00+00:00,2645.48,2645.56,2645.45,2645.55,152
2026-01-06T12:26:00+00:00,2645.55,2645.90,2645.54,2645.82,461
2026-01-06T12:27:00+00:00,2645.82,2646.25,2645.66,2646.20,404
2026-01-06T12:28:00+00:00,2646.20,2646.34,2646.16,2646.26,212
2026-01-06T12:29:00+00:00,2646.26,2646.33,2646.08,2646.18,94
2026-01-06T12:30:00+00:00,2646.18,2646.40,2646.14,2646.36,39
2026-01-06T12:31:00+00:00,2646.36,2646.56,2646.30,2646.33,815
2026-01-06T12:32:00+00:00,2646.33,2646.34,2645.80,2645.89,499
2026-01-06T12:33:00+00:00,2645.89,2646.28,2645.79,2646.13,511
2026-01-06T12:34:00+00:00,2646.13,2646.22,2646.07,2646.12,777
2026-01-06T12:35:00+00:00,2646.12,2646.15,2645.89,2645.93,626
2026-01-06T12:36:00+00:00,2645.93,2646.12,2645.87,2646.04,154
2026-01-06T12:37:00+00:00,2646.04,2646.05,2645.95,2645.97,20
2026-01-06T12:38:00+00:00,2645.97,2646.70,2645.92,2646.55,495
2026-01-06T12:39:00+00:00,2646.55,2646.57,2646.26,2646.35,270
2026-01-06T12:40:00+00:00,2646.35,2646.39,2646.15,2646.28,209
2026-01-06T12:41:00+00:00,2646.28,2646.52,2646.24,2646.37,134
2026-01-06T12:42:00+00:00,2646.37,2646.44,2646.36,2646.41,272
2026-01-06T12:43:00+00:00,2646.41,2646.62,2646.25,2646.27,86
2026-01-06T12:44:00+00:00,2646.27,2646.46,2646.18,2646.45,480
2026-01-06T12:45:00+00:00,2646.45,2646.90,2646.42,2646.84,265
2026-01-06T12:46:00+00:00,2646.84,2646.99,2646.83,2646.93,292
2026-01-06T12:47:00+00:00,2646.93,2647.02,2646.75,2646.83,439
2026-01-06T12:48:00+00:00,2646.83,2647.03,2646.69,2646.97,40
2026-01-06T12:49:00+00:00,2646.97,2646.99,2646.30,2646.61,478
2026-01-06T12:50:00+00:00,2646.61,2646.71,2646.51,2646.57,332
2026-01-06T12:51:00+00:00,2646.57,2646.87,2646.44,2646.76,880
2026-01-06T12:52:00+00:00,2646.76,2646.91,2646.67,2646.83,611
2026-01-06T12:53:00+00:00,2646.83,2646.85,2646.64,2646.72,68
2026-01-06T12:54:00+00:00,2646.72,2646.88,2646.62,2646.62,282
2026-01-06T12:55:00+00:00,2646.62,2646.65,2646.61,2646.63,546
2026-01-06T12:56:00+00:00,2646.63,2646.76,2646.53,2646.75,1240
2026-01-06T12:57:00+00:00,2646.75,2647.17,2646.62,2647.14,227
2026-01-06T12:58:00+00:00,2647.14,2647.32,2647.11,2647.30,604
2026-01-06T12:59:00+00:00,2647.30,2647.37,2647.02,2647.19,156
2026-01-06T13:00:00+00:00,2647.19,2647.25,2647.03,2647.06,23
2026-01-06T13:01:00+00:00,2647.06,2647.21,2646.88,2646.98,51
2026-01-06T13:02:00+00:00,2646.98,2647.40,2646.96,2647.28,856
2026-01-06T13:03:00+00:00,2647.28,2647.37,2647.00,2647.02,156
2026-01-06T13:04:00+00:00,2647.02,2647.17,2646.83,2647.03,764
2026-01-06T13:05:00+00:00,2647.03,2647.06,2646.46,2646.53,40
2026-01-06T13:06:00+00:00,2646.53,2646.60,2646.37,2646.50,826
2026-01-06T13:07:00+00:00,2646.50,2646.60,2646.42,2646.43,74
2026-01-06T13:08:00+00:00,2646.43,2646.94,2646.41,2646.80,387
2026-01-06T13:09:00+00:00,2646.80,2647.14,2646.71,2647.09,209
2026-01-06T13:10:00+00:00,2647.09,2647.33,2646.96,2647.22,351
2026-01-06T13:11:00+00:00,2647.22,2647.45,2647.21,2647.39,199
2026-01-06T13:12:00+00:00,2647.39,2647.72,2647.27,2647.61,986
2026-01-06T13:13:00+00:00,2647.61,2648.07,2647.40,2647.98,55
2026-01-06T13:14:00+00:00,2647.98,2648.07,2647.80,2647.82,595
2026-01-06T13:15:00+00:00,2647.82,2647.84,2647.47,2647.49,37
2026-01-06T13:16:00+00:00,2647.49,2647.55,2647.19,2647.20,61
2026-01-06T13:17:00+00:00,2647.20,2647.40,2647.19,2647.38,358
2026-01-06T13:18:00+00:00,2647.38,2647.44,2647.23,2647.26,304
2026-01-06T13:19:00+00:00,2647.26,2647.47,2647.21,2647.44,116
2026-01-06T13:20:00+00:00,2647.44,2647.50,2647.32,2647.36,337
2026-01-06T13:21:00+00:00,2647.36,2647.50,2647.25,2647.48,649
2026-01-06T13:22:00+00:00,2647.48,2647.55,2646.85,2646.97,678
2026-01-06T13:23:00+00:00,2646.97,2647.41,2646.93,2647.22,387
2026-01-06T13:24:00+00:00,2647.22,2647.26,2647.07,2647.12,467
2026-01-06T13:25:00+00:00,2647.12,2647.67,2647.07,2647.44,358
2026-01-06T13:26:00+00:00,2647.44,2647.62,2647.33,2647.57,355
2026-01-06T13:27:00+00:00,2647.57,2647.60,2647.45,2647.45,347
2026-01-06T13:28:00+00:00,2647.45,2647.49,2647.42,2647.42,16
2026-01-06T13:29:00+00:00,2647.42,2647.46,2647.42,2647.45,412
2026-01-06T13:30:00+00:00,2647.45,2648.00,2647.29,2647.82,43
2026-01-06T13:31:00+00:00,2647.82,2648.36,2647.74,2648.19,962
2026-01-06T13:32:00+00:00,2648.19,2648.24,2647.78,2647.84,255
2026-01-06T13:33:00+00:00,2647.84,2648.20,2647.78,2648.08,273
2026-01-06T13:34:00+00:00,2648.08,2648.25,2648.03,2648.16,163
2026-01-06T13:35:00+00:00,2648.16,2648.50,2648.12,2648.46,1000
2026-01-06T13:36:00+00:00,2648.46,2648.62,2647.99,2648.21,319
2026-01-06T13:37:00+00:00,2648.21,2648.67,2648.11,2648.50,343
2026-01-06T13:38:00+00:00,2648.50,2648.73,2648.48,2648.69,514
2026-01-06T13:39:00+00:00,2648.69,2648.70,2648.18,2648.33,709
2026-01-06T13:40:00+00:00,2648.33,2648.44,2647.68,2647.71,1281
2026-01-06T13:41:00+00:00,2647.71,2647.75,2647.49,2647.74,906
2026-01-06T13:42:00+00:00,2647.74,2648.57,2647.60,2648.21,211
2026-01-06T13:43:00+00:00,2648.21,2648.50,2648.20,2648.40,859
2026-01-06T13:44:00+00:00,2648.40,2648.62,2648.34,2648.58,70
2026-01-06T13:45:00+00:00,2648.58,2648.98,2648.48,2648.80,180
2026-01-06T13:46:00+00:00,2648.80,2648.92,2648.48,2648.63,536
2026-01-06T13:47:00+00:00,2648.63,2648.97,2648.25,2648.88,274
2026-01-06T13:48:00+00:00,2648.88,2649.02,2648.45,2648.59,435
2026-01-06T13:49:00+00:00,2648.59,2648.72,2648.49,2648.63,398
2026-01-06T13:50:00+00:00,2648.63,2648.63,2648.32,2648.44,536
2026-01-06T13:51:00+00:00,2648.44,2648.54,2648.31,2648.46,953
2026-01-06T13:52:00+00:00,2648.46,2648.59,2648.41,2648.42,580
2026-01-06T13:53:00+00:00,2648.42,2648.68,2647.89,2648.13,582
2026-01-06T13:54:00+00:00,2648.13,2648.23,2647.85,2648.00,1433
2026-01-06T13:55:00+00:00,2648.00,2648.07,2647.98,2648.05,10
2026-01-06T13:56:00+00:00,2648.05,2648.31,2647.80,2647.88,903
2026-01-06T13:57:00+00:00,2647.88,2648.50,2647.81,2648.27,442
2026-01-06T13:58:00+00:00,2648.27,2648.94,2648.17,2648.86,292
2026-01-06T13:59:00+00:00,2648.86,2649.22,2648.84,2649.05,105
2026-01-06T14:00:00+00:00,2649.05,2649.30,2648.90,2649.00,63
2026-01-06T14:01:00+00:00,2649.00,2649.10,2648.74,2648.79,885
2026-01-06T14:02:00+00:00,2648.79,2649.25,2648.62,2649.21,1331
2026-01-06T14:03:00+00:00,2649.21,2649.45,2649.12,2649.13,785
2026-01-06T14:04:00+00:00,2649.13,2649.81,2649.03,2649.63,485
2026-01-06T14:05:00+00:00,2649.63,2649.84,2649.10,2649.25,190
2026-01-06T14:06:00+00:00,2649.25,2649.51,2648.91,2649.25,135
2026-01-06T14:07:00+00:00,2649.25,2650.22,2649.23,2649.94,130
2026-01-06T14:08:00+00:00,2649.94,2649.95,2649.91,2649.91,384
2026-01-06T14:09:00+00:00,2649.91,2649.93,2649.49,2649.67,477
2026-01-06T14:10:00+00:00,2649.67,2649.68,2649.58,2649.61,115
2026-01-06T14:11:00+00:00,2649.61,2649.73,2649.28,2649.39,1117
2026-01-06T14:12:00+00:00,2649.39,2649.77,2649.11,2649.75,666
2026-01-06T14:13:00+00:00,2649.75,2650.14,2649.74,2650.05,88
2026-01-06T14:14:00+00:00,2650.05,2650.11,2649.41,2649.48,236
2026-01-06T14:15:00+00:00,2649.48,2649.49,2649.00,2649.10,360
2026-01-06T14:16:00+00:00,2649.10,2649.27,2649.05,2649.18,776
2026-01-06T14:17:00+00:00,2649.18,2649.36,2649.17,2649.17,980
2026-01-06T14:18:00+00:00,2649.17,2649.23,2648.69,2648.93,118
2026-01-06T14:19:00+00:00,2648.93,2649.25,2648.58,2648.62,179
2026-01-06T14:20:00+00:00,2648.62,2648.77,2648.54,2648.71,779
2026-01-06T14:21:00+00:00,2648.71,2649.25,2648.35,2649.24,724
2026-01-06T14:22:00+00:00,2649.24,2649.24,2649.14,2649.19,652
2026-01-06T14:23:00+00:00,2649.19,2649.27,2648.60,2648.65,173
2026-01-06T14:24:00+00:00,2648.65,2648.77,2648.33,2648.51,46
2026-01-06T14:25:00+00:00,2648.51,2648.54,2648.34,2648.50,523
2026-01-06T14:26:00+00:00,2648.50,2648.55,2648.24,2648.26,50
2026-01-06T14:27:00+00:00,2648.26,2648.58,2648.12,2648.45,296
2026-01-06T14:28:00+00:00,2648.45,2648.57,2648.40,2648.46,425
2026-01-06T14:29:00+00:00,2648.46,2648.87,2648.45,2648.83,842
2026-01-06T14:30:00+00:00,2648.83,2649.12,2648.80,2649.04,651
2026-01-06T14:31:00+00:00,2649.04,2649.20,2648.79,2648.98,529
2026-01-06T14:32:00+00:00,2648.98,2649.10,2648.68,2648.83,538
2026-01-06T14:33:00+00:00,2648.83,2648.93,2648.71,2648.81,492
2026-01-06T14:34:00+00:00,2648.81,2649.04,2648.56,2649.01,1041
2026-01-06T14:35:00+00:00,2649.01,2650.05,2649.01,2649.90,651
2026-01-06T14:36:00+00:00,2649.90,2650.16,2649.78,2650.03,187
2026-01-06T14:37:00+00:00,2650.03,2650.47,2649.96,2650.46,615
2026-01-06T14:38:00+00:00,2650.46,2650.56,2649.88,2650.14,303
2026-01-06T14:39:00+00:00,2650.14,2650.23,2649.70,2649.75,294
2026-01-06T14:40:00+00:00,2649.75,2649.86,2649.41,2649.49,380
2026-01-06T14:41:00+00:00,2649.49,2650.01,2649.47,2649.81,752
2026-01-06T14:42:00+00:00,2649.81,2649.96,2649.60,2649.62,440
2026-01-06T14:43:00+00:00,2649.62,2650.09,2649.35,2649.95,1012
2026-01-06T14:44:00+00:00,2649.95,2650.04,2649.90,2649.90,413
2026-01-06T14:45:00+00:00,2649.90,2649.90,2649.70,2649.74,618
2026-01-06T14:46:00+00:00,2649.74,2649.83,2649.36,2649.55,828
2026-01-06T14:47:00+00:00,2649.55,2649.68,2649.51,2649.68,921
2026-01-06T14:48:00+00:00,2649.68,2649.96,2649.51,2649.84,456
2026-01-06T14:49:00+00:00,2649.84,2650.19,2649.80,2649.93,1074
2026-01-06T14:50:00+00:00,2649.93,2650.36,2649.92,2650.24,544
2026-01-06T14:51:00+00:00,2650.24,2650.25,2649.60,2649.77,39
2026-01-06T14:52:00+00:00,2649.77,2649.86,2649.63,2649.81,20
2026-01-06T14:53:00+00:00,2649.81,2649.87,2649.59,2649.81,511
2026-01-06T14:54:00+00:00,2649.81,2649.85,2648.94,2649.22,675
2026-01-06T14:55:00+00:00,2649.22,2649.38,2649.22,2649.31,843
2026-01-06T14:56:00+00:00,2649.31,2649.46,2649.15,2649.25,342
2026-01-06T14:57:00+00:00,2649.25,2649.39,2648.95,2649.12,90
2026-01-06T14:58:00+00:00,2649.12,2649.62,2649.10,2649.42,800
2026-01-06T14:59:00+00:00,2649.42,2649.63,2649.34,2649.54,719
2026-01-06T15:00:00+00:00,2649.54,2649.76,2649.31,2649.33,135
2026-01-06T15:01:00+00:00,2649.33,2649.48,2648.99,2649.37,782
2026-01-06T15:02:00+00:00,2649.37,2649.50,2649.08,2649.11,37
2026-01-06T15:03:00+00:00,2649.11,2649.20,2648.54,2648.77,942
2026-01-06T15:04:00+00:00,2648.77,2649.01,2648.60,2648.78,298
2026-01-06T15:05:00+00:00,2648.78,2648.94,2648.53,2648.56,104
2026-01-06T15:06:00+00:00,2648.56,2649.17,2648.37,2649.16,318
2026-01-06T15:07:00+00:00,2649.16,2649.18,2649.04,2649.14,289
2026-01-06T15:08:00+00:00,2649.14,2649.26,2648.97,2649.17,423
2026-01-06T15:09:00+00:00,2649.17,2649.28,2649.01,2649.24,370
2026-01-06T15:10:00+00:00,2649.24,2649.26,2649.10,2649.20,472
2026-01-06T15:11:00+00:00,2649.20,2649.37,2649.16,2649.30,928
2026-01-06T15:12:00+00:00,2649.30,2649.70,2649.10,2649.40,705
2026-01-06T15:13:00+00:00,2649.40,2649.52,2649.14,2649.27,67
2026-01-06T15:14:00+00:00,2649.27,2649.38,2649.05,2649.22,954
2026-01-06T15:15:00+00:00,2649.22,2649.34,2649.12,2649.29,99
2026-01-06T15:16:00+00:00,2649.29,2649.32,2648.95,2649.07,198
2026-01-06T15:17:00+00:00,2649.07,2649.47,2648.70,2649.41,374
2026-01-06T15:18:00+00:00,2649.41,2649.51,2649.22,2649.27,106
2026-01-06T15:19:00+00:00,2649.27,2649.36,2648.70,2648.85,727
2026-01-06T15:20:00+00:00,2648.85,2649.13,2648.81,2648.91,366
2026-01-06T15:21:00+00:00,2648.91,2649.11,2648.81,2649.07,26
2026-01-06T15:22:00+00:00,2649.07,2649.11,2648.84,2649.03,449
2026-01-06T15:23:00+00:00,2649.03,2649.34,2648.88,2648.92,433
2026-01-06T15:24:00+00:00,2648.92,2649.00,2648.86,2648.97,1950
2026-01-06T15:25:00+00:00,2648.97,2649.54,2648.95,2649.50,988
2026-01-06T15:26:00+00:00,2649.50,2649.73,2649.47,2649.70,476
2026-01-06T15:27:00+00:00,2649.70,2649.75,2649.56,2649.67,15
2026-01-06T15:28:00+00:00,2649.67,2649.99,2649.54,2649.93,1411
2026-01-06T15:29:00+00:00,2649.93,2650.42,2649.92,2650.21,269
2026-01-06T15:30:00+00:00,2650.21,2650.33,2650.06,2650.18,486
2026-01-06T15:31:00+00:00,2650.18,2650.33,2649.71,2649.73,595
2026-01-06T15:32:00+00:00,2649.73,2649.98,2649.55,2649.66,896
2026-01-06T15:33:00+00:00,2649.66,2650.11,2649.30,2649.34,114
2026-01-06T15:34:00+00:00,2649.34,2649.94,2649.23,2649.64,584
2026-01-06T15:35:00+00:00,2649.64,2649.71,2649.30,2649.31,1156
2026-01-06T15:36:00+00:00,2649.31,2649.90,2649.16,2649.70,134
2026-01-06T15:37:00+00:00,2649.70,2649.74,2649.37,2649.54,163
2026-01-06T15:38:00+00:00,2649.54,2649.86,2648.98,2649.09,138
2026-01-06T15:39:00+00:00,2649.09,2649.24,2649.04,2649.09,736
2026-01-06T15:40:00+00:00,2649.09,2649.30,2649.05,2649.15,173
2026-01-06T15:41:00+00:00,2649.15,2649.18,2648.81,2648.82,809
2026-01-06T15:42:00+00:00,2648.82,2648.96,2648.21,2648.36,977
2026-01-06T15:43:00+00:00,2648.36,2648.94,2648.32,2648.78,877
2026-01-06T15:44:00+00:00,2648.78,2648.97,2648.51,2648.89,147
2026-01-06T15:45:00+00:00,2648.89,2649.20,2648.89,2649.04,429
2026-01-06T15:46:00+00:00,2649.04,2649.10,2648.89,2648.97,188
2026-01-06T15:47:00+00:00,2648.97,2649.20,2648.79,2648.90,645
2026-01-06T15:48:00+00:00,2648.90,2649.10,2648.25,2648.40,153
2026-01-06T15:49:00+00:00,2648.40,2648.52,2648.14,2648.16,194
2026-01-06T15:50:00+00:00,2648.16,2648.50,2648.14,2648.48,289
2026-01-06T15:51:00+00:00,2648.48,2648.76,2648.42,2648.73,1497
2026-01-06T15:52:00+00:00,2648.73,2648.86,2648.56,2648.81,517
2026-01-06T15:53:00+00:00,2648.81,2648.89,2648.60,2648.82,102
2026-01-06T15:54:00+00:00,2648.82,2648.88,2648.52,2648.80,289
2026-01-06T15:55:00+00:00,2648.80,2649.04,2648.76,2648.89,341
2026-01-06T15:56:00+00:00,2648.89,2648.92,2648.66,2648.69,583
2026-01-06T15:57:00+00:00,2648.69,2648.78,2648.57,2648.68,29
2026-01-06T15:58:00+00:00,2648.68,2648.76,2648.14,2648.28,181
2026-01-06T15:59:00+00:00,2648.28,2648.53,2648.16,2648.37,620
2026-01-06T16:00:00+00:00,2648.37,2648.56,2648.22,2648.23,334
2026-01-06T16:01:00+00:00,2648.23,2648.63,2648.10,2648.60,216
2026-01-06T16:02:00+00:00,2648.60,2648.68,2648.53,2648.67,61
2026-01-06T16:03:00+00:00,2648.67,2648.71,2648.21,2648.22,142
2026-01-06T16:04:00+00:00,2648.22,2648.23,2647.83,2647.84,172
2026-01-06T16:05:00+00:00,2647.84,2647.98,2647.48,2647.52,158
2026-01-06T16:06:00+00:00,2647.52,2647.79,2646.85,2647.00,1071
2026-01-06T16:07:00+00:00,2647.00,2647.01,2646.69,2646.81,438
2026-01-06T16:08:00+00:00,2646.81,2646.99,2646.62,2646.95,445
2026-01-06T16:09:00+00:00,2646.95,2647.05,2646.90,2646.94,340
2026-01-06T16:10:00+00:00,2646.94,2647.69,2646.75,2647.53,1244
2026-01-06T16:11:00+00:00,2647.53,2647.61,2647.42,2647.52,236
2026-01-06T16:12:00+00:00,2647.52,2648.01,2647.50,2647.82,499
2026-01-06T16:13:00+00:00,2647.82,2647.90,2647.44,2647.46,591
2026-01-06T16:14:00+00:00,2647.46,2647.48,2647.13,2647.25,312
2026-01-06T16:15:00+00:00,2647.25,2647.32,2646.96,2647.13,179
2026-01-06T16:16:00+00:00,2647.13,2647.41,2646.92,2647.14,262
2026-01-06T16:17:00+00:00,2647.14,2647.62,2646.98,2647.39,613
2026-01-06T16:18:00+00:00,2647.39,2648.03,2647.38,2647.83,1548
2026-01-06T16:19:00+00:00,2647.83,2648.09,2647.71,2647.82,617
2026-01-06T16:20:00+00:00,2647.82,2648.21,2647.75,2648.01,386
2026-01-06T16:21:00+00:00,2648.01,2648.04,2647.99,2647.99,298
2026-01-06T16:22:00+00:00,2647.99,2648.31,2647.88,2648.11,383
2026-01-06T16:23:00+00:00,2648.11,2648.63,2648.00,2648.50,138
2026-01-06T16:24:00+00:00,2648.50,2648.73,2648.37,2648.69,445
2026-01-06T16:25:00+00:00,2648.69,2648.96,2648.55,2648.84,363
2026-01-06T16:26:00+00:00,2648.84,2649.16,2648.73,2649.07,22
2026-01-06T16:27:00+00:00,2649.07,2649.40,2648.89,2649.23,49
2026-01-06T16:28:00+00:00,2649.23,2649.28,2648.92,2648.97,424
2026-01-06T16:29:00+00:00,2648.97,2649.14,2648.69,2648.94,287
2026-01-06T16:30:00+00:00,2648.94,2649.28,2648.90,2649.21,135
2026-01-06T16:31:00+00:00,2649.21,2649.29,2649.07,2649.14,336
2026-01-06T16:32:00+00:00,2649.14,2649.29,2649.13,2649.28,484
2026-01-06T16:33:00+00:00,2649.28,2649.91,2649.18,2649.71,669
2026-01-06T16:34:00+00:00,2649.71,2649.72,2649.68,2649.71,207
2026-01-06T16:35:00+00:00,2649.71,2649.79,2649.68,2649.68,275
2026-01-06T16:36:00+00:00,2649.68,2649.81,2649.49,2649.62,1101
2026-01-06T16:37:00+00:00,2649.62,2649.66,2649.32,2649.45,846
2026-01-06T16:38:00+00:00,2649.45,2649.46,2649.07,2649.22,679
2026-01-06T16:39:00+00:00,2649.22,2649.42,2648.72,2648.80,520
2026-01-06T16:40:00+00:00,2648.80,2649.11,2648.65,2649.01,921
2026-01-06T16:41:00+00:00,2649.01,2649.07,2648.80,2648.89,655
2026-01-06T16:42:00+00:00,2648.89,2648.99,2648.67,2648.76,378
2026-01-06T16:43:00+00:00,2648.76,2648.94,2648.54,2648.85,116
2026-01-06T16:44:00+00:00,2648.85,2648.85,2648.73,2648.79,598
2026-01-06T16:45:00+00:00,2648.79,2648.81,2648.74,2648.78,27
2026-01-06T16:46:00+00:00,2648.78,2648.88,2648.50,2648.70,810
2026-01-06T16:47:00+00:00,2648.70,2648.92,2648.68,2648.80,41
2026-01-06T16:48:00+00:00,2648.80,2648.88,2648.61,2648.66,308
2026-01-06T16:49:00+00:00,2648.66,2648.83,2648.35,2648.49,408
2026-01-06T16:50:00+00:00,2648.49,2648.60,2648.37,2648.40,287
2026-01-06T16:51:00+00:00,2648.40,2648.65,2648.33,2648.58,118
2026-01-06T16:52:00+00:00,2648.58,2648.60,2648.37,2648.42,439
2026-01-06T16:53:00+00:00,2648.42,2648.67,2648.32,2648.66,414
2026-01-06T16:54:00+00:00,2648.66,2648.96,2648.58,2648.85,470
2026-01-06T16:55:00+00:00,2648.85,2648.94,2648.74,2648.87,24
2026-01-06T16:56:00+00:00,2648.87,2648.92,2648.52,2648.76,335
2026-01-06T16:57:00+00:00,2648.76,2648.89,2648.57,2648.63,1
2026-01-06T16:58:00+00:00,2648.63,2649.01,2648.44,2648.98,396
2026-01-06T16:59:00+00:00,2648.98,2649.10,2648.37,2648.60,205
2026-01-06T17:00:00+00:00,2648.60,2648.78,2648.44,2648.70,259
2026-01-06T17:01:00+00:00,2648.70,2648.75,2648.54,2648.60,159
2026-01-06T17:02:00+00:00,2648.60,2648.85,2648.56,2648.76,375
2026-01-06T17:03:00+00:00,2648.76,2648.91,2648.31,2648.40,427
2026-01-06T17:04:00+00:00,2648.40,2648.43,2648.14,2648.31,113
2026-01-06T17:05:00+00:00,2648.31,2648.41,2648.23,2648.32,211
2026-01-06T17:06:00+00:00,2648.32,2648.39,2648.10,2648.16,50
2026-01-06T17:07:00+00:00,2648.16,2648.17,2647.62,2647.80,171
2026-01-06T17:08:00+00:00,2647.80,2647.81,2647.38,2647.55,591
2026-01-06T17:09:00+00:00,2647.55,2647.80,2647.50,2647.58,536
2026-01-06T17:10:00+00:00,2647.58,2647.77,2647.56,2647.74,346
2026-01-06T17:11:00+00:00,2647.74,2647.80,2647.37,2647.51,355
2026-01-06T17:12:00+00:00,2647.51,2647.54,2647.28,2647.31,712
2026-01-06T17:13:00+00:00,2647.31,2647.44,2646.38,2646.49,968
2026-01-06T17:14:00+00:00,2646.49,2646.65,2646.30,2646.48,354
2026-01-06T17:15:00+00:00,2646.48,2646.56,2646.33,2646.34,354
2026-01-06T17:16:00+00:00,2646.34,2646.48,2646.10,2646.11,27
2026-01-06T17:17:00+00:00,2646.11,2646.49,2645.91,2646.38,15
2026-01-06T17:18:00+00:00,2646.38,2646.73,2645.99,2646.11,835
2026-01-06T17:19:00+00:00,2646.11,2646.15,2646.05,2646.09,172
2026-01-06T17:20:00+00:00,2646.09,2646.22,2646.07,2646.14,95
2026-01-06T17:21:00+00:00,2646.14,2646.51,2645.99,2646.42,287
2026-01-06T17:22:00+00:00,2646.42,2646.51,2646.31,2646.35,241
2026-01-06T17:23:00+00:00,2646.35,2646.49,2646.24,2646.41,278
2026-01-06T17:24:00+00:00,2646.41,2646.46,2646.11,2646.12,56
2026-01-06T17:25:00+00:00,2646.12,2646.23,2645.75,2645.94,287
2026-01-06T17:26:00+00:00,2645.94,2646.32,2645.87,2646.30,250
2026-01-06T17:27:00+00:00,2646.30,2646.64,2646.28,2646.62,403
2026-01-06T17:28:00+00:00,2646.62,2646.78,2646.50,2646.65,592
2026-01-06T17:29:00+00:00,2646.65,2646.79,2646.52,2646.68,91
2026-01-06T17:30:00+00:00,2646.68,2646.89,2646.67,2646.74,209
2026-01-06T17:31:00+00:00,2646.74,2646.83,2646.58,2646.64,225
2026-01-06T17:32:00+00:00,2646.64,2646.90,2646.61,2646.88,841
2026-01-06T17:33:00+00:00,2646.88,2646.97,2646.88,2646.95,107
2026-01-06T17:34:00+00:00,2646.95,2647.03,2646.67,2646.73,392
2026-01-06T17:35:00+00:00,2646.73,2646.82,2646.52,2646.59,34
2026-01-06T17:36:00+00:00,2646.59,2646.63,2646.14,2646.24,249
2026-01-06T17:37:00+00:00,2646.24,2646.36,2646.16,2646.21,227
2026-01-06T17:38:00+00:00,2646.21,2646.35,2646.06,2646.33,510
2026-01-06T17:39:00+00:00,2646.33,2646.47,2646.07,2646.13,1317
2026-01-06T17:40:00+00:00,2646.13,2646.29,2645.70,2645.74,82
2026-01-06T17:41:00+00:00,2645.74,2646.05,2645.68,2646.00,287
2026-01-06T17:42:00+00:00,2646.00,2646.03,2645.60,2645.69,32
2026-01-06T17:43:00+00:00,2645.69,2646.30,2645.67,2646.21,582
2026-01-06T17:44:00+00:00,2646.21,2646.23,2646.16,2646.20,433
2026-01-06T17:45:00+00:00,2646.20,2646.39,2646.07,2646.31,523
2026-01-06T17:46:00+00:00,2646.31,2646.50,2646.08,2646.20,66
2026-01-06T17:47:00+00:00,2646.20,2646.30,2645.97,2646.15,177
2026-01-06T17:48:00+00:00,2646.15,2646.32,2645.89,2645.93,1110
2026-01-06T17:49:00+00:00,2645.93,2646.05,2645.59,2645.74,360
2026-01-06T17:50:00+00:00,2645.74,2645.94,2645.67,2645.88,389
2026-01-06T17:51:00+00:00,2645.88,2646.08,2645.74,2646.03,128
2026-01-06T17:52:00+00:00,2646.03,2646.12,2645.75,2646.07,273
2026-01-06T17:53:00+00:00,2646.07,2646.15,2645.92,2645.95,370
2026-01-06T17:54:00+00:00,2645.95,2646.18,2645.81,2645.91,55
2026-01-06T17:55:00+00:00,2645.91,2646.00,2645.87,2645.99,293
2026-01-06T17:56:00+00:00,2645.99,2646.15,2645.87,2646.05,14
2026-01-06T17:57:00+00:00,2646.05,2646.50,2645.93,2646.25,491
2026-01-06T17:58:00+00:00,2646.25,2646.53,2646.16,2646.45,178
2026-01-06T17:59:00+00:00,2646.45,2646.81,2646.37,2646.75,3
2026-01-06T18:00:00+00:00,2646.75,2646.78,2646.57,2646.57,499
2026-01-06T18:01:00+00:00,2646.57,2646.75,2646.41,2646.68,25
2026-01-06T18:02:00+00:00,2646.68,2646.85,2646.49,2646.77,686
2026-01-06T18:03:00+00:00,2646.77,2646.86,2646.42,2646.44,671
2026-01-06T18:04:00+00:00,2646.44,2646.51,2646.29,2646.30,231
2026-01-06T18:05:00+00:00,2646.30,2646.32,2645.98,2646.01,564
2026-01-06T18:06:00+00:00,2646.01,2646.09,2645.87,2646.08,664
2026-01-06T18:07:00+00:00,2646.08,2646.13,2645.89,2646.06,722
2026-01-06T18:08:00+00:00,2646.06,2646.29,2646.04,2646.16,211
2026-01-06T18:09:00+00:00,2646.16,2646.33,2646.03,2646.28,449
2026-01-06T18:10:00+00:00,2646.28,2646.30,2646.16,2646.28,21
2026-01-06T18:11:00+00:00,2646.28,2646.37,2646.19,2646.37,380
2026-01-06T18:12:00+00:00,2646.37,2646.47,2646.26,2646.46,314
2026-01-06T18:13:00+00:00,2646.46,2646.90,2646.46,2646.90,25
2026-01-06T18:14:00+00:00,2646.90,2647.11,2646.69,2647.10,64
2026-01-06T18:15:00+00:00,2647.10,2647.19,2646.98,2647.12,871
2026-01-06T18:16:00+00:00,2647.12,2647.19,2647.09,2647.10,121
2026-01-06T18:17:00+00:00,2647.10,2647.20,2646.93,2647.15,450
2026-01-06T18:18:00+00:00,2647.15,2647.36,2647.11,2647.29,122
2026-01-06T18:19:00+00:00,2647.29,2647.38,2647.26,2647.31,193
2026-01-06T18:20:00+00:00,2647.31,2647.31,2647.19,2647.29,496
2026-01-06T18:21:00+00:00,2647.29,2647.75,2647.22,2647.58,425
2026-01-06T18:22:00+00:00,2647.58,2647.76,2647.43,2647.51,222
2026-01-06T18:23:00+00:00,2647.51,2647.66,2647.38,2647.42,613
2026-01-06T18:24:00+00:00,2647.42,2647.43,2647.33,2647.33,38
2026-01-06T18:25:00+00:00,2647.33,2647.50,2647.21,2647.50,91
2026-01-06T18:26:00+00:00,2647.50,2647.54,2647.27,2647.32,333
2026-01-06T18:27:00+00:00,2647.32,2647.55,2647.24,2647.46,14
2026-01-06T18:28:00+00:00,2647.46,2647.58,2647.09,2647.25,411
2026-01-06T18:29:00+00:00,2647.25,2647.32,2647.14,2647.25,582
2026-01-06T18:30:00+00:00,2647.25,2647.51,2647.24,2647.46,407
2026-01-06T18:31:00+00:00,2647.46,2647.71,2647.43,2647.65,43
2026-01-06T18:32:00+00:00,2647.65,2647.72,2647.43,2647.48,626
2026-01-06T18:33:00+00:00,2647.48,2647.52,2647.36,2647.41,52
2026-01-06T18:34:00+00:00,2647.41,2647.73,2647.33,2647.53,194
2026-01-06T18:35:00+00:00,2647.53,2647.68,2647.24,2647.45,196
2026-01-06T18:36:00+00:00,2647.45,2647.50,2647.42,2647.50,122
2026-01-06T18:37:00+00:00,2647.50,2647.64,2647.42,2647.59,159
2026-01-06T18:38:00+00:00,2647.59,2647.80,2647.51,2647.78,195
2026-01-06T18:39:00+00:00,2647.78,2647.96,2647.67,2647.83,62
2026-01-06T18:40:00+00:00,2647.83,2647.91,2647.68,2647.78,567
2026-01-06T18:41:00+00:00,2647.78,2647.83,2647.49,2647.61,214
2026-01-06T18:42:00+00:00,2647.61,2647.72,2647.38,2647.47,264
2026-01-06T18:43:00+00:00,2647.47,2647.68,2647.43,2647.59,775
2026-01-06T18:44:00+00:00,2647.59,2647.63,2647.37,2647.44,176
2026-01-06T18:45:00+00:00,2647.44,2647.45,2647.27,2647.28,89
2026-01-06T18:46:00+00:00,2647.28,2647.32,2647.24,2647.25,149
2026-01-06T18:47:00+00:00,2647.25,2647.31,2647.05,2647.06,169
2026-01-06T18:48:00+00:00,2647.06,2647.15,2646.75,2646.80,415
2026-01-06T18:49:00+00:00,2646.80,2647.16,2646.75,2647.02,48
2026-01-06T18:50:00+00:00,2647.02,2647.11,2646.90,2647.05,852
2026-01-06T18:51:00+00:00,2647.05,2647.06,2646.80,2646.81,145
2026-01-06T18:52:00+00:00,2646.81,2646.88,2646.79,2646.84,222
2026-01-06T18:53:00+00:00,2646.84,2646.89,2646.77,2646.87,774
2026-01-06T18:54:00+00:00,2646.87,2647.14,2646.72,2647.02,43
2026-01-06T18:55:00+00:00,2647.02,2647.24,2647.01,2647.10,415
2026-01-06T18:56:00+00:00,2647.10,2647.28,2646.93,2647.27,207
2026-01-06T18:57:00+00:00,2647.27,2647.28,2647.14,2647.18,98
2026-01-06T18:58:00+00:00,2647.18,2647.26,2647.00,2647.01,171
2026-01-06T18:59:00+00:00,2647.01,2647.25,2646.92,2647.09,652
2026-01-06T19:00:00+00:00,2647.09,2647.27,2647.02,2647.24,388
2026-01-06T19:01:00+00:00,2647.24,2647.31,2647.07,2647.29,168
2026-01-06T19:02:00+00:00,2647.29,2647.34,2647.09,2647.24,635
2026-01-06T19:03:00+00:00,2647.24,2647.47,2647.22,2647.36,218
2026-01-06T19:04:00+00:00,2647.36,2647.38,2647.33,2647.35,246
2026-01-06T19:05:00+00:00,2647.35,2647.44,2647.05,2647.20,172
2026-01-06T19:06:00+00:00,2647.20,2647.27,2647.03,2647.24,261
2026-01-06T19:07:00+00:00,2647.24,2647.36,2647.08,2647.17,60
2026-01-06T19:08:00+00:00,2647.17,2647.38,2647.14,2647.33,646
2026-01-06T19:09:00+00:00,2647.33,2647.63,2647.27,2647.54,368
2026-01-06T19:10:00+00:00,2647.54,2647.58,2647.38,2647.39,222
2026-01-06T19:11:00+00:00,2647.39,2647.52,2647.11,2647.22,834
2026-01-06T19:12:00+00:00,2647.22,2647.31,2646.82,2646.84,87
2026-01-06T19:13:00+00:00,2646.84,2646.90,2646.53,2646.60,114
2026-01-06T19:14:00+00:00,2646.60,2646.69,2646.53,2646.58,50
2026-01-06T19:15:00+00:00,2646.58,2646.65,2646.33,2646.50,153
2026-01-06T19:16:00+00:00,2646.50,2646.58,2646.47,2646.48,473
2026-01-06T19:17:00+00:00,2646.48,2646.71,2646.33,2646.66,182
2026-01-06T19:18:00+00:00,2646.66,2646.66,2646.51,2646.54,424
2026-01-06T19:19:00+00:00,2646.54,2646.84,2646.42,2646.66,94
2026-01-06T19:20:00+00:00,2646.66,2646.70,2646.60,2646.62,490
2026-01-06T19:21:00+00:00,2646.62,2646.71,2646.52,2646.55,81
2026-01-06T19:22:00+00:00,2646.55,2646.67,2646.55,2646.60,277
2026-01-06T19:23:00+00:00,2646.60,2646.67,2646.39,2646.39,105
2026-01-06T19:24:00+00:00,2646.39,2646.41,2646.29,2646.41,229
2026-01-06T19:25:00+00:00,2646.41,2646.44,2646.21,2646.34,259
2026-01-06T19:26:00+00:00,2646.34,2646.38,2646.30,2646.34,22
2026-01-06T19:27:00+00:00,2646.34,2646.44,2646.31,2646.33,4
2026-01-06T19:28:00+00:00,2646.33,2646.37,2646.10,2646.19,799
2026-01-06T19:29:00+00:00,2646.19,2646.50,2646.10,2646.41,169
2026-01-06T19:30:00+00:00,2646.41,2646.41,2646.33,2646.38,671
2026-01-06T19:31:00+00:00,2646.38,2646.42,2646.36,2646.38,97
2026-01-06T19:32:00+00:00,2646.38,2646.52,2646.34,2646.44,609
2026-01-06T19:33:00+00:00,2646.44,2646.50,2646.18,2646.25,10
2026-01-06T19:34:00+00:00,2646.25,2646.30,2646.23,2646.26,575
2026-01-06T19:35:00+00:00,2646.26,2646.31,2646.25,2646.30,237
2026-01-06T19:36:00+00:00,2646.30,2646.33,2646.20,2646.20,256
2026-01-06T19:37:00+00:00,2646.20,2646.31,2646.04,2646.31,8
2026-01-06T19:38:00+00:00,2646.31,2646.41,2646.11,2646.18,110
2026-01-06T19:39:00+00:00,2646.18,2646.18,2645.86,2645.93,204
2026-01-06T19:40:00+00:00,2645.93,2645.95,2645.82,2645.95,21
2026-01-06T19:41:00+00:00,2645.95,2646.06,2645.84,2645.93,170
2026-01-06T19:42:00+00:00,2645.93,2646.23,2645.85,2646.15,86
2026-01-06T19:43:00+00:00,2646.15,2646.23,2645.98,2646.03,678
2026-01-06T19:44:00+00:00,2646.03,2646.07,2645.94,2645.98,72
2026-01-06T19:45:00+00:00,2645.98,2645.98,2645.85,2645.89,12
2026-01-06T19:46:00+00:00,2645.89,2645.97,2645.73,2645.74,204
2026-01-06T19:47:00+00:00,2645.74,2645.79,2645.65,2645.68,113
2026-01-06T19:48:00+00:00,2645.68,2645.77,2645.58,2645.59,251
2026-01-06T19:49:00+00:00,2645.59,2645.63,2645.50,2645.59,75
2026-01-06T19:50:00+00:00,2645.59,2645.66,2645.39,2645.47,177
2026-01-06T19:51:00+00:00,2645.47,2645.49,2645.34,2645.45,263
2026-01-06T19:52:00+00:00,2645.45,2645.54,2645.44,2645.50,276
2026-01-06T19:53:00+00:00,2645.50,2645.62,2645.31,2645.42,403
2026-01-06T19:54:00+00:00,2645.42,2645.47,2645.25,2645.31,77
2026-01-06T19:55:00+00:00,2645.31,2645.37,2645.01,2645.11,506
2026-01-06T19:56:00+00:00,2645.11,2645.15,2644.94,2645.01,117
2026-01-06T19:57:00+00:00,2645.01,2645.03,2644.75,2644.91,270
2026-01-06T19:58:00+00:00,2644.91,2645.24,2644.85,2645.13,182
2026-01-06T19:59:00+00:00,2645.13,2645.15,2645.11,2645.15,105
2026-01-06T20:00:00+00:00,2645.15,2645.23,2645.10,2645.19,252
2026-01-06T20:01:00+00:00,2645.19,2645.19,2645.09,2645.18,238
2026-01-06T20:02:00+00:00,2645.18,2645.25,2645.14,2645.20,90
2026-01-06T20:03:00+00:00,2645.20,2645.30,2645.10,2645.29,133
2026-01-06T20:04:00+00:00,2645.29,2645.59,2645.23,2645.51,100
2026-01-06T20:05:00+00:00,2645.51,2645.58,2645.36,2645.46,87
2026-01-06T20:06:00+00:00,2645.46,2645.73,2645.43,2645.69,23
2026-01-06T20:07:00+00:00,2645.69,2645.91,2645.61,2645.86,259
2026-01-06T20:08:00+00:00,2645.86,2645.91,2645.63,2645.70,470
2026-01-06T20:09:00+00:00,2645.70,2645.73,2645.67,2645.72,508
2026-01-06T20:10:00+00:00,2645.72,2645.87,2645.65,2645.83,49
2026-01-06T20:11:00+00:00,2645.83,2645.86,2645.74,2645.83,425
2026-01-06T20:12:00+00:00,2645.83,2646.01,2645.82,2645.98,154
2026-01-06T20:13:00+00:00,2645.98,2646.11,2645.80,2645.85,14
2026-01-06T20:14:00+00:00,2645.85,2645.89,2645.77,2645.83,203
2026-01-06T20:15:00+00:00,2645.83,2645.92,2645.69,2645.87,219
2026-01-06T20:16:00+00:00,2645.87,2645.90,2645.66,2645.67,516
2026-01-06T20:17:00+00:00,2645.67,2645.73,2645.60,2645.64,248
2026-01-06T20:18:00+00:00,2645.64,2645.66,2645.55,2645.62,101
2026-01-06T20:19:00+00:00,2645.62,2645.82,2645.58,2645.74,160
2026-01-06T20:20:00+00:00,2645.74,2645.95,2645.73,2645.90,223
2026-01-06T20:21:00+00:00,2645.90,2646.10,2645.84,2646.02,171
2026-01-06T20:22:00+00:00,2646.02,2646.09,2645.94,2646.08,617
2026-01-06T20:23:00+00:00,2646.08,2646.17,2646.03,2646.14,372
2026-01-06T20:24:00+00:00,2646.14,2646.17,2646.09,2646.13,60
2026-01-06T20:25:00+00:00,2646.13,2646.23,2646.07,2646.16,40
2026-01-06T20:26:00+00:00,2646.16,2646.43,2646.11,2646.39,77
2026-01-06T20:27:00+00:00,2646.39,2646.55,2646.29,2646.43,146
2026-01-06T20:28:00+00:00,2646.43,2646.69,2646.39,2646.59,573
2026-01-06T20:29:00+00:00,2646.59,2646.67,2646.49,2646.57,195
2026-01-06T20:30:00+00:00,2646.57,2646.57,2646.46,2646.55,392
2026-01-06T20:31:00+00:00,2646.55,2646.65,2646.45,2646.47,103
2026-01-06T20:32:00+00:00,2646.47,2646.54,2646.41,2646.43,68
2026-01-06T20:33:00+00:00,2646.43,2646.55,2646.38,2646.53,612
2026-01-06T20:34:00+00:00,2646.53,2646.57,2646.37,2646.39,347
2026-01-06T20:35:00+00:00,2646.39,2646.49,2646.38,2646.49,323
2026-01-06T20:36:00+00:00,2646.49,2646.50,2646.29,2646.42,329
2026-01-06T20:37:00+00:00,2646.42,2646.43,2646.27,2646.29,68
2026-01-06T20:38:00+00:00,2646.29,2646.37,2646.20,2646.28,156
2026-01-06T20:39:00+00:00,2646.28,2646.56,2646.25,2646.54,178
2026-01-06T20:40:00+00:00,2646.54,2646.55,2646.41,2646.48,232
2026-01-06T20:41:00+00:00,2646.48,2646.67,2646.46,2646.65,164
2026-01-06T20:42:00+00:00,2646.65,2646.77,2646.64,2646.75,204
2026-01-06T20:43:00+00:00,2646.75,2646.88,2646.72,2646.87,1
2026-01-06T20:44:00+00:00,2646.87,2646.94,2646.87,2646.88,686
2026-01-06T20:45:00+00:00,2646.88,2647.02,2646.87,2646.98,88
2026-01-06T20:46:00+00:00,2646.98,2647.14,2646.83,2647.10,376
2026-01-06T20:47:00+00:00,2647.10,2647.27,2647.02,2647.25,271
2026-01-06T20:48:00+00:00,2647.25,2647.47,2647.22,2647.44,45
2026-01-06T20:49:00+00:00,2647.44,2647.46,2647.33,2647.43,66
2026-01-06T20:50:00+00:00,2647.43,2647.61,2647.36,2647.58,114
2026-01-06T20:51:00+00:00,2647.58,2647.72,2647.56,2647.64,416
2026-01-06T20:52:00+00:00,2647.64,2647.84,2647.63,2647.82,101
2026-01-06T20:53:00+00:00,2647.82,2647.91,2647.81,2647.85,167
2026-01-06T20:54:00+00:00,2647.85,2647.90,2647.69,2647.69,295
2026-01-06T20:55:00+00:00,2647.69,2647.71,2647.52,2647.53,348
2026-01-06T20:56:00+00:00,2647.53,2647.61,2647.40,2647.44,119
2026-01-06T20:57:00+00:00,2647.44,2647.45,2647.22,2647.22,96
2026-01-06T20:58:00+00:00,2647.22,2647.42,2647.21,2647.30,328
2026-01-06T20:59:00+00:00,2647.30,2647.35,2647.21,2647.26,112
2026-01-06T21:00:00+00:00,2647.26,2647.36,2647.23,2647.33,59
2026-01-06T21:01:00+00:00,2647.33,2647.34,2647.23,2647.24,140
2026-01-06T21:02:00+00:00,2647.24,2647.33,2647.16,2647.19,197
2026-01-06T21:03:00+00:00,2647.19,2647.28,2647.16,2647.26,183
2026-01-06T21:04:00+00:00,2647.26,2647.26,2647.17,2647.21,479
2026-01-06T21:05:00+00:00,2647.21,2647.28,2647.10,2647.16,322
2026-01-06T21:06:00+00:00,2647.16,2647.28,2647.13,2647.21,95
2026-01-06T21:07:00+00:00,2647.21,2647.27,2647.03,2647.08,197
2026-01-06T21:08:00+00:00,2647.08,2647.18,2647.01,2647.12,47
2026-01-06T21:09:00+00:00,2647.12,2647.39,2647.06,2647.34,19
2026-01-06T21:10:00+00:00,2647.34,2647.35,2647.19,2647.25,178
2026-01-06T21:11:00+00:00,2647.25,2647.29,2647.19,2647.19,249
2026-01-06T21:12:00+00:00,2647.19,2647.27,2647.06,2647.14,587
2026-01-06T21:13:00+00:00,2647.14,2647.20,2646.99,2647.07,11
2026-01-06T21:14:00+00:00,2647.07,2647.11,2646.72,2646.90,9
2026-01-06T21:15:00+00:00,2646.90,2647.01,2646.87,2646.97,306
2026-01-06T21:16:00+00:00,2646.97,2646.98,2646.88,2646.91,240
2026-01-06T21:17:00+00:00,2646.91,2646.95,2646.84,2646.92,266
2026-01-06T21:18:00+00:00,2646.92,2646.96,2646.74,2646.81,340
2026-01-06T21:19:00+00:00,2646.81,2647.08,2646.74,2646.99,171
2026-01-06T21:20:00+00:00,2646.99,2647.25,2646.95,2647.25,21
2026-01-06T21:21:00+00:00,2647.25,2647.28,2647.13,2647.21,159
2026-01-06T21:22:00+00:00,2647.21,2647.23,2647.12,2647.20,174
2026-01-06T21:23:00+00:00,2647.20,2647.32,2647.14,2647.25,235
2026-01-06T21:24:00+00:00,2647.25,2647.46,2647.19,2647.45,196
2026-01-06T21:25:00+00:00,2647.45,2647.49,2647.42,2647.48,119
2026-01-06T21:26:00+00:00,2647.48,2647.50,2647.31,2647.37,172
2026-01-06T21:27:00+00:00,2647.37,2647.61,2647.27,2647.50,51
2026-01-06T21:28:00+00:00,2647.50,2647.51,2647.35,2647.41,519
2026-01-06T21:29:00+00:00,2647.41,2647.46,2647.38,2647.45,58
2026-01-06T21:30:00+00:00,2647.45,2647.60,2647.41,2647.49,170
2026-01-06T21:31:00+00:00,2647.49,2647.50,2647.37,2647.49,406
2026-01-06T21:32:00+00:00,2647.49,2647.56,2647.47,2647.51,184
2026-01-06T21:33:00+00:00,2647.51,2647.74,2647.48,2647.73,421
2026-01-06T21:34:00+00:00,2647.73,2647.78,2647.52,2647.57,219
2026-01-06T21:35:00+00:00,2647.57,2647.78,2647.49,2647.74,339
2026-01-06T21:36:00+00:00,2647.74,2647.80,2647.67,2647.73,52
2026-01-06T21:37:00+00:00,2647.73,2647.74,2647.59,2647.69,122
2026-01-06T21:38:00+00:00,2647.69,2647.74,2647.65,2647.68,34
2026-01-06T21:39:00+00:00,2647.68,2647.91,2647.67,2647.83,282
2026-01-06T21:40:00+00:00,2647.83,2647.87,2647.75,2647.84,89
2026-01-06T21:41:00+00:00,2647.84,2647.90,2647.71,2647.75,283
2026-01-06T21:42:00+00:00,2647.75,2647.80,2647.63,2647.68,124
2026-01-06T21:43:00+00:00,2647.68,2647.76,2647.63,2647.75,99
2026-01-06T21:44:00+00:00,2647.75,2647.97,2647.71,2647.96,91
2026-01-06T21:45:00+00:00,2647.96,2648.05,2647.87,2647.89,141
2026-01-06T21:46:00+00:00,2647.89,2648.01,2647.82,2647.98,206
2026-01-06T21:47:00+00:00,2647.98,2648.17,2647.97,2648.14,513
2026-01-06T21:48:00+00:00,2648.14,2648.19,2648.10,2648.17,563
2026-01-06T21:49:00+00:00,2648.17,2648.18,2648.01,2648.04,356
2026-01-06T21:50:00+00:00,2648.04,2648.17,2648.03,2648.11,414
2026-01-06T21:51:00+00:00,2648.11,2648.13,2648.03,2648.03,21
2026-01-06T21:52:00+00:00,2648.03,2648.27,2647.98,2648.19,172
2026-01-06T21:53:00+00:00,2648.19,2648.22,2648.07,2648.09,79
2026-01-06T21:54:00+00:00,2648.09,2648.28,2648.08,2648.22,101
2026-01-06T21:55:00+00:00,2648.22,2648.30,2648.07,2648.12,729
2026-01-06T21:56:00+00:00,2648.12,2648.16,2647.94,2647.99,134
2026-01-06T21:57:00+00:00,2647.99,2648.03,2647.90,2647.99,221
2026-01-06T21:58:00+00:00,2647.99,2648.16,2647.99,2648.05,252
2026-01-06T21:59:00+00:00,2648.05,2648.13,2648.02,2648.11,151
2026-01-06T22:00:00+00:00,2648.11,2648.15,2648.09,2648.12,34
2026-01-06T22:01:00+00:00,2648.12,2648.30,2648.08,2648.26,50
2026-01-06T22:02:00+00:00,2648.26,2648.28,2648.13,2648.27,96
2026-01-06T22:03:00+00:00,2648.27,2648.40,2648.25,2648.34,75
2026-01-06T22:04:00+00:00,2648.34,2648.36,2648.23,2648.24,332
2026-01-06T22:05:00+00:00,2648.24,2648.25,2648.21,2648.23,249
2026-01-06T22:06:00+00:00,2648.23,2648.33,2648.19,2648.31,95
2026-01-06T22:07:00+00:00,2648.31,2648.36,2648.26,2648.29,83
2026-01-06T22:08:00+00:00,2648.29,2648.29,2648.14,2648.16,384
2026-01-06T22:09:00+00:00,2648.16,2648.45,2648.09,2648.44,23
2026-01-06T22:10:00+00:00,2648.44,2648.45,2648.34,2648.44,107
2026-01-06T22:11:00+00:00,2648.44,2648.47,2648.39,2648.45,455
2026-01-06T22:12:00+00:00,2648.45,2648.57,2648.45,2648.55,64
2026-01-06T22:13:00+00:00,2648.55,2648.57,2648.39,2648.50,206
2026-01-06T22:14:00+00:00,2648.50,2648.54,2648.38,2648.42,63
2026-01-06T22:15:00+00:00,2648.42,2648.48,2648.26,2648.32,6
2026-01-06T22:16:00+00:00,2648.32,2648.32,2648.22,2648.22,515
2026-01-06T22:17:00+00:00,2648.22,2648.32,2648.22,2648.26,44
2026-01-06T22:18:00+00:00,2648.26,2648.38,2648.26,2648.33,87
2026-01-06T22:19:00+00:00,2648.33,2648.54,2648.26,2648.43,148
2026-01-06T22:20:00+00:00,2648.43,2648.57,2648.40,2648.52,409
2026-01-06T22:21:00+00:00,2648.52,2648.76,2648.52,2648.71,93
2026-01-06T22:22:00+00:00,2648.71,2648.74,2648.64,2648.67,405
2026-01-06T22:23:00+00:00,2648.67,2648.84,2648.63,2648.80,221
2026-01-06T22:24:00+00:00,2648.80,2648.83,2648.74,2648.81,98
2026-01-06T22:25:00+00:00,2648.81,2648.85,2648.62,2648.66,380
2026-01-06T22:26:00+00:00,2648.66,2648.68,2648.60,2648.62,484
2026-01-06T22:27:00+00:00,2648.62,2648.63,2648.58,2648.60,7
2026-01-06T22:28:00+00:00,2648.60,2648.62,2648.40,2648.52,67
2026-01-06T22:29:00+00:00,2648.52,2648.57,2648.43,2648.43,269
2026-01-06T22:30:00+00:00,2648.43,2648.68,2648.30,2648.62,125
2026-01-06T22:31:00+00:00,2648.62,2648.69,2648.59,2648.68,229
2026-01-06T22:32:00+00:00,2648.68,2648.82,2648.65,2648.80,94
2026-01-06T22:33:00+00:00,2648.80,2648.81,2648.71,2648.75,109
2026-01-06T22:34:00+00:00,2648.75,2648.83,2648.73,2648.79,87
2026-01-06T22:35:00+00:00,2648.79,2648.81,2648.75,2648.77,292
2026-01-06T22:36:00+00:00,2648.77,2648.86,2648.72,2648.83,14
2026-01-06T22:37:00+00:00,2648.83,2648.89,2648.77,2648.87,147
2026-01-06T22:38:00+00:00,2648.87,2648.90,2648.79,2648.81,137
2026-01-06T22:39:00+00:00,2648.81,2648.81,2648.62,2648.66,278
2026-01-06T22:40:00+00:00,2648.66,2648.71,2648.66,2648.68,177
2026-01-06T22:41:00+00:00,2648.68,2648.78,2648.68,2648.74,217
2026-01-06T22:42:00+00:00,2648.74,2648.81,2648.64,2648.75,182
2026-01-06T22:43:00+00:00,2648.75,2648.79,2648.64,2648.66,249
2026-01-06T22:44:00+00:00,2648.66,2648.82,2648.64,2648.77,119
2026-01-06T22:45:00+00:00,2648.77,2648.87,2648.69,2648.81,335
2026-01-06T22:46:00+00:00,2648.81,2648.84,2648.52,2648.53,114
2026-01-06T22:47:00+00:00,2648.53,2648.58,2648.53,2648.57,102
2026-01-06T22:48:00+00:00,2648.57,2648.68,2648.39,2648.49,59
2026-01-06T22:49:00+00:00,2648.49,2648.54,2648.42,2648.44,142
2026-01-06T22:50:00+00:00,2648.44,2648.60,2648.41,2648.51,188
2026-01-06T22:51:00+00:00,2648.51,2648.52,2648.49,2648.49,136
2026-01-06T22:52:00+00:00,2648.49,2648.65,2648.47,2648.64,673
2026-01-06T22:53:00+00:00,2648.64,2648.90,2648.59,2648.87,305
2026-01-06T22:54:00+00:00,2648.87,2648.96,2648.77,2648.93,178
2026-01-06T22:55:00+00:00,2648.93,2649.00,2648.92,2648.97,133
2026-01-06T22:56:00+00:00,2648.97,2649.00,2648.96,2648.97,309
2026-01-06T22:57:00+00:00,2648.97,2649.02,2648.83,2648.83,149
2026-01-06T22:58:00+00:00,2648.83,2648.87,2648.75,2648.78,41
2026-01-06T22:59:00+00:00,2648.78,2648.91,2648.69,2648.90,70
2026-01-06T23:00:00+00:00,2648.90,2648.93,2648.88,2648.88,291
2026-01-06T23:01:00+00:00,2648.88,2649.09,2648.80,2649.01,105
2026-01-06T23:02:00+00:00,2649.01,2649.05,2648.89,2648.91,64
2026-01-06T23:03:00+00:00,2648.91,2649.05,2648.90,2649.04,195
2026-01-06T23:04:00+00:00,2649.04,2649.16,2649.01,2649.15,361
2026-01-06T23:05:00+00:00,2649.15,2649.16,2649.08,2649.15,178
2026-01-06T23:06:00+00:00,2649.15,2649.16,2648.91,2648.93,5
2026-01-06T23:07:00+00:00,2648.93,2649.04,2648.91,2648.95,33
2026-01-06T23:08:00+00:00,2648.95,2649.19,2648.83,2649.15,42
2026-01-06T23:09:00+00:00,2649.15,2649.29,2649.10,2649.20,268
2026-01-06T23:10:00+00:00,2649.20,2649.22,2649.16,2649.22,55
2026-01-06T23:11:00+00:00,2649.22,2649.31,2649.14,2649.17,284
2026-01-06T23:12:00+00:00,2649.17,2649.21,2649.07,2649.18,197
2026-01-06T23:13:00+00:00,2649.18,2649.21,2649.07,2649.09,89
2026-01-06T23:14:00+00:00,2649.09,2649.16,2649.00,2649.15,38
2026-01-06T23:15:00+00:00,2649.15,2649.19,2649.04,2649.16,97
2026-01-06T23:16:00+00:00,2649.16,2649.28,2649.06,2649.20,30
2026-01-06T23:17:00+00:00,2649.20,2649.30,2649.20,2649.27,87
2026-01-06T23:18:00+00:00,2649.27,2649.35,2649.25,2649.34,99
2026-01-06T23:19:00+00:00,2649.34,2649.34,2649.21,2649.28,102
2026-01-06T23:20:00+00:00,2649.28,2649.34,2649.28,2649.28,107
2026-01-06T23:21:00+00:00,2649.28,2649.32,2649.22,2649.26,252
2026-01-06T23:22:00+00:00,2649.26,2649.40,2649.17,2649.22,564
2026-01-06T23:23:00+00:00,2649.22,2649.27,2649.11,2649.25,10
2026-01-06T23:24:00+00:00,2649.25,2649.50,2649.18,2649.45,154
2026-01-06T23:25:00+00:00,2649.45,2649.65,2649.41,2649.62,121
2026-01-06T23:26:00+00:00,2649.62,2649.79,2649.60,2649.76,169
2026-01-06T23:27:00+00:00,2649.76,2649.97,2649.69,2649.88,185
2026-01-06T23:28:00+00:00,2649.88,2649.98,2649.81,2649.84,288
2026-01-06T23:29:00+00:00,2649.84,2649.91,2649.83,2649.88,114
2026-01-06T23:30:00+00:00,2649.88,2649.96,2649.87,2649.88,377
2026-01-06T23:31:00+00:00,2649.88,2650.00,2649.68,2649.79,463
2026-01-06T23:32:00+00:00,2649.79,2649.82,2649.72,2649.76,252
2026-01-06T23:33:00+00:00,2649.76,2649.77,2649.66,2649.69,281
2026-01-06T23:34:00+00:00,2649.69,2649.69,2649.46,2649.49,380
2026-01-06T23:35:00+00:00,2649.49,2649.56,2649.23,2649.28,134
2026-01-06T23:36:00+00:00,2649.28,2649.32,2649.19,2649.30,37
2026-01-06T23:37:00+00:00,2649.30,2649.32,2649.15,2649.16,148
2026-01-06T23:38:00+00:00,2649.16,2649.27,2649.05,2649.11,125
2026-01-06T23:39:00+00:00,2649.11,2649.27,2649.09,2649.19,152
2026-01-06T23:40:00+00:00,2649.19,2649.25,2649.08,2649.13,102
2026-01-06T23:41:00+00:00,2649.13,2649.17,2649.08,2649.12,287
2026-01-06T23:42:00+00:00,2649.12,2649.14,2648.98,2649.04,308
2026-01-06T23:43:00+00:00,2649.04,2649.05,2649.00,2649.04,23
2026-01-06T23:44:00+00:00,2649.04,2649.10,2649.04,2649.09,189
2026-01-06T23:45:00+00:00,2649.09,2649.11,2648.98,2649.05,277
2026-01-06T23:46:00+00:00,2649.05,2649.10,2648.96,2648.97,127
2026-01-06T23:47:00+00:00,2648.97,2649.14,2648.91,2649.07,109
2026-01-06T23:48:00+00:00,2649.07,2649.21,2649.05,2649.14,394
2026-01-06T23:49:00+00:00,2649.14,2649.16,2649.02,2649.06,165
2026-01-06T23:50:00+00:00,2649.06,2649.08,2648.96,2649.03,432
2026-01-06T23:51:00+00:00,2649.03,2649.08,2648.94,2649.06,162
2026-01-06T23:52:00+00:00,2649.06,2649.29,2649.03,2649.15,774
2026-01-06T23:53:00+00:00,2649.15,2649.16,2649.11,2649.15,15
2026-01-06T23:54:00+00:00,2649.15,2649.27,2649.13,2649.17,287
2026-01-06T23:55:00+00:00,2649.17,2649.22,2649.16,2649.18,598
2026-01-06T23:56:00+00:00,2649.18,2649.19,2648.96,2649.02,194
2026-01-06T23:57:00+00:00,2649.02,2649.14,2649.01,2649.14,123
2026-01-06T23:58:00+00:00,2649.14,2649.18,2649.02,2649.07,481
2026-01-06T23:59:00+00:00,2649.07,2649.12,2648.96,2648.98,150
2026-01-07T00:00:00+00:00,2648.98,2649.25,2648.94,2649.21,414
2026-01-07T00:01:00+00:00,2649.21,2649.26,2649.14,2649.24,346
2026-01-07T00:02:00+00:00,2649.24,2649.28,2649.24,2649.27,142
2026-01-07T00:03:00+00:00,2649.27,2649.27,2649.09,2649.10,52
2026-01-07T00:04:00+00:00,2649.10,2649.18,2649.03,2649.17,360
2026-01-07T00:05:00+00:00,2649.17,2649.29,2649.12,2649.23,43
2026-01-07T00:06:00+00:00,2649.23,2649.24,2649.22,2649.23,35
2026-01-07T00:07:00+00:00,2649.23,2649.26,2649.12,2649.20,219
2026-01-07T00:08:00+00:00,2649.20,2649.23,2649.12,2649.16,195
2026-01-07T00:09:00+00:00,2649.16,2649.23,2649.14,2649.17,176
2026-01-07T00:10:00+00:00,2649.17,2649.17,2649.08,2649.15,34
2026-01-07T00:11:00+00:00,2649.15,2649.31,2649.13,2649.29,140
2026-01-07T00:12:00+00:00,2649.29,2649.37,2649.24,2649.33,330
2026-01-07T00:13:00+00:00,2649.33,2649.43,2649.32,2649.38,310
2026-01-07T00:14:00+00:00,2649.38,2649.57,2649.36,2649.56,196
2026-01-07T00:15:00+00:00,2649.56,2649.84,2649.48,2649.77,51
2026-01-07T00:16:00+00:00,2649.77,2650.00,2649.71,2649.89,243
2026-01-07T00:17:00+00:00,2649.89,2649.96,2649.82,2649.91,170
2026-01-07T00:18:00+00:00,2649.91,2649.94,2649.75,2649.77,117
2026-01-07T00:19:00+00:00,2649.77,2649.80,2649.67,2649.69,210
2026-01-07T00:20:00+00:00,2649.69,2649.75,2649.69,2649.69,95
2026-01-07T00:21:00+00:00,2649.69,2649.73,2649.54,2649.56,5
2026-01-07T00:22:00+00:00,2649.56,2649.59,2649.47,2649.48,58
2026-01-07T00:23:00+00:00,2649.48,2649.56,2649.46,2649.52,46
2026-01-07T00:24:00+00:00,2649.52,2649.72,2649.50,2649.64,99
2026-01-07T00:25:00+00:00,2649.64,2649.68,2649.59,2649.61,168
2026-01-07T00:26:00+00:00,2649.61,2649.65,2649.52,2649.56,14
2026-01-07T00:27:00+00:00,2649.56,2649.76,2649.55,2649.67,373
2026-01-07T00:28:00+00:00,2649.67,2649.71,2649.66,2649.68,284
2026-01-07T00:29:00+00:00,2649.68,2649.79,2649.68,2649.71,184
2026-01-07T00:30:00+00:00,2649.71,2649.87,2649.65,2649.86,220
2026-01-07T00:31:00+00:00,2649.86,2649.88,2649.74,2649.78,98
2026-01-07T00:32:00+00:00,2649.78,2649.80,2649.67,2649.69,202
2026-01-07T00:33:00+00:00,2649.69,2649.69,2649.57,2649.62,129
2026-01-07T00:34:00+00:00,2649.62,2649.68,2649.55,2649.56,214
2026-01-07T00:35:00+00:00,2649.56,2649.64,2649.52,2649.57,438
2026-01-07T00:36:00+00:00,2649.57,2649.57,2649.55,2649.56,470
2026-01-07T00:37:00+00:00,2649.56,2649.59,2649.51,2649.56,41
2026-01-07T00:38:00+00:00,2649.56,2649.65,2649.53,2649.59,18
2026-01-07T00:39:00+00:00,2649.59,2649.80,2649.59,2649.68,263
2026-01-07T00:40:00+00:00,2649.68,2649.70,2649.61,2649.63,65
2026-01-07T00:41:00+00:00,2649.63,2649.73,2649.63,2649.68,433
2026-01-07T00:42:00+00:00,2649.68,2649.91,2649.55,2649.84,403
2026-01-07T00:43:00+00:00,2649.84,2649.84,2649.43,2649.56,16
2026-01-07T00:44:00+00:00,2649.56,2649.60,2649.35,2649.42,23
2026-01-07T00:45:00+00:00,2649.42,2649.48,2649.36,2649.36,52
2026-01-07T00:46:00+00:00,2649.36,2649.49,2649.34,2649.46,216
2026-01-07T00:47:00+00:00,2649.46,2649.51,2649.45,2649.46,411
2026-01-07T00:48:00+00:00,2649.46,2649.76,2649.43,2649.68,89
2026-01-07T00:49:00+00:00,2649.68,2649.91,2649.52,2649.80,118
2026-01-07T00:50:00+00:00,2649.80,2649.85,2649.73,2649.75,134
2026-01-07T00:51:00+00:00,2649.75,2650.11,2649.69,2650.00,42
2026-01-07T00:52:00+00:00,2650.00,2650.05,2649.92,2650.04,408
2026-01-07T00:53:00+00:00,2650.04,2650.17,2650.03,2650.11,386
2026-01-07T00:54:00+00:00,2650.11,2650.18,2649.89,2649.92,263
2026-01-07T00:55:00+00:00,2649.92,2649.98,2649.82,2649.84,89
2026-01-07T00:56:00+00:00,2649.84,2650.02,2649.83,2649.89,9
2026-01-07T00:57:00+00:00,2649.89,2650.03,2649.81,2649.82,166
2026-01-07T00:58:00+00:00,2649.82,2649.96,2649.75,2649.87,290
2026-01-07T00:59:00+00:00,2649.87,2649.92,2649.81,2649.88,84
2026-01-07T01:00:00+00:00,2649.88,2649.89,2649.81,2649.85,278
2026-01-07T01:01:00+00:00,2649.85,2649.86,2649.60,2649.69,122
2026-01-07T01:02:00+00:00,2649.69,2649.85,2649.65,2649.79,45
2026-01-07T01:03:00+00:00,2649.79,2649.84,2649.76,2649.83,291
2026-01-07T01:04:00+00:00,2649.83,2649.83,2649.75,2649.79,346
2026-01-07T01:05:00+00:00,2649.79,2649.96,2649.76,2649.89,215
2026-01-07T01:06:00+00:00,2649.89,2649.98,2649.68,2649.69,145
2026-01-07T01:07:00+00:00,2649.69,2649.90,2649.65,2649.86,130
2026-01-07T01:08:00+00:00,2649.86,2650.01,2649.72,2649.93,230
2026-01-07T01:09:00+00:00,2649.93,2649.96,2649.83,2649.84,89
2026-01-07T01:10:00+00:00,2649.84,2649.86,2649.69,2649.71,80
2026-01-07T01:11:00+00:00,2649.71,2649.90,2649.62,2649.85,18
2026-01-07T01:12:00+00:00,2649.85,2649.99,2649.83,2649.91,148
2026-01-07T01:13:00+00:00,2649.91,2650.03,2649.78,2649.82,184
2026-01-07T01:14:00+00:00,2649.82,2649.97,2649.72,2649.85,138
2026-01-07T01:15:00+00:00,2649.85,2649.92,2649.73,2649.79,31
2026-01-07T01:16:00+00:00,2649.79,2649.82,2649.72,2649.76,191
2026-01-07T01:17:00+00:00,2649.76,2649.82,2649.74,2649.82,353
2026-01-07T01:18:00+00:00,2649.82,2649.98,2649.75,2649.87,35
2026-01-07T01:19:00+00:00,2649.87,2649.89,2649.71,2649.76,65
2026-01-07T01:20:00+00:00,2649.76,2649.80,2649.69,2649.78,121
2026-01-07T01:21:00+00:00,2649.78,2649.84,2649.74,2649.76,97
2026-01-07T01:22:00+00:00,2649.76,2649.80,2649.68,2649.79,10
2026-01-07T01:23:00+00:00,2649.79,2649.84,2649.71,2649.72,171
2026-01-07T01:24:00+00:00,2649.72,2649.72,2649.56,2649.60,33
2026-01-07T01:25:00+00:00,2649.60,2649.69,2649.57,2649.66,178
2026-01-07T01:26:00+00:00,2649.66,2650.02,2649.59,2649.99,50
2026-01-07T01:27:00+00:00,2649.99,2650.21,2649.93,2649.99,350
2026-01-07T01:28:00+00:00,2649.99,2650.12,2649.89,2649.90,131
2026-01-07T01:29:00+00:00,2649.90,2649.97,2649.76,2649.77,94
2026-01-07T01:30:00+00:00,2649.77,2649.81,2649.65,2649.79,1
2026-01-07T01:31:00+00:00,2649.79,2650.02,2649.77,2650.00,545
2026-01-07T01:32:00+00:00,2650.00,2650.09,2649.91,2649.92,82
2026-01-07T01:33:00+00:00,2649.92,2649.96,2649.82,2649.85,133
2026-01-07T01:34:00+00:00,2649.85,2649.86,2649.85,2649.86,539
2026-01-07T01:35:00+00:00,2649.86,2650.13,2649.79,2650.06,292
2026-01-07T01:36:00+00:00,2650.06,2650.07,2649.88,2649.89,540
2026-01-07T01:37:00+00:00,2649.89,2649.91,2649.81,2649.89,146
2026-01-07T01:38:00+00:00,2649.89,2649.90,2649.70,2649.71,105
2026-01-07T01:39:00+00:00,2649.71,2649.81,2649.71,2649.79,11
2026-01-07T01:40:00+00:00,2649.79,2649.85,2649.75,2649.83,252
2026-01-07T01:41:00+00:00,2649.83,2649.91,2649.82,2649.91,15
2026-01-07T01:42:00+00:00,2649.91,2649.95,2649.69,2649.69,238
2026-01-07T01:43:00+00:00,2649.69,2649.72,2649.47,2649.58,477
2026-01-07T01:44:00+00:00,2649.58,2649.58,2649.52,2649.53,63
2026-01-07T01:45:00+00:00,2649.53,2649.67,2649.49,2649.59,32
2026-01-07T01:46:00+00:00,2649.59,2649.75,2649.56,2649.71,208
2026-01-07T01:47:00+00:00,2649.71,2649.92,2649.60,2649.85,233
2026-01-07T01:48:00+00:00,2649.85,2649.99,2649.77,2649.90,7
2026-01-07T01:49:00+00:00,2649.90,2650.02,2649.75,2649.99,322
2026-01-07T01:50:00+00:00,2649.99,2650.28,2649.91,2650.14,87
2026-01-07T01:51:00+00:00,2650.14,2650.15,2650.10,2650.14,176
2026-01-07T01:52:00+00:00,2650.14,2650.18,2649.87,2649.97,356
2026-01-07T01:53:00+00:00,2649.97,2650.07,2649.92,2650.04,123
2026-01-07T01:54:00+00:00,2650.04,2650.19,2649.98,2650.14,249
2026-01-07T01:55:00+00:00,2650.14,2650.16,2649.92,2649.96,210
2026-01-07T01:56:00+00:00,2649.96,2650.07,2649.69,2649.72,248
2026-01-07T01:57:00+00:00,2649.72,2649.73,2649.66,2649.66,248
2026-01-07T01:58:00+00:00,2649.66,2649.74,2649.61,2649.67,360
2026-01-07T01:59:00+00:00,2649.67,2649.69,2649.43,2649.47,86
2026-01-07T02:00:00+00:00,2649.47,2649.60,2649.35,2649.58,264
2026-01-07T02:01:00+00:00,2649.58,2649.63,2649.32,2649.35,269
2026-01-07T02:02:00+00:00,2649.35,2649.54,2649.33,2649.52,219
2026-01-07T02:03:00+00:00,2649.52,2649.54,2649.42,2649.52,364
2026-01-07T02:04:00+00:00,2649.52,2649.64,2649.47,2649.54,100
2026-01-07T02:05:00+00:00,2649.54,2649.66,2649.50,2649.55,46
2026-01-07T02:06:00+00:00,2649.55,2649.59,2649.36,2649.41,427
2026-01-07T02:07:00+00:00,2649.41,2649.46,2649.28,2649.35,177
2026-01-07T02:08:00+00:00,2649.35,2649.40,2649.25,2649.39,200
2026-01-07T02:09:00+00:00,2649.39,2649.44,2649.37,2649.44,71
2026-01-07T02:10:00+00:00,2649.44,2649.47,2649.35,2649.39,382
2026-01-07T02:11:00+00:00,2649.39,2649.48,2649.38,2649.47,288
2026-01-07T02:12:00+00:00,2649.47,2649.54,2649.18,2649.25,180
2026-01-07T02:13:00+00:00,2649.25,2649.25,2649.10,2649.17,272
2026-01-07T02:14:00+00:00,2649.17,2649.21,2649.10,2649.11,288
2026-01-07T02:15:00+00:00,2649.11,2649.22,2649.04,2649.16,40
2026-01-07T02:16:00+00:00,2649.16,2649.28,2649.11,2649.19,410
2026-01-07T02:17:00+00:00,2649.19,2649.23,2649.14,2649.16,123
2026-01-07T02:18:00+00:00,2649.16,2649.26,2649.11,2649.26,243
2026-01-07T02:19:00+00:00,2649.26,2649.39,2649.22,2649.36,50
2026-01-07T02:20:00+00:00,2649.36,2649.40,2649.36,2649.38,177
2026-01-07T02:21:00+00:00,2649.38,2649.57,2649.36,2649.52,38
2026-01-07T02:22:00+00:00,2649.52,2649.60,2649.47,2649.52,224
2026-01-07T02:23:00+00:00,2649.52,2649.58,2649.50,2649.55,33
2026-01-07T02:24:00+00:00,2649.55,2649.56,2649.46,2649.48,300
2026-01-07T02:25:00+00:00,2649.48,2649.51,2649.47,2649.49,24
2026-01-07T02:26:00+00:00,2649.49,2649.58,2649.27,2649.38,180
2026-01-07T02:27:00+00:00,2649.38,2649.44,2649.34,2649.39,227
2026-01-07T02:28:00+00:00,2649.39,2649.39,2649.24,2649.29,155
2026-01-07T02:29:00+00:00,2649.29,2649.31,2649.23,2649.24,33
2026-01-07T02:30:00+00:00,2649.24,2649.25,2649.21,2649.21,245
2026-01-07T02:31:00+00:00,2649.21,2649.25,2649.18,2649.21,221
2026-01-07T02:32:00+00:00,2649.21,2649.27,2649.11,2649.12,90
2026-01-07T02:33:00+00:00,2649.12,2649.17,2649.10,2649.16,193
2026-01-07T02:34:00+00:00,2649.16,2649.28,2649.08,2649.26,326
2026-01-07T02:35:00+00:00,2649.26,2649.35,2649.24,2649.33,25
2026-01-07T02:36:00+00:00,2649.33,2649.52,2649.32,2649.47,39
2026-01-07T02:37:00+00:00,2649.47,2649.55,2649.40,2649.42,368
2026-01-07T02:38:00+00:00,2649.42,2649.44,2649.40,2649.41,142
2026-01-07T02:39:00+00:00,2649.41,2649.47,2649.33,2649.34,41
2026-01-07T02:40:00+00:00,2649.34,2649.46,2649.22,2649.38,340
2026-01-07T02:41:00+00:00,2649.38,2649.41,2649.29,2649.31,179
2026-01-07T02:42:00+00:00,2649.31,2649.53,2649.27,2649.48,25
2026-01-07T02:43:00+00:00,2649.48,2649.63,2649.43,2649.54,136
2026-01-07T02:44:00+00:00,2649.54,2649.84,2649.53,2649.71,329
2026-01-07T02:45:00+00:00,2649.71,2649.73,2649.61,2649.64,141
2026-01-07T02:46:00+00:00,2649.64,2649.67,2649.61,2649.61,127
2026-01-07T02:47:00+00:00,2649.61,2649.90,2649.61,2649.80,589
2026-01-07T02:48:00+00:00,2649.80,2649.80,2649.77,2649.79,79
2026-01-07T02:49:00+00:00,2649.79,2649.99,2649.78,2649.99,52
2026-01-07T02:50:00+00:00,2649.99,2650.07,2649.86,2650.04,29
2026-01-07T02:51:00+00:00,2650.04,2650.08,2650.00,2650.03,347
2026-01-07T02:52:00+00:00,2650.03,2650.18,2649.99,2650.16,330
2026-01-07T02:53:00+00:00,2650.16,2650.26,2650.06,2650.17,22
2026-01-07T02:54:00+00:00,2650.17,2650.32,2650.11,2650.19,343
2026-01-07T02:55:00+00:00,2650.19,2650.30,2650.08,2650.28,197
2026-01-07T02:56:00+00:00,2650.28,2650.32,2650.07,2650.14,123
2026-01-07T02:57:00+00:00,2650.14,2650.25,2649.91,2649.99,246
2026-01-07T02:58:00+00:00,2649.99,2650.07,2649.79,2649.83,126
2026-01-07T02:59:00+00:00,2649.83,2649.90,2649.80,2649.88,184
2026-01-07T03:00:00+00:00,2649.88,2649.96,2649.82,2649.94,317
2026-01-07T03:01:00+00:00,2649.94,2649.97,2649.78,2649.84,279
2026-01-07T03:02:00+00:00,2649.84,2650.08,2649.79,2649.95,166
2026-01-07T03:03:00+00:00,2649.95,2650.02,2649.91,2649.91,296
2026-01-07T03:04:00+00:00,2649.91,2649.93,2649.79,2649.93,171
2026-01-07T03:05:00+00:00,2649.93,2649.95,2649.89,2649.92,185
2026-01-07T03:06:00+00:00,2649.92,2650.12,2649.86,2650.07,178
2026-01-07T03:07:00+00:00,2650.07,2650.08,2650.04,2650.05,126
2026-01-07T03:08:00+00:00,2650.05,2650.10,2649.99,2650.01,99
2026-01-07T03:09:00+00:00,2650.01,2650.31,2649.98,2650.24,204
2026-01-07T03:10:00+00:00,2650.24,2650.30,2650.13,2650.18,145
2026-01-07T03:11:00+00:00,2650.18,2650.35,2650.15,2650.33,151
2026-01-07T03:12:00+00:00,2650.33,2650.40,2650.31,2650.33,181
2026-01-07T03:13:00+00:00,2650.33,2650.35,2650.17,2650.23,322
2026-01-07T03:14:00+00:00,2650.23,2650.24,2650.07,2650.17,46
2026-01-07T03:15:00+00:00,2650.17,2650.34,2650.10,2650.29,163
2026-01-07T03:16:00+00:00,2650.29,2650.37,2650.09,2650.14,8
2026-01-07T03:17:00+00:00,2650.14,2650.15,2649.86,2649.94,226
2026-01-07T03:18:00+00:00,2649.94,2649.97,2649.82,2649.90,331
2026-01-07T03:19:00+00:00,2649.90,2650.00,2649.82,2649.92,248
2026-01-07T03:20:00+00:00,2649.92,2650.19,2649.86,2650.14,241
2026-01-07T03:21:00+00:00,2650.14,2650.18,2650.09,2650.14,349
2026-01-07T03:22:00+00:00,2650.14,2650.29,2650.01,2650.12,8
2026-01-07T03:23:00+00:00,2650.12,2650.28,2650.07,2650.25,249
2026-01-07T03:24:00+00:00,2650.25,2650.37,2650.18,2650.36,63
2026-01-07T03:25:00+00:00,2650.36,2650.43,2650.19,2650.22,126
2026-01-07T03:26:00+00:00,2650.22,2650.30,2650.19,2650.25,251
2026-01-07T03:27:00+00:00,2650.25,2650.27,2650.16,2650.16,452
2026-01-07T03:28:00+00:00,2650.16,2650.24,2650.10,2650.22,167
2026-01-07T03:29:00+00:00,2650.22,2650.30,2650.18,2650.25,41
2026-01-07T03:30:00+00:00,2650.25,2650.49,2650.24,2650.33,59
2026-01-07T03:31:00+00:00,2650.33,2650.53,2650.29,2650.47,400
2026-01-07T03:32:00+00:00,2650.47,2650.51,2650.28,2650.32,308
2026-01-07T03:33:00+00:00,2650.32,2650.42,2650.32,2650.41,225
2026-01-07T03:34:00+00:00,2650.41,2650.56,2650.40,2650.50,385
2026-01-07T03:35:00+00:00,2650.50,2650.62,2650.41,2650.44,126
2026-01-07T03:36:00+00:00,2650.44,2650.48,2650.40,2650.44,288
2026-01-07T03:37:00+00:00,2650.44,2650.44,2650.31,2650.38,184
2026-01-07T03:38:00+00:00,2650.38,2650.51,2650.33,2650.49,75
2026-01-07T03:39:00+00:00,2650.49,2650.57,2650.45,2650.48,48
2026-01-07T03:40:00+00:00,2650.48,2650.59,2650.43,2650.50,65
2026-01-07T03:41:00+00:00,2650.50,2650.56,2650.43,2650.50,15
2026-01-07T03:42:00+00:00,2650.50,2650.54,2650.30,2650.36,92
2026-01-07T03:43:00+00:00,2650.36,2650.38,2650.35,2650.38,139
2026-01-07T03:44:00+00:00,2650.38,2650.47,2650.30,2650.44,64
2026-01-07T03:45:00+00:00,2650.44,2650.47,2650.37,2650.42,288
2026-01-07T03:46:00+00:00,2650.42,2650.46,2650.25,2650.29,151
2026-01-07T03:47:00+00:00,2650.29,2650.47,2650.25,2650.46,177
2026-01-07T03:48:00+00:00,2650.46,2650.46,2650.44,2650.44,292
2026-01-07T03:49:00+00:00,2650.44,2650.54,2650.41,2650.52,334
2026-01-07T03:50:00+00:00,2650.52,2650.55,2650.52,2650.53,36
2026-01-07T03:51:00+00:00,2650.53,2650.53,2650.38,2650.40,296
2026-01-07T03:52:00+00:00,2650.40,2650.53,2650.39,2650.49,48
2026-01-07T03:53:00+00:00,2650.49,2650.50,2650.28,2650.28,181
2026-01-07T03:54:00+00:00,2650.28,2650.36,2650.22,2650.26,162
2026-01-07T03:55:00+00:00,2650.26,2650.30,2650.21,2650.29,138
2026-01-07T03:56:00+00:00,2650.29,2650.39,2650.24,2650.37,116
2026-01-07T03:57:00+00:00,2650.37,2650.59,2650.37,2650.57,102
2026-01-07T03:58:00+00:00,2650.57,2650.80,2650.52,2650.73,501
2026-01-07T03:59:00+00:00,2650.73,2650.78,2650.71,2650.71,120
2026-01-07T04:00:00+00:00,2650.71,2650.79,2650.70,2650.79,158
2026-01-07T04:01:00+00:00,2650.79,2650.92,2650.79,2650.86,1
2026-01-07T04:02:00+00:00,2650.86,2650.88,2650.78,2650.82,80
2026-01-07T04:03:00+00:00,2650.82,2650.84,2650.74,2650.82,428
2026-01-07T04:04:00+00:00,2650.82,2650.82,2650.70,2650.75,128
2026-01-07T04:05:00+00:00,2650.75,2650.81,2650.69,2650.76,13
2026-01-07T04:06:00+00:00,2650.76,2650.80,2650.45,2650.46,206
2026-01-07T04:07:00+00:00,2650.46,2650.69,2650.40,2650.66,43
2026-01-07T04:08:00+00:00,2650.66,2650.91,2650.62,2650.81,8
2026-01-07T04:09:00+00:00,2650.81,2650.88,2650.69,2650.74,127
2026-01-07T04:10:00+00:00,2650.74,2650.77,2650.63,2650.67,212
2026-01-07T04:11:00+00:00,2650.67,2650.76,2650.59,2650.63,9
2026-01-07T04:12:00+00:00,2650.63,2650.70,2650.38,2650.44,343
2026-01-07T04:13:00+00:00,2650.44,2650.50,2650.33,2650.37,238
2026-01-07T04:14:00+00:00,2650.37,2650.48,2650.34,2650.44,174
2026-01-07T04:15:00+00:00,2650.44,2650.58,2650.40,2650.51,45
2026-01-07T04:16:00+00:00,2650.51,2650.52,2650.34,2650.41,289
2026-01-07T04:17:00+00:00,2650.41,2650.54,2650.33,2650.53,253
2026-01-07T04:18:00+00:00,2650.53,2650.56,2650.42,2650.49,330
2026-01-07T04:19:00+00:00,2650.49,2650.58,2650.38,2650.40,155
2026-01-07T04:20:00+00:00,2650.40,2650.44,2650.31,2650.32,117
2026-01-07T04:21:00+00:00,2650.32,2650.36,2650.14,2650.15,191
2026-01-07T04:22:00+00:00,2650.15,2650.18,2650.14,2650.17,187
2026-01-07T04:23:00+00:00,2650.17,2650.20,2650.10,2650.17,122
2026-01-07T04:24:00+00:00,2650.17,2650.23,2650.12,2650.17,292
2026-01-07T04:25:00+00:00,2650.17,2650.26,2650.03,2650.05,71
2026-01-07T04:26:00+00:00,2650.05,2650.14,2650.03,2650.11,55
2026-01-07T04:27:00+00:00,2650.11,2650.15,2650.04,2650.08,208
2026-01-07T04:28:00+00:00,2650.08,2650.18,2649.97,2650.00,142
2026-01-07T04:29:00+00:00,2650.00,2650.16,2649.92,2650.00,578
2026-01-07T04:30:00+00:00,2650.00,2650.06,2649.81,2649.86,317
2026-01-07T04:31:00+00:00,2649.86,2649.94,2649.80,2649.92,508
2026-01-07T04:32:00+00:00,2649.92,2650.09,2649.90,2650.03,233
2026-01-07T04:33:00+00:00,2650.03,2650.06,2649.87,2649.87,357
2026-01-07T04:34:00+00:00,2649.87,2650.01,2649.81,2649.99,464
2026-01-07T04:35:00+00:00,2649.99,2650.04,2649.84,2649.86,28
2026-01-07T04:36:00+00:00,2649.86,2650.16,2649.86,2650.07,206
2026-01-07T04:37:00+00:00,2650.07,2650.08,2650.06,2650.06,301
2026-01-07T04:38:00+00:00,2650.06,2650.16,2649.98,2650.00,377
2026-01-07T04:39:00+00:00,2650.00,2650.07,2649.80,2649.91,371
2026-01-07T04:40:00+00:00,2649.91,2650.12,2649.91,2650.07,175
2026-01-07T04:41:00+00:00,2650.07,2650.11,2650.05,2650.06,289
2026-01-07T04:42:00+00:00,2650.06,2650.17,2650.03,2650.10,10
2026-01-07T04:43:00+00:00,2650.10,2650.17,2650.05,2650.13,11
2026-01-07T04:44:00+00:00,2650.13,2650.29,2650.04,2650.28,324
2026-01-07T04:45:00+00:00,2650.28,2650.44,2650.25,2650.38,264
2026-01-07T04:46:00+00:00,2650.38,2650.40,2650.33,2650.40,129
2026-01-07T04:47:00+00:00,2650.40,2650.40,2650.26,2650.29,347
2026-01-07T04:48:00+00:00,2650.29,2650.33,2650.16,2650.27,89
2026-01-07T04:49:00+00:00,2650.27,2650.35,2650.26,2650.34,123
2026-01-07T04:50:00+00:00,2650.34,2650.37,2650.34,2650.37,183
2026-01-07T04:51:00+00:00,2650.37,2650.43,2650.27,2650.33,58
2026-01-07T04:52:00+00:00,2650.33,2650.47,2650.32,2650.37,197
2026-01-07T04:53:00+00:00,2650.37,2650.43,2650.29,2650.36,16
2026-01-07T04:54:00+00:00,2650.36,2650.37,2650.30,2650.34,346
2026-01-07T04:55:00+00:00,2650.34,2650.37,2650.04,2650.09,77
2026-01-07T04:56:00+00:00,2650.09,2650.18,2649.98,2650.11,21
2026-01-07T04:57:00+00:00,2650.11,2650.14,2650.00,2650.07,175
2026-01-07T04:58:00+00:00,2650.07,2650.12,2649.99,2650.02,369
2026-01-07T04:59:00+00:00,2650.02,2650.21,2650.00,2650.13,636
2026-01-07T05:00:00+00:00,2650.13,2650.20,2650.08,2650.15,522
2026-01-07T05:01:00+00:00,2650.15,2650.50,2650.12,2650.47,8
2026-01-07T05:02:00+00:00,2650.47,2650.70,2650.41,2650.63,878
2026-01-07T05:03:00+00:00,2650.63,2650.67,2650.62,2650.63,505
2026-01-07T05:04:00+00:00,2650.63,2650.65,2650.34,2650.42,422
2026-01-07T05:05:00+00:00,2650.42,2650.46,2650.26,2650.31,239
2026-01-07T05:06:00+00:00,2650.31,2650.33,2650.23,2650.30,195
2026-01-07T05:07:00+00:00,2650.30,2650.39,2650.22,2650.23,206
2026-01-07T05:08:00+00:00,2650.23,2650.57,2650.16,2650.46,232
2026-01-07T05:09:00+00:00,2650.46,2650.47,2650.18,2650.27,184
2026-01-07T05:10:00+00:00,2650.27,2650.31,2650.25,2650.31,138
2026-01-07T05:11:00+00:00,2650.31,2650.50,2650.27,2650.45,22
2026-01-07T05:12:00+00:00,2650.45,2650.51,2650.43,2650.43,206
2026-01-07T05:13:00+00:00,2650.43,2650.50,2650.42,2650.44,1
2026-01-07T05:14:00+00:00,2650.44,2650.58,2650.27,2650.28,148
2026-01-07T05:15:00+00:00,2650.28,2650.40,2650.23,2650.33,441
2026-01-07T05:16:00+00:00,2650.33,2650.41,2650.33,2650.41,351
2026-01-07T05:17:00+00:00,2650.41,2650.44,2650.35,2650.38,72
2026-01-07T05:18:00+00:00,2650.38,2650.53,2650.37,2650.45,60
2026-01-07T05:19:00+00:00,2650.45,2650.61,2650.41,2650.54,102
2026-01-07T05:20:00+00:00,2650.54,2650.56,2650.27,2650.29,118
2026-01-07T05:21:00+00:00,2650.29,2650.38,2650.19,2650.36,29
2026-01-07T05:22:00+00:00,2650.36,2650.38,2650.33,2650.38,66
2026-01-07T05:23:00+00:00,2650.38,2650.53,2650.32,2650.50,61
2026-01-07T05:24:00+00:00,2650.50,2650.59,2650.49,2650.49,187
2026-01-07T05:25:00+00:00,2650.49,2650.50,2650.45,2650.48,355
2026-01-07T05:26:00+00:00,2650.48,2650.62,2650.46,2650.50,219
2026-01-07T05:27:00+00:00,2650.50,2650.59,2650.50,2650.55,182
2026-01-07T05:28:00+00:00,2650.55,2650.76,2650.54,2650.68,193
2026-01-07T05:29:00+00:00,2650.68,2650.76,2650.62,2650.74,74
2026-01-07T05:30:00+00:00,2650.74,2650.97,2650.70,2650.92,71
2026-01-07T05:31:00+00:00,2650.92,2651.12,2650.91,2651.11,107
2026-01-07T05:32:00+00:00,2651.11,2651.13,2651.10,2651.11,51
2026-01-07T05:33:00+00:00,2651.11,2651.23,2651.08,2651.22,502
2026-01-07T05:34:00+00:00,2651.22,2651.49,2651.16,2651.41,206
2026-01-07T05:35:00+00:00,2651.41,2651.44,2651.31,2651.40,285
2026-01-07T05:36:00+00:00,2651.40,2651.41,2651.16,2651.22,110
2026-01-07T05:37:00+00:00,2651.22,2651.43,2651.21,2651.40,337
2026-01-07T05:38:00+00:00,2651.40,2651.44,2651.33,2651.38,58
2026-01-07T05:39:00+00:00,2651.38,2651.49,2651.36,2651.48,397
2026-01-07T05:40:00+00:00,2651.48,2651.73,2651.46,2651.67,168
2026-01-07T05:41:00+00:00,2651.67,2651.72,2651.66,2651.67,6
2026-01-07T05:42:00+00:00,2651.67,2651.80,2651.61,2651.74,305
2026-01-07T05:43:00+00:00,2651.74,2651.79,2651.69,2651.73,179
2026-01-07T05:44:00+00:00,2651.73,2651.81,2651.65,2651.70,63
2026-01-07T05:45:00+00:00,2651.70,2651.79,2651.55,2651.59,13
2026-01-07T05:46:00+00:00,2651.59,2651.64,2651.52,2651.63,263
2026-01-07T05:47:00+00:00,2651.63,2651.79,2651.62,2651.75,100
2026-01-07T05:48:00+00:00,2651.75,2651.90,2651.63,2651.82,98
2026-01-07T05:49:00+00:00,2651.82,2651.85,2651.69,2651.77,240
2026-01-07T05:50:00+00:00,2651.77,2651.77,2651.57,2651.62,119
2026-01-07T05:51:00+00:00,2651.62,2651.67,2651.34,2651.36,267
2026-01-07T05:52:00+00:00,2651.36,2651.53,2651.32,2651.49,328
2026-01-07T05:53:00+00:00,2651.49,2651.57,2651.48,2651.53,63
2026-01-07T05:54:00+00:00,2651.53,2651.79,2651.48,2651.66,351
2026-01-07T05:55:00+00:00,2651.66,2651.70,2651.57,2651.58,156
2026-01-07T05:56:00+00:00,2651.58,2651.60,2651.45,2651.49,332
2026-01-07T05:57:00+00:00,2651.49,2651.54,2651.41,2651.43,561
2026-01-07T05:58:00+00:00,2651.43,2651.47,2651.26,2651.37,46
2026-01-07T05:59:00+00:00,2651.37,2651.38,2651.33,2651.35,33
2026-01-07T06:00:00+00:00,2651.35,2651.36,2651.11,2651.18,548
2026-01-07T06:01:00+00:00,2651.18,2651.22,2651.16,2651.22,24
2026-01-07T06:02:00+00:00,2651.22,2651.35,2651.22,2651.34,53
2026-01-07T06:03:00+00:00,2651.34,2651.43,2651.24,2651.33,120
2026-01-07T06:04:00+00:00,2651.33,2651.54,2651.29,2651.40,240
2026-01-07T06:05:00+00:00,2651.40,2651.50,2651.21,2651.22,23
2026-01-07T06:06:00+00:00,2651.22,2651.34,2651.19,2651.20,155
2026-01-07T06:07:00+00:00,2651.20,2651.28,2651.06,2651.07,121
2026-01-07T06:08:00+00:00,2651.07,2651.22,2650.98,2651.15,587
2026-01-07T06:09:00+00:00,2651.15,2651.15,2651.06,2651.13,176
2026-01-07T06:10:00+00:00,2651.13,2651.19,2650.90,2650.96,303
2026-01-07T06:11:00+00:00,2650.96,2651.02,2650.83,2650.84,227
2026-01-07T06:12:00+00:00,2650.84,2651.03,2650.79,2650.96,95
2026-01-07T06:13:00+00:00,2650.96,2651.00,2650.88,2650.92,133
2026-01-07T06:14:00+00:00,2650.92,2651.18,2650.90,2651.18,220
2026-01-07T06:15:00+00:00,2651.18,2651.30,2651.12,2651.14,162
2026-01-07T06:16:00+00:00,2651.14,2651.27,2651.04,2651.22,557
2026-01-07T06:17:00+00:00,2651.22,2651.31,2651.18,2651.23,21
2026-01-07T06:18:00+00:00,2651.23,2651.38,2651.17,2651.38,386
2026-01-07T06:19:00+00:00,2651.38,2651.46,2651.37,2651.40,32
2026-01-07T06:20:00+00:00,2651.40,2651.41,2651.15,2651.21,37
2026-01-07T06:21:00+00:00,2651.21,2651.22,2650.86,2650.87,164
2026-01-07T06:22:00+00:00,2650.87,2650.88,2650.84,2650.85,85
2026-01-07T06:23:00+00:00,2650.85,2650.92,2650.79,2650.89,50
2026-01-07T06:24:00+00:00,2650.89,2650.90,2650.68,2650.74,353
2026-01-07T06:25:00+00:00,2650.74,2650.74,2650.60,2650.61,117
2026-01-07T06:26:00+00:00,2650.61,2650.64,2650.48,2650.50,326
2026-01-07T06:27:00+00:00,2650.50,2650.51,2650.42,2650.51,129
2026-01-07T06:28:00+00:00,2650.51,2650.56,2650.48,2650.49,113
2026-01-07T06:29:00+00:00,2650.49,2650.57,2650.30,2650.43,72
2026-01-07T06:30:00+00:00,2650.43,2650.50,2650.36,2650.46,69
2026-01-07T06:31:00+00:00,2650.46,2650.70,2650.42,2650.68,414
2026-01-07T06:32:00+00:00,2650.68,2650.75,2650.59,2650.61,181
2026-01-07T06:33:00+00:00,2650.61,2650.82,2650.59,2650.77,37
2026-01-07T06:34:00+00:00,2650.77,2650.87,2650.59,2650.60,164
2026-01-07T06:35:00+00:00,2650.60,2650.72,2650.55,2650.67,140
2026-01-07T06:36:00+00:00,2650.67,2650.70,2650.63,2650.64,384
2026-01-07T06:37:00+00:00,2650.64,2650.78,2650.60,2650.75,102
2026-01-07T06:38:00+00:00,2650.75,2651.02,2650.72,2651.02,111
2026-01-07T06:39:00+00:00,2651.02,2651.13,2650.90,2650.92,156
2026-01-07T06:40:00+00:00,2650.92,2650.97,2650.73,2650.80,220
2026-01-07T06:41:00+00:00,2650.80,2650.81,2650.66,2650.72,72
2026-01-07T06:42:00+00:00,2650.72,2650.76,2650.57,2650.63,400
2026-01-07T06:43:00+00:00,2650.63,2650.66,2650.53,2650.60,329
2026-01-07T06:44:00+00:00,2650.60,2650.65,2650.49,2650.62,214
2026-01-07T06:45:00+00:00,2650.62,2651.01,2650.57,2650.94,126
2026-01-07T06:46:00+00:00,2650.94,2651.13,2650.93,2651.11,48
2026-01-07T06:47:00+00:00,2651.11,2651.43,2651.11,2651.35,431
2026-01-07T06:48:00+00:00,2651.35,2651.36,2651.23,2651.23,69
2026-01-07T06:49:00+00:00,2651.23,2651.25,2651.10,2651.15,103
2026-01-07T06:50:00+00:00,2651.15,2651.18,2651.06,2651.08,94
2026-01-07T06:51:00+00:00,2651.08,2651.21,2651.05,2651.19,301
2026-01-07T06:52:00+00:00,2651.19,2651.30,2651.16,2651.28,144
2026-01-07T06:53:00+00:00,2651.28,2651.38,2651.25,2651.37,189
2026-01-07T06:54:00+00:00,2651.37,2651.46,2651.28,2651.36,314
2026-01-07T06:55:00+00:00,2651.36,2651.38,2651.27,2651.33,1
2026-01-07T06:56:00+00:00,2651.33,2651.34,2651.21,2651.25,52
2026-01-07T06:57:00+00:00,2651.25,2651.36,2651.22,2651.34,78
2026-01-07T06:58:00+00:00,2651.34,2651.37,2651.32,2651.35,813
2026-01-07T06:59:00+00:00,2651.35,2651.62,2651.34,2651.58,143
2026-01-07T07:00:00+00:00,2651.58,2651.75,2651.57,2651.72,196
2026-01-07T07:01:00+00:00,2651.72,2651.72,2651.55,2651.63,37
2026-01-07T07:02:00+00:00,2651.63,2651.68,2651.56,2651.56,126
2026-01-07T07:03:00+00:00,2651.56,2651.59,2651.44,2651.55,121
2026-01-07T07:04:00+00:00,2651.55,2651.56,2651.43,2651.49,377
2026-01-07T07:05:00+00:00,2651.49,2651.52,2651.41,2651.52,202
2026-01-07T07:06:00+00:00,2651.52,2651.65,2651.46,2651.62,120
2026-01-07T07:07:00+00:00,2651.62,2651.83,2651.61,2651.78,249
2026-01-07T07:08:00+00:00,2651.78,2651.85,2651.74,2651.83,379
2026-01-07T07:09:00+00:00,2651.83,2651.93,2651.81,2651.90,65
2026-01-07T07:10:00+00:00,2651.90,2652.08,2651.90,2652.01,35
2026-01-07T07:11:00+00:00,2652.01,2652.02,2651.80,2651.85,8
2026-01-07T07:12:00+00:00,2651.85,2651.89,2651.78,2651.86,287
2026-01-07T07:13:00+00:00,2651.86,2651.98,2651.82,2651.90,89
2026-01-07T07:14:00+00:00,2651.90,2651.93,2651.88,2651.90,243
2026-01-07T07:15:00+00:00,2651.90,2652.00,2651.72,2651.87,225
2026-01-07T07:16:00+00:00,2651.87,2651.89,2651.74,2651.85,27
2026-01-07T07:17:00+00:00,2651.85,2651.86,2651.72,2651.79,175
2026-01-07T07:18:00+00:00,2651.79,2651.84,2651.58,2651.66,15
2026-01-07T07:19:00+00:00,2651.66,2651.68,2651.59,2651.61,345
2026-01-07T07:20:00+00:00,2651.61,2651.65,2651.54,2651.61,142
2026-01-07T07:21:00+00:00,2651.61,2651.67,2651.53,2651.53,300
2026-01-07T07:22:00+00:00,2651.53,2651.66,2651.51,2651.65,160
2026-01-07T07:23:00+00:00,2651.65,2651.69,2651.60,2651.62,4
2026-01-07T07:24:00+00:00,2651.62,2651.68,2651.60,2651.64,349
2026-01-07T07:25:00+00:00,2651.64,2651.75,2651.62,2651.72,126
2026-01-07T07:26:00+00:00,2651.72,2651.75,2651.68,2651.69,42
2026-01-07T07:27:00+00:00,2651.69,2651.81,2651.57,2651.73,472
2026-01-07T07:28:00+00:00,2651.73,2651.77,2651.66,2651.67,213
2026-01-07T07:29:00+00:00,2651.67,2651.78,2651.61,2651.78,96
2026-01-07T07:30:00+00:00,2651.78,2651.91,2651.73,2651.90,51
2026-01-07T07:31:00+00:00,2651.90,2651.97,2651.89,2651.93,161
2026-01-07T07:32:00+00:00,2651.93,2652.14,2651.77,2652.10,77
2026-01-07T07:33:00+00:00,2652.10,2652.33,2652.09,2652.28,18
2026-01-07T07:34:00+00:00,2652.28,2652.58,2652.25,2652.48,57
2026-01-07T07:35:00+00:00,2652.48,2652.56,2652.20,2652.25,331
2026-01-07T07:36:00+00:00,2652.25,2652.30,2652.24,2652.29,51
2026-01-07T07:37:00+00:00,2652.29,2652.35,2652.26,2652.33,137
2026-01-07T07:38:00+00:00,2652.33,2652.33,2652.31,2652.31,655
2026-01-07T07:39:00+00:00,2652.31,2652.35,2652.14,2652.17,162
2026-01-07T07:40:00+00:00,2652.17,2652.23,2652.05,2652.07,144
2026-01-07T07:41:00+00:00,2652.07,2652.08,2651.71,2651.76,176
2026-01-07T07:42:00+00:00,2651.76,2651.90,2651.73,2651.89,128
2026-01-07T07:43:00+00:00,2651.89,2651.90,2651.56,2651.64,417
2026-01-07T07:44:00+00:00,2651.64,2651.67,2651.56,2651.60,68
2026-01-07T07:45:00+00:00,2651.60,2651.64,2651.30,2651.31,239
2026-01-07T07:46:00+00:00,2651.31,2651.32,2651.27,2651.28,5
2026-01-07T07:47:00+00:00,2651.28,2651.30,2651.21,2651.22,423
2026-01-07T07:48:00+00:00,2651.22,2651.24,2651.12,2651.16,25
2026-01-07T07:49:00+00:00,2651.16,2651.26,2651.15,2651.20,264
2026-01-07T07:50:00+00:00,2651.20,2651.38,2651.15,2651.29,414
2026-01-07T07:51:00+00:00,2651.29,2651.32,2651.15,2651.20,6
2026-01-07T07:52:00+00:00,2651.20,2651.32,2651.05,2651.18,129
2026-01-07T07:53:00+00:00,2651.18,2651.22,2651.10,2651.21,117
2026-01-07T07:54:00+00:00,2651.21,2651.29,2651.15,2651.18,67
2026-01-07T07:55:00+00:00,2651.18,2651.39,2651.13,2651.38,191
2026-01-07T07:56:00+00:00,2651.38,2651.40,2651.23,2651.25,28
2026-01-07T07:57:00+00:00,2651.25,2651.28,2651.12,2651.19,202
2026-01-07T07:58:00+00:00,2651.19,2651.30,2651.17,2651.26,61
2026-01-07T07:59:00+00:00,2651.26,2651.55,2651.21,2651.52,89
2026-01-07T08:00:00+00:00,2651.52,2651.57,2651.42,2651.45,527
2026-01-07T08:01:00+00:00,2651.45,2651.49,2651.21,2651.33,165
2026-01-07T08:02:00+00:00,2651.33,2651.34,2651.19,2651.26,696
2026-01-07T08:03:00+00:00,2651.26,2651.29,2651.14,2651.16,41
2026-01-07T08:04:00+00:00,2651.16,2651.17,2651.01,2651.06,264
2026-01-07T08:05:00+00:00,2651.06,2651.21,2651.05,2651.17,189
2026-01-07T08:06:00+00:00,2651.17,2651.19,2651.12,2651.17,63
2026-01-07T08:07:00+00:00,2651.17,2651.30,2650.95,2651.05,239
2026-01-07T08:08:00+00:00,2651.05,2651.10,2650.93,2650.96,162
2026-01-07T08:09:00+00:00,2650.96,2651.02,2650.91,2651.00,131
2026-01-07T08:10:00+00:00,2651.00,2651.04,2650.94,2650.98,129
2026-01-07T08:11:00+00:00,2650.98,2651.08,2650.93,2651.07,259
2026-01-07T08:12:00+00:00,2651.07,2651.20,2651.02,2651.14,257
2026-01-07T08:13:00+00:00,2651.14,2651.25,2651.05,2651.24,189
2026-01-07T08:14:00+00:00,2651.24,2651.36,2651.14,2651.30,52
2026-01-07T08:15:00+00:00,2651.30,2651.37,2651.28,2651.34,275
2026-01-07T08:16:00+00:00,2651.34,2651.54,2651.32,2651.47,288
2026-01-07T08:17:00+00:00,2651.47,2651.53,2651.24,2651.32,344
2026-01-07T08:18:00+00:00,2651.32,2651.42,2651.14,2651.40,190
2026-01-07T08:19:00+00:00,2651.40,2651.41,2651.20,2651.21,83
2026-01-07T08:20:00+00:00,2651.21,2651.24,2651.17,2651.21,281
2026-01-07T08:21:00+00:00,2651.21,2651.23,2651.07,2651.10,140
2026-01-07T08:22:00+00:00,2651.10,2651.25,2651.05,2651.20,159
2026-01-07T08:23:00+00:00,2651.20,2651.26,2651.14,2651.17,301
2026-01-07T08:24:00+00:00,2651.17,2651.45,2651.16,2651.42,118
2026-01-07T08:25:00+00:00,2651.42,2651.46,2651.42,2651.46,499
2026-01-07T08:26:00+00:00,2651.46,2651.55,2651.27,2651.34,97
2026-01-07T08:27:00+00:00,2651.34,2651.41,2651.33,2651.36,27
2026-01-07T08:28:00+00:00,2651.36,2651.45,2651.28,2651.41,249
2026-01-07T08:29:00+00:00,2651.41,2651.42,2651.28,2651.40,282
2026-01-07T08:30:00+00:00,2651.40,2651.51,2651.37,2651.48,352
2026-01-07T08:31:00+00:00,2651.48,2651.68,2651.43,2651.66,453
2026-01-07T08:32:00+00:00,2651.66,2651.75,2651.52,2651.74,209
2026-01-07T08:33:00+00:00,2651.74,2651.84,2651.73,2651.80,92
2026-01-07T08:34:00+00:00,2651.80,2651.88,2651.78,2651.83,145
2026-01-07T08:35:00+00:00,2651.83,2651.86,2651.71,2651.78,183
2026-01-07T08:36:00+00:00,2651.78,2651.80,2651.58,2651.70,108
2026-01-07T08:37:00+00:00,2651.70,2651.71,2651.69,2651.71,55
2026-01-07T08:38:00+00:00,2651.71,2651.78,2651.69,2651.73,62
2026-01-07T08:39:00+00:00,2651.73,2651.73,2651.51,2651.54,121
2026-01-07T08:40:00+00:00,2651.54,2651.54,2651.07,2651.16,109
2026-01-07T08:41:00+00:00,2651.16,2651.39,2651.14,2651.31,104
2026-01-07T08:42:00+00:00,2651.31,2651.39,2651.08,2651.09,586
2026-01-07T08:43:00+00:00,2651.09,2651.09,2650.90,2650.99,101
2026-01-07T08:44:00+00:00,2650.99,2651.24,2650.93,2651.22,61
2026-01-07T08:45:00+00:00,2651.22,2651.28,2650.90,2651.00,140
2026-01-07T08:46:00+00:00,2651.00,2651.02,2650.87,2650.91,73
2026-01-07T08:47:00+00:00,2650.91,2651.00,2650.90,2650.99,114
2026-01-07T08:48:00+00:00,2650.99,2651.00,2650.87,2650.89,170
2026-01-07T08:49:00+00:00,2650.89,2650.91,2650.76,2650.84,536
2026-01-07T08:50:00+00:00,2650.84,2650.84,2650.73,2650.79,520
2026-01-07T08:51:00+00:00,2650.79,2650.80,2650.64,2650.67,341
2026-01-07T08:52:00+00:00,2650.67,2650.74,2650.58,2650.62,53
2026-01-07T08:53:00+00:00,2650.62,2650.65,2650.51,2650.52,74
2026-01-07T08:54:00+00:00,2650.52,2650.58,2650.45,2650.47,240
2026-01-07T08:55:00+00:00,2650.47,2650.54,2650.38,2650.41,169
2026-01-07T08:56:00+00:00,2650.41,2650.43,2650.32,2650.33,156
2026-01-07T08:57:00+00:00,2650.33,2650.46,2650.25,2650.41,98
2026-01-07T08:58:00+00:00,2650.41,2650.63,2650.34,2650.56,277
2026-01-07T08:59:00+00:00,2650.56,2650.71,2650.50,2650.69,55
2026-01-07T09:00:00+00:00,2650.69,2650.77,2650.62,2650.65,152
2026-01-07T09:01:00+00:00,2650.65,2650.69,2650.40,2650.46,166
2026-01-07T09:02:00+00:00,2650.46,2650.71,2650.42,2650.63,142
2026-01-07T09:03:00+00:00,2650.63,2650.71,2650.49,2650.62,207
2026-01-07T09:04:00+00:00,2650.62,2650.63,2650.46,2650.55,307
2026-01-07T09:05:00+00:00,2650.55,2650.58,2650.49,2650.53,433
2026-01-07T09:06:00+00:00,2650.53,2650.57,2650.51,2650.56,107
2026-01-07T09:07:00+00:00,2650.56,2650.88,2650.54,2650.77,152
2026-01-07T09:08:00+00:00,2650.77,2651.06,2650.75,2651.00,207
2026-01-07T09:09:00+00:00,2651.00,2651.03,2650.88,2650.89,204
2026-01-07T09:10:00+00:00,2650.89,2650.98,2650.84,2650.94,77
2026-01-07T09:11:00+00:00,2650.94,2651.01,2650.86,2650.90,17
2026-01-07T09:12:00+00:00,2650.90,2650.97,2650.80,2650.83,162
2026-01-07T09:13:00+00:00,2650.83,2650.83,2650.72,2650.75,360
2026-01-07T09:14:00+00:00,2650.75,2650.80,2650.67,2650.70,209
2026-01-07T09:15:00+00:00,2650.70,2651.03,2650.69,2650.96,88
2026-01-07T09:16:00+00:00,2650.96,2651.01,2650.92,2650.98,501
2026-01-07T09:17:00+00:00,2650.98,2651.08,2650.82,2650.84,4
2026-01-07T09:18:00+00:00,2650.84,2650.89,2650.81,2650.82,13
2026-01-07T09:19:00+00:00,2650.82,2650.85,2650.65,2650.72,233
2026-01-07T09:20:00+00:00,2650.72,2650.79,2650.31,2650.46,101
2026-01-07T09:21:00+00:00,2650.46,2650.62,2650.46,2650.56,552
2026-01-07T09:22:00+00:00,2650.56,2650.69,2650.47,2650.68,131
2026-01-07T09:23:00+00:00,2650.68,2650.74,2650.41,2650.48,95
2026-01-07T09:24:00+00:00,2650.48,2650.79,2650.33,2650.73,319
2026-01-07T09:25:00+00:00,2650.73,2650.77,2650.63,2650.63,332
2026-01-07T09:26:00+00:00,2650.63,2650.69,2650.49,2650.58,309
2026-01-07T09:27:00+00:00,2650.58,2650.60,2650.42,2650.52,206
2026-01-07T09:28:00+00:00,2650.52,2650.74,2650.48,2650.73,79
2026-01-07T09:29:00+00:00,2650.73,2650.89,2650.72,2650.87,645
2026-01-07T09:30:00+00:00,2650.87,2651.03,2650.86,2650.97,31
2026-01-07T09:31:00+00:00,2650.97,2650.99,2650.89,2650.91,320
2026-01-07T09:32:00+00:00,2650.91,2650.93,2650.82,2650.86,225
2026-01-07T09:33:00+00:00,2650.86,2650.99,2650.59,2650.63,258
2026-01-07T09:34:00+00:00,2650.63,2650.80,2650.58,2650.78,192
2026-01-07T09:35:00+00:00,2650.78,2650.84,2650.74,2650.79,413
2026-01-07T09:36:00+00:00,2650.79,2650.96,2650.70,2650.90,145
2026-01-07T09:37:00+00:00,2650.90,2651.07,2650.86,2651.02,205
2026-01-07T09:38:00+00:00,2651.02,2651.03,2650.78,2650.87,170
2026-01-07T09:39:00+00:00,2650.87,2650.95,2650.84,2650.92,432
2026-01-07T09:40:00+00:00,2650.92,2651.16,2650.87,2651.08,195
2026-01-07T09:41:00+00:00,2651.08,2651.09,2650.98,2651.08,225
2026-01-07T09:42:00+00:00,2651.08,2651.28,2651.06,2651.21,7
2026-01-07T09:43:00+00:00,2651.21,2651.31,2651.19,2651.27,549
2026-01-07T09:44:00+00:00,2651.27,2651.27,2651.22,2651.23,110
2026-01-07T09:45:00+00:00,2651.23,2651.31,2651.22,2651.23,144
2026-01-07T09:46:00+00:00,2651.23,2651.53,2651.19,2651.42,280
2026-01-07T09:47:00+00:00,2651.42,2651.45,2651.19,2651.23,94
2026-01-07T09:48:00+00:00,2651.23,2651.32,2651.19,2651.30,719
2026-01-07T09:49:00+00:00,2651.30,2651.34,2651.26,2651.28,38
2026-01-07T09:50:00+00:00,2651.28,2651.32,2651.11,2651.24,376
2026-01-07T09:51:00+00:00,2651.24,2651.37,2651.06,2651.13,103
2026-01-07T09:52:00+00:00,2651.13,2651.19,2651.11,2651.18,14
2026-01-07T09:53:00+00:00,2651.18,2651.22,2651.10,2651.20,423
2026-01-07T09:54:00+00:00,2651.20,2651.26,2651.16,2651.25,129
2026-01-07T09:55:00+00:00,2651.25,2651.44,2651.18,2651.19,303
2026-01-07T09:56:00+00:00,2651.19,2651.38,2651.14,2651.28,238
2026-01-07T09:57:00+00:00,2651.28,2651.30,2651.07,2651.13,15
2026-01-07T09:58:00+00:00,2651.13,2651.30,2650.98,2651.03,127
2026-01-07T09:59:00+00:00,2651.03,2651.10,2651.02,2651.05,221
2026-01-07T10:00:00+00:00,2651.05,2651.17,2651.01,2651.14,210
2026-01-07T10:01:00+00:00,2651.14,2651.18,2651.12,2651.17,79
2026-01-07T10:02:00+00:00,2651.17,2651.26,2650.99,2651.01,4
2026-01-07T10:03:00+00:00,2651.01,2651.17,2650.95,2651.06,505
2026-01-07T10:04:00+00:00,2651.06,2651.12,2651.01,2651.09,344
2026-01-07T10:05:00+00:00,2651.09,2651.12,2650.99,2651.04,356
2026-01-07T10:06:00+00:00,2651.04,2651.11,2650.91,2650.95,22
2026-01-07T10:07:00+00:00,2650.95,2651.00,2650.68,2650.73,191
2026-01-07T10:08:00+00:00,2650.73,2650.85,2650.61,2650.63,71
2026-01-07T10:09:00+00:00,2650.63,2650.80,2650.62,2650.78,97
2026-01-07T10:10:00+00:00,2650.78,2650.88,2650.74,2650.85,279
2026-01-07T10:11:00+00:00,2650.85,2650.91,2650.71,2650.72,146
2026-01-07T10:12:00+00:00,2650.72,2650.77,2650.67,2650.77,45
2026-01-07T10:13:00+00:00,2650.77,2650.89,2650.73,2650.88,135
2026-01-07T10:14:00+00:00,2650.88,2651.03,2650.86,2650.95,264
2026-01-07T10:15:00+00:00,2650.95,2651.02,2650.88,2650.95,121
2026-01-07T10:16:00+00:00,2650.95,2651.11,2650.93,2651.03,215
2026-01-07T10:17:00+00:00,2651.03,2651.20,2650.95,2651.17,123
2026-01-07T10:18:00+00:00,2651.17,2651.18,2651.01,2651.04,801
2026-01-07T10:19:00+00:00,2651.04,2651.08,2650.93,2650.95,62
2026-01-07T10:20:00+00:00,2650.95,2651.08,2650.72,2650.80,128
2026-01-07T10:21:00+00:00,2650.80,2650.84,2650.61,2650.64,79
2026-01-07T10:22:00+00:00,2650.64,2650.69,2650.38,2650.42,169
2026-01-07T10:23:00+00:00,2650.42,2650.71,2650.34,2650.59,133
2026-01-07T10:24:00+00:00,2650.59,2650.71,2650.42,2650.45,32
2026-01-07T10:25:00+00:00,2650.45,2650.72,2650.45,2650.64,667
2026-01-07T10:26:00+00:00,2650.64,2650.78,2650.62,2650.70,440
2026-01-07T10:27:00+00:00,2650.70,2650.73,2650.53,2650.61,27
2026-01-07T10:28:00+00:00,2650.61,2650.72,2650.32,2650.43,42
2026-01-07T10:29:00+00:00,2650.43,2650.46,2650.40,2650.42,407
2026-01-07T10:30:00+00:00,2650.42,2650.53,2650.41,2650.53,320
2026-01-07T10:31:00+00:00,2650.53,2650.56,2650.34,2650.48,378
2026-01-07T10:32:00+00:00,2650.48,2650.74,2650.47,2650.71,163
2026-01-07T10:33:00+00:00,2650.71,2651.13,2650.67,2650.90,486
2026-01-07T10:34:00+00:00,2650.90,2650.91,2650.72,2650.76,118
2026-01-07T10:35:00+00:00,2650.76,2650.76,2650.51,2650.57,461
2026-01-07T10:36:00+00:00,2650.57,2650.64,2650.54,2650.60,354
2026-01-07T10:37:00+00:00,2650.60,2650.76,2650.51,2650.65,544
2026-01-07T10:38:00+00:00,2650.65,2650.79,2650.63,2650.70,485
2026-01-07T10:39:00+00:00,2650.70,2650.70,2650.47,2650.55,220
2026-01-07T10:40:00+00:00,2650.55,2650.58,2650.16,2650.20,364
2026-01-07T10:41:00+00:00,2650.20,2650.24,2649.90,2650.08,274
2026-01-07T10:42:00+00:00,2650.08,2650.27,2649.96,2650.16,106
2026-01-07T10:43:00+00:00,2650.16,2650.24,2650.06,2650.22,158
2026-01-07T10:44:00+00:00,2650.22,2650.40,2650.04,2650.36,323
2026-01-07T10:45:00+00:00,2650.36,2650.48,2650.23,2650.28,878
2026-01-07T10:46:00+00:00,2650.28,2650.39,2650.10,2650.20,15
2026-01-07T10:47:00+00:00,2650.20,2650.30,2650.14,2650.28,1
2026-01-07T10:48:00+00:00,2650.28,2650.39,2650.23,2650.33,104
2026-01-07T10:49:00+00:00,2650.33,2650.37,2650.15,2650.24,208
2026-01-07T10:50:00+00:00,2650.24,2650.41,2650.18,2650.40,251
2026-01-07T10:51:00+00:00,2650.40,2650.46,2650.36,2650.37,251
2026-01-07T10:52:00+00:00,2650.37,2650.48,2650.31,2650.31,151
2026-01-07T10:53:00+00:00,2650.31,2650.36,2650.15,2650.28,402
2026-01-07T10:54:00+00:00,2650.28,2650.32,2649.94,2650.01,505
2026-01-07T10:55:00+00:00,2650.01,2650.04,2649.72,2649.75,274
2026-01-07T10:56:00+00:00,2649.75,2649.82,2649.53,2649.63,244
2026-01-07T10:57:00+00:00,2649.63,2650.00,2649.55,2649.99,467
2026-01-07T10:58:00+00:00,2649.99,2650.15,2649.75,2649.76,398
2026-01-07T10:59:00+00:00,2649.76,2650.06,2649.70,2650.01,188
2026-01-07T11:00:00+00:00,2650.01,2650.05,2649.99,2649.99,367
2026-01-07T11:01:00+00:00,2649.99,2650.08,2649.86,2650.08,226
2026-01-07T11:02:00+00:00,2650.08,2650.11,2649.91,2649.97,32
2026-01-07T11:03:00+00:00,2649.97,2650.03,2649.85,2649.91,248
2026-01-07T11:04:00+00:00,2649.91,2649.97,2649.79,2649.89,182
2026-01-07T11:05:00+00:00,2649.89,2650.07,2649.80,2650.07,95
2026-01-07T11:06:00+00:00,2650.07,2650.11,2649.84,2649.86,391
2026-01-07T11:07:00+00:00,2649.86,2649.91,2649.79,2649.85,241
2026-01-07T11:08:00+00:00,2649.85,2649.98,2649.82,2649.97,30
2026-01-07T11:09:00+00:00,2649.97,2650.26,2649.84,2650.13,49
2026-01-07T11:10:00+00:00,2650.13,2650.26,2650.06,2650.23,358
2026-01-07T11:11:00+00:00,2650.23,2650.47,2650.23,2650.39,360
2026-01-07T11:12:00+00:00,2650.39,2650.56,2650.31,2650.52,79
2026-01-07T11:13:00+00:00,2650.52,2650.57,2650.21,2650.32,272
2026-01-07T11:14:00+00:00,2650.32,2650.40,2650.16,2650.18,315
2026-01-07T11:15:00+00:00,2650.18,2650.20,2649.90,2650.01,196
2026-01-07T11:16:00+00:00,2650.01,2650.08,2649.81,2649.82,607
2026-01-07T11:17:00+00:00,2649.82,2649.82,2649.79,2649.82,101
2026-01-07T11:18:00+00:00,2649.82,2650.15,2649.79,2650.01,117
2026-01-07T11:19:00+00:00,2650.01,2650.39,2649.94,2650.33,60
2026-01-07T11:20:00+00:00,2650.33,2650.38,2650.28,2650.36,209
2026-01-07T11:21:00+00:00,2650.36,2650.65,2650.01,2650.15,658
2026-01-07T11:22:00+00:00,2650.15,2650.26,2649.91,2649.93,173
2026-01-07T11:23:00+00:00,2649.93,2650.08,2649.78,2649.98,1093
2026-01-07T11:24:00+00:00,2649.98,2650.05,2649.91,2649.94,117
2026-01-07T11:25:00+00:00,2649.94,2650.06,2649.83,2649.89,146
2026-01-07T11:26:00+00:00,2649.89,2649.95,2649.85,2649.88,103
2026-01-07T11:27:00+00:00,2649.88,2649.97,2649.77,2649.79,114
2026-01-07T11:28:00+00:00,2649.79,2649.91,2649.72,2649.75,628
2026-01-07T11:29:00+00:00,2649.75,2650.13,2649.73,2650.08,382
2026-01-07T11:30:00+00:00,2650.08,2650.43,2650.00,2650.39,627
2026-01-07T11:31:00+00:00,2650.39,2650.58,2650.30,2650.49,140
2026-01-07T11:32:00+00:00,2650.49,2650.52,2650.08,2650.14,274
2026-01-07T11:33:00+00:00,2650.14,2650.30,2650.03,2650.26,145
2026-01-07T11:34:00+00:00,2650.26,2650.45,2650.24,2650.42,31
2026-01-07T11:35:00+00:00,2650.42,2650.48,2650.31,2650.47,76
2026-01-07T11:36:00+00:00,2650.47,2650.53,2649.96,2650.06,620
2026-01-07T11:37:00+00:00,2650.06,2650.24,2649.84,2649.92,85
2026-01-07T11:38:00+00:00,2649.92,2649.92,2649.67,2649.76,508
2026-01-07T11:39:00+00:00,2649.76,2649.76,2649.68,2649.75,114
2026-01-07T11:40:00+00:00,2649.75,2649.78,2649.57,2649.57,192
2026-01-07T11:41:00+00:00,2649.57,2649.84,2649.56,2649.59,27
2026-01-07T11:42:00+00:00,2649.59,2649.85,2649.53,2649.80,81
2026-01-07T11:43:00+00:00,2649.80,2649.85,2649.43,2649.58,419
2026-01-07T11:44:00+00:00,2649.58,2649.63,2649.03,2649.22,349
2026-01-07T11:45:00+00:00,2649.22,2649.25,2649.11,2649.24,369
2026-01-07T11:46:00+00:00,2649.24,2649.39,2649.20,2649.35,477
2026-01-07T11:47:00+00:00,2649.35,2649.51,2649.21,2649.42,341
2026-01-07T11:48:00+00:00,2649.42,2649.62,2649.22,2649.32,229
2026-01-07T11:49:00+00:00,2649.32,2649.49,2649.27,2649.43,77
2026-01-07T11:50:00+00:00,2649.43,2649.78,2649.33,2649.71,559
2026-01-07T11:51:00+00:00,2649.71,2649.77,2649.62,2649.63,205
2026-01-07T11:52:00+00:00,2649.63,2649.71,2649.55,2649.59,16
2026-01-07T11:53:00+00:00,2649.59,2649.91,2649.50,2649.90,271
2026-01-07T11:54:00+00:00,2649.90,2650.02,2649.86,2649.86,216
2026-01-07T11:55:00+00:00,2649.86,2650.07,2649.76,2650.03,643
2026-01-07T11:56:00+00:00,2650.03,2650.16,2649.96,2650.15,167
2026-01-07T11:57:00+00:00,2650.15,2650.47,2650.14,2650.46,576
2026-01-07T11:58:00+00:00,2650.46,2650.49,2650.18,2650.31,427
2026-01-07T11:59:00+00:00,2650.31,2650.59,2650.27,2650.47,179
2026-01-07T12:00:00+00:00,2650.47,2650.62,2650.43,2650.50,210
2026-01-07T12:01:00+00:00,2650.50,2650.51,2649.94,2650.05,52
2026-01-07T12:02:00+00:00,2650.05,2650.25,2649.97,2650.14,183
2026-01-07T12:03:00+00:00,2650.14,2650.20,2650.09,2650.11,248
2026-01-07T12:04:00+00:00,2650.11,2650.40,2650.07,2650.18,406
2026-01-07T12:05:00+00:00,2650.18,2650.19,2649.62,2649.71,342
2026-01-07T12:06:00+00:00,2649.71,2649.84,2649.70,2649.74,405
2026-01-07T12:07:00+00:00,2649.74,2649.80,2649.68,2649.78,327
2026-01-07T12:08:00+00:00,2649.78,2649.88,2649.72,2649.84,144
2026-01-07T12:09:00+00:00,2649.84,2649.86,2649.41,2649.41,50
2026-01-07T12:10:00+00:00,2649.41,2649.59,2649.24,2649.44,353
2026-01-07T12:11:00+00:00,2649.44,2649.97,2649.33,2649.87,228
2026-01-07T12:12:00+00:00,2649.87,2649.89,2649.55,2649.57,893
2026-01-07T12:13:00+00:00,2649.57,2649.73,2649.49,2649.71,556
2026-01-07T12:14:00+00:00,2649.71,2649.82,2649.40,2649.46,131
2026-01-07T12:15:00+00:00,2649.46,2649.47,2649.27,2649.39,562
2026-01-07T12:16:00+00:00,2649.39,2649.56,2649.36,2649.49,209
2026-01-07T12:17:00+00:00,2649.49,2649.84,2649.45,2649.77,414
2026-01-07T12:18:00+00:00,2649.77,2649.98,2649.70,2649.71,718
2026-01-07T12:19:00+00:00,2649.71,2649.85,2649.64,2649.75,3
2026-01-07T12:20:00+00:00,2649.75,2650.00,2649.75,2649.95,789
2026-01-07T12:21:00+00:00,2649.95,2650.45,2649.93,2650.33,316
2026-01-07T12:22:00+00:00,2650.33,2650.36,2650.29,2650.30,484
2026-01-07T12:23:00+00:00,2650.30,2650.44,2650.26,2650.44,108
2026-01-07T12:24:00+00:00,2650.44,2650.50,2650.32,2650.37,860
2026-01-07T12:25:00+00:00,2650.37,2650.52,2650.24,2650.40,300
2026-01-07T12:26:00+00:00,2650.40,2650.49,2650.39,2650.45,495
2026-01-07T12:27:00+00:00,2650.45,2650.55,2650.35,2650.40,265
2026-01-07T12:28:00+00:00,2650.40,2650.43,2649.84,2650.01,242
2026-01-07T12:29:00+00:00,2650.01,2650.02,2649.86,2649.92,161
2026-01-07T12:30:00+00:00,2649.92,2650.17,2649.83,2650.03,454
2026-01-07T12:31:00+00:00,2650.03,2650.33,2649.87,2650.10,697
2026-01-07T12:32:00+00:00,2650.10,2650.14,2649.94,2650.02,134
2026-01-07T12:33:00+00:00,2650.02,2650.16,2649.66,2649.67,477
2026-01-07T12:34:00+00:00,2649.67,2649.73,2649.54,2649.63,27
2026-01-07T12:35:00+00:00,2649.63,2649.97,2649.59,2649.77,79
2026-01-07T12:36:00+00:00,2649.77,2649.93,2649.58,2649.84,496
2026-01-07T12:37:00+00:00,2649.84,2649.85,2649.24,2649.37,192
2026-01-07T12:38:00+00:00,2649.37,2649.66,2649.34,2649.57,89
2026-01-07T12:39:00+00:00,2649.57,2649.85,2649.49,2649.74,865
2026-01-07T12:40:00+00:00,2649.74,2649.78,2649.18,2649.26,941
2026-01-07T12:41:00+00:00,2649.26,2649.50,2649.18,2649.46,297
2026-01-07T12:42:00+00:00,2649.46,2649.71,2649.44,2649.61,259
2026-01-07T12:43:00+00:00,2649.61,2649.77,2649.37,2649.42,39
2026-01-07T12:44:00+00:00,2649.42,2649.45,2649.30,2649.39,147
2026-01-07T12:45:00+00:00,2649.39,2649.49,2649.26,2649.28,408
2026-01-07T12:46:00+00:00,2649.28,2649.46,2648.97,2649.01,359
2026-01-07T12:47:00+00:00,2649.01,2649.10,2648.90,2649.04,150
2026-01-07T12:48:00+00:00,2649.04,2649.13,2648.89,2649.04,16
2026-01-07T12:49:00+00:00,2649.04,2649.73,2648.77,2649.47,243
2026-01-07T12:50:00+00:00,2649.47,2649.69,2649.28,2649.67,524
2026-01-07T12:51:00+00:00,2649.67,2649.67,2649.45,2649.52,479
2026-01-07T12:52:00+00:00,2649.52,2649.66,2649.32,2649.39,152
2026-01-07T12:53:00+00:00,2649.39,2649.49,2649.24,2649.30,288
2026-01-07T12:54:00+00:00,2649.30,2649.46,2649.04,2649.20,326
2026-01-07T12:55:00+00:00,2649.20,2649.34,2649.12,2649.13,263
2026-01-07T12:56:00+00:00,2649.13,2649.28,2649.06,2649.10,64
2026-01-07T12:57:00+00:00,2649.10,2649.27,2648.99,2649.03,308
2026-01-07T12:58:00+00:00,2649.03,2649.29,2648.99,2649.15,1023
2026-01-07T12:59:00+00:00,2649.15,2649.23,2649.04,2649.23,779
2026-01-07T13:00:00+00:00,2649.23,2649.32,2648.98,2649.00,611
2026-01-07T13:01:00+00:00,2649.00,2649.13,2648.92,2649.01,72
2026-01-07T13:02:00+00:00,2649.01,2649.26,2648.88,2649.06,655
2026-01-07T13:03:00+00:00,2649.06,2649.45,2649.04,2649.40,354
2026-01-07T13:04:00+00:00,2649.40,2649.51,2649.22,2649.26,53
2026-01-07T13:05:00+00:00,2649.26,2649.53,2649.25,2649.44,1229
2026-01-07T13:06:00+00:00,2649.44,2649.51,2649.22,2649.27,150
2026-01-07T13:07:00+00:00,2649.27,2649.74,2649.16,2649.59,377
2026-01-07T13:08:00+00:00,2649.59,2649.73,2649.54,2649.73,652
2026-01-07T13:09:00+00:00,2649.73,2650.26,2649.72,2650.07,209
2026-01-07T13:10:00+00:00,2650.07,2650.25,2649.76,2650.03,476
2026-01-07T13:11:00+00:00,2650.03,2650.65,2649.96,2650.62,499
2026-01-07T13:12:00+00:00,2650.62,2650.68,2650.50,2650.58,1476
2026-01-07T13:13:00+00:00,2650.58,2650.61,2650.38,2650.45,383
2026-01-07T13:14:00+00:00,2650.45,2650.70,2650.38,2650.63,565
2026-01-07T13:15:00+00:00,2650.63,2650.78,2650.49,2650.72,277
2026-01-07T13:16:00+00:00,2650.72,2650.78,2650.47,2650.71,140
2026-01-07T13:17:00+00:00,2650.71,2650.76,2650.36,2650.51,336
2026-01-07T13:18:00+00:00,2650.51,2650.78,2650.22,2650.74,982
2026-01-07T13:19:00+00:00,2650.74,2650.80,2650.47,2650.51,206
2026-01-07T13:20:00+00:00,2650.51,2650.52,2649.79,2650.02,756
2026-01-07T13:21:00+00:00,2650.02,2650.12,2650.00,2650.06,697
2026-01-07T13:22:00+00:00,2650.06,2650.09,2649.26,2649.55,433
2026-01-07T13:23:00+00:00,2649.55,2649.56,2649.38,2649.55,257
2026-01-07T13:24:00+00:00,2649.55,2649.63,2649.00,2649.17,862
2026-01-07T13:25:00+00:00,2649.17,2649.23,2648.77,2648.99,669
2026-01-07T13:26:00+00:00,2648.99,2649.60,2648.95,2649.52,233
2026-01-07T13:27:00+00:00,2649.52,2649.72,2649.50,2649.69,24
2026-01-07T13:28:00+00:00,2649.69,2650.13,2649.36,2649.93,606
2026-01-07T13:29:00+00:00,2649.93,2650.10,2649.64,2649.65,751
2026-01-07T13:30:00+00:00,2649.65,2649.79,2649.53,2649.78,563
2026-01-07T13:31:00+00:00,2649.78,2649.91,2649.74,2649.88,540
2026-01-07T13:32:00+00:00,2649.88,2649.95,2649.34,2649.36,125
2026-01-07T13:33:00+00:00,2649.36,2649.64,2649.18,2649.55,985
2026-01-07T13:34:00+00:00,2649.55,2649.59,2649.27,2649.38,483
2026-01-07T13:35:00+00:00,2649.38,2649.53,2649.30,2649.44,168
2026-01-07T13:36:00+00:00,2649.44,2649.79,2649.33,2649.57,1632
2026-01-07T13:37:00+00:00,2649.57,2649.62,2649.48,2649.55,251
2026-01-07T13:38:00+00:00,2649.55,2650.00,2649.52,2649.93,351
2026-01-07T13:39:00+00:00,2649.93,2649.98,2649.71,2649.85,143
2026-01-07T13:40:00+00:00,2649.85,2649.99,2649.63,2649.76,361
2026-01-07T13:41:00+00:00,2649.76,2649.98,2649.60,2649.71,7
2026-01-07T13:42:00+00:00,2649.71,2650.16,2649.55,2649.90,204
2026-01-07T13:43:00+00:00,2649.90,2649.93,2648.78,2648.91,605
2026-01-07T13:44:00+00:00,2648.91,2649.06,2648.84,2649.01,282
2026-01-07T13:45:00+00:00,2649.01,2649.14,2648.70,2648.81,432
2026-01-07T13:46:00+00:00,2648.81,2648.84,2648.75,2648.84,563
2026-01-07T13:47:00+00:00,2648.84,2648.99,2648.65,2648.99,835
2026-01-07T13:48:00+00:00,2648.99,2649.29,2648.91,2649.25,434
2026-01-07T13:49:00+00:00,2649.25,2649.79,2649.23,2649.72,898
2026-01-07T13:50:00+00:00,2649.72,2649.87,2649.36,2649.45,764
2026-01-07T13:51:00+00:00,2649.45,2649.61,2649.37,2649.40,227
2026-01-07T13:52:00+00:00,2649.40,2649.50,2649.05,2649.14,93
2026-01-07T13:53:00+00:00,2649.14,2649.16,2648.62,2648.85,1119
2026-01-07T13:54:00+00:00,2648.85,2648.97,2648.41,2648.70,186
2026-01-07T13:55:00+00:00,2648.70,2648.75,2648.40,2648.42,522
2026-01-07T13:56:00+00:00,2648.42,2648.73,2648.32,2648.59,296
2026-01-07T13:57:00+00:00,2648.59,2648.68,2648.26,2648.29,469
2026-01-07T13:58:00+00:00,2648.29,2648.52,2647.98,2648.13,376
2026-01-07T13:59:00+00:00,2648.13,2648.58,2647.97,2648.55,279
2026-01-07T14:00:00+00:00,2648.55,2648.97,2648.37,2648.91,117
2026-01-07T14:01:00+00:00,2648.91,2649.14,2648.73,2649.11,387
2026-01-07T14:02:00+00:00,2649.11,2649.15,2648.87,2648.87,644
2026-01-07T14:03:00+00:00,2648.87,2648.95,2648.59,2648.72,538
2026-01-07T14:04:00+00:00,2648.72,2648.89,2648.51,2648.52,50
2026-01-07T14:05:00+00:00,2648.52,2648.67,2648.25,2648.33,674
2026-01-07T14:06:00+00:00,2648.33,2649.18,2648.29,2648.97,125
2026-01-07T14:07:00+00:00,2648.97,2649.64,2648.91,2649.46,684
2026-01-07T14:08:00+00:00,2649.46,2649.77,2649.43,2649.73,824
2026-01-07T14:09:00+00:00,2649.73,2650.12,2649.71,2649.89,1103
2026-01-07T14:10:00+00:00,2649.89,2650.04,2649.70,2649.75,186
2026-01-07T14:11:00+00:00,2649.75,2649.97,2649.49,2649.67,676
2026-01-07T14:12:00+00:00,2649.67,2649.72,2649.28,2649.47,351
2026-01-07T14:13:00+00:00,2649.47,2649.52,2649.26,2649.31,541
2026-01-07T14:14:00+00:00,2649.31,2649.40,2649.25,2649.37,196
2026-01-07T14:15:00+00:00,2649.37,2649.46,2649.14,2649.17,34
2026-01-07T14:16:00+00:00,2649.17,2649.50,2649.10,2649.39,432
2026-01-07T14:17:00+00:00,2649.39,2649.55,2649.24,2649.41,645
2026-01-07T14:18:00+00:00,2649.41,2649.61,2649.04,2649.11,191
2026-01-07T14:19:00+00:00,2649.11,2649.45,2649.10,2649.34,756
2026-01-07T14:20:00+00:00,2649.34,2649.36,2649.18,2649.32,268
2026-01-07T14:21:00+00:00,2649.32,2649.42,2649.16,2649.24,1071
2026-01-07T14:22:00+00:00,2649.24,2649.39,2648.98,2649.31,53
2026-01-07T14:23:00+00:00,2649.31,2649.56,2649.22,2649.53,868
2026-01-07T14:24:00+00:00,2649.53,2649.67,2649.49,2649.64,794
2026-01-07T14:25:00+00:00,2649.64,2649.68,2649.44,2649.44,311
2026-01-07T14:26:00+00:00,2649.44,2649.70,2649.31,2649.35,286
2026-01-07T14:27:00+00:00,2649.35,2649.58,2649.30,2649.58,335
2026-01-07T14:28:00+00:00,2649.58,2649.75,2648.89,2649.13,21
2026-01-07T14:29:00+00:00,2649.13,2649.26,2648.63,2648.68,51
2026-01-07T14:30:00+00:00,2648.68,2648.79,2648.23,2648.44,42
2026-01-07T14:31:00+00:00,2648.44,2648.79,2648.42,2648.65,274
2026-01-07T14:32:00+00:00,2648.65,2648.82,2648.60,2648.73,590
2026-01-07T14:33:00+00:00,2648.73,2649.20,2648.67,2648.99,442
2026-01-07T14:34:00+00:00,2648.99,2649.13,2648.59,2648.80,101
2026-01-07T14:35:00+00:00,2648.80,2649.01,2648.61,2648.65,175
2026-01-07T14:36:00+00:00,2648.65,2649.38,2648.64,2649.35,547
2026-01-07T14:37:00+00:00,2649.35,2649.50,2649.15,2649.20,320
2026-01-07T14:38:00+00:00,2649.20,2649.38,2649.14,2649.37,238
2026-01-07T14:39:00+00:00,2649.37,2649.81,2649.10,2649.76,739
2026-01-07T14:40:00+00:00,2649.76,2650.07,2649.71,2650.00,252
2026-01-07T14:41:00+00:00,2650.00,2650.43,2649.93,2650.23,261
2026-01-07T14:42:00+00:00,2650.23,2650.38,2650.14,2650.20,250
2026-01-07T14:43:00+00:00,2650.20,2650.48,2650.14,2650.48,36
2026-01-07T14:44:00+00:00,2650.48,2650.50,2650.35,2650.36,898
2026-01-07T14:45:00+00:00,2650.36,2650.68,2650.12,2650.21,522
2026-01-07T14:46:00+00:00,2650.21,2651.02,2650.09,2650.70,9
2026-01-07T14:47:00+00:00,2650.70,2650.76,2650.19,2650.50,230
2026-01-07T14:48:00+00:00,2650.50,2650.62,2650.49,2650.57,144
2026-01-07T14:49:00+00:00,2650.57,2650.81,2650.56,2650.72,157
2026-01-07T14:50:00+00:00,2650.72,2651.16,2650.66,2650.91,487
2026-01-07T14:51:00+00:00,2650.91,2651.14,2650.66,2651.08,519
2026-01-07T14:52:00+00:00,2651.08,2651.52,2651.03,2651.46,613
2026-01-07T14:53:00+00:00,2651.46,2652.09,2651.30,2651.93,602
2026-01-07T14:54:00+00:00,2651.93,2652.23,2651.87,2652.17,64
2026-01-07T14:55:00+00:00,2652.17,2652.32,2652.13,2652.31,116
2026-01-07T14:56:00+00:00,2652.31,2652.35,2651.92,2652.15,522
2026-01-07T14:57:00+00:00,2652.15,2652.48,2651.96,2652.44,1312
2026-01-07T14:58:00+00:00,2652.44,2652.78,2652.39,2652.47,804
2026-01-07T14:59:00+00:00,2652.47,2652.58,2652.20,2652.56,844
2026-01-07T15:00:00+00:00,2652.56,2652.62,2652.04,2652.20,277
2026-01-07T15:01:00+00:00,2652.20,2652.32,2651.44,2651.52,430
2026-01-07T15:02:00+00:00,2651.52,2651.97,2651.24,2651.84,123
2026-01-07T15:03:00+00:00,2651.84,2652.18,2651.84,2652.12,227
2026-01-07T15:04:00+00:00,2652.12,2652.32,2651.90,2652.27,60
2026-01-07T15:05:00+00:00,2652.27,2652.38,2652.16,2652.32,552
2026-01-07T15:06:00+00:00,2652.32,2652.53,2652.13,2652.36,1148
2026-01-07T15:07:00+00:00,2652.36,2652.51,2652.28,2652.41,44
2026-01-07T15:08:00+00:00,2652.41,2652.55,2651.99,2652.22,1
2026-01-07T15:09:00+00:00,2652.22,2652.37,2652.18,2652.35,390
2026-01-07T15:10:00+00:00,2652.35,2652.61,2652.13,2652.27,306
2026-01-07T15:11:00+00:00,2652.27,2652.50,2652.14,2652.47,324
2026-01-07T15:12:00+00:00,2652.47,2652.61,2652.27,2652.43,789
2026-01-07T15:13:00+00:00,2652.43,2652.61,2652.08,2652.16,30
2026-01-07T15:14:00+00:00,2652.16,2652.32,2651.98,2652.29,540
2026-01-07T15:15:00+00:00,2652.29,2652.39,2651.87,2652.14,420
2026-01-07T15:16:00+00:00,2652.14,2652.52,2652.12,2652.29,135
2026-01-07T15:17:00+00:00,2652.29,2652.42,2651.95,2652.15,72
2026-01-07T15:18:00+00:00,2652.15,2652.24,2651.96,2652.18,1421
2026-01-07T15:19:00+00:00,2652.18,2652.61,2652.10,2652.46,539
2026-01-07T15:20:00+00:00,2652.46,2652.51,2652.26,2652.30,777
2026-01-07T15:21:00+00:00,2652.30,2652.60,2652.20,2652.57,820
2026-01-07T15:22:00+00:00,2652.57,2652.91,2652.55,2652.86,75
2026-01-07T15:23:00+00:00,2652.86,2652.94,2652.26,2652.32,756
2026-01-07T15:24:00+00:00,2652.32,2652.35,2651.91,2651.98,304
2026-01-07T15:25:00+00:00,2651.98,2652.02,2651.54,2651.67,915
2026-01-07T15:26:00+00:00,2651.67,2651.77,2651.05,2651.08,279
2026-01-07T15:27:00+00:00,2651.08,2651.09,2650.72,2650.74,735
2026-01-07T15:28:00+00:00,2650.74,2650.83,2650.66,2650.70,219
2026-01-07T15:29:00+00:00,2650.70,2650.94,2650.51,2650.89,270
2026-01-07T15:30:00+00:00,2650.89,2650.89,2650.63,2650.68,911
2026-01-07T15:31:00+00:00,2650.68,2650.70,2650.27,2650.37,21
2026-01-07T15:32:00+00:00,2650.37,2650.56,2650.12,2650.24,390
2026-01-07T15:33:00+00:00,2650.24,2650.27,2649.94,2649.99,171
2026-01-07T15:34:00+00:00,2649.99,2650.03,2649.89,2649.98,353
2026-01-07T15:35:00+00:00,2649.98,2650.04,2649.65,2649.83,571
2026-01-07T15:36:00+00:00,2649.83,2649.93,2649.74,2649.85,759
2026-01-07T15:37:00+00:00,2649.85,2650.03,2649.52,2649.53,304
2026-01-07T15:38:00+00:00,2649.53,2649.54,2649.38,2649.38,610
2026-01-07T15:39:00+00:00,2649.38,2649.51,2649.02,2649.17,546
2026-01-07T15:40:00+00:00,2649.17,2649.23,2649.10,2649.18,1048
2026-01-07T15:41:00+00:00,2649.18,2649.69,2649.03,2649.58,811
2026-01-07T15:42:00+00:00,2649.58,2649.64,2649.24,2649.27,653
2026-01-07T15:43:00+00:00,2649.27,2649.49,2649.21,2649.44,17
2026-01-07T15:44:00+00:00,2649.44,2649.45,2649.33,2649.42,97
2026-01-07T15:45:00+00:00,2649.42,2649.81,2649.37,2649.79,1291
2026-01-07T15:46:00+00:00,2649.79,2650.39,2649.74,2650.13,157
2026-01-07T15:47:00+00:00,2650.13,2650.30,2649.70,2649.79,931
2026-01-07T15:48:00+00:00,2649.79,2649.85,2649.29,2649.57,456
2026-01-07T15:49:00+00:00,2649.57,2649.63,2649.32,2649.35,97
2026-01-07T15:50:00+00:00,2649.35,2649.66,2649.28,2649.44,358
2026-01-07T15:51:00+00:00,2649.44,2649.57,2649.10,2649.11,883
2026-01-07T15:52:00+00:00,2649.11,2649.22,2649.10,2649.21,369
2026-01-07T15:53:00+00:00,2649.21,2649.25,2649.03,2649.15,269
2026-01-07T15:54:00+00:00,2649.15,2649.47,2649.11,2649.44,430
2026-01-07T15:55:00+00:00,2649.44,2649.87,2649.37,2649.78,716
2026-01-07T15:56:00+00:00,2649.78,2650.11,2649.66,2649.88,289
2026-01-07T15:57:00+00:00,2649.88,2650.06,2649.86,2649.86,137
2026-01-07T15:58:00+00:00,2649.86,2650.37,2649.76,2650.21,875
2026-01-07T15:59:00+00:00,2650.21,2650.36,2650.10,2650.15,376
2026-01-07T16:00:00+00:00,2650.15,2650.37,2649.87,2650.09,36
2026-01-07T16:01:00+00:00,2650.09,2650.26,2650.04,2650.26,409
2026-01-07T16:02:00+00:00,2650.26,2650.32,2650.07,2650.10,661
2026-01-07T16:03:00+00:00,2650.10,2650.31,2649.80,2650.13,745
2026-01-07T16:04:00+00:00,2650.13,2650.29,2649.94,2650.19,1082
2026-01-07T16:05:00+00:00,2650.19,2650.22,2649.95,2649.95,364
2026-01-07T16:06:00+00:00,2649.95,2650.20,2649.82,2650.12,1089
2026-01-07T16:07:00+00:00,2650.12,2650.26,2650.09,2650.24,144
2026-01-07T16:08:00+00:00,2650.24,2650.84,2650.22,2650.56,467
2026-01-07T16:09:00+00:00,2650.56,2651.07,2650.35,2650.86,410
2026-01-07T16:10:00+00:00,2650.86,2650.99,2650.74,2650.82,272
2026-01-07T16:11:00+00:00,2650.82,2651.00,2650.80,2650.96,697
2026-01-07T16:12:00+00:00,2650.96,2651.39,2650.72,2651.31,599
2026-01-07T16:13:00+00:00,2651.31,2651.42,2651.06,2651.18,63
2026-01-07T16:14:00+00:00,2651.18,2651.29,2650.71,2650.74,1049
2026-01-07T16:15:00+00:00,2650.74,2650.88,2650.65,2650.84,961
2026-01-07T16:16:00+00:00,2650.84,2651.18,2650.72,2650.75,761
2026-01-07T16:17:00+00:00,2650.75,2651.55,2650.66,2651.23,135
2026-01-07T16:18:00+00:00,2651.23,2651.34,2651.00,2651.17,427
2026-01-07T16:19:00+00:00,2651.17,2651.20,2650.88,2650.92,71
2026-01-07T16:20:00+00:00,2650.92,2651.65,2650.83,2651.49,128
2026-01-07T16:21:00+00:00,2651.49,2651.66,2651.41,2651.53,125
2026-01-07T16:22:00+00:00,2651.53,2651.56,2650.97,2651.19,1122
2026-01-07T16:23:00+00:00,2651.19,2651.74,2651.15,2651.56,356
2026-01-07T16:24:00+00:00,2651.56,2651.60,2651.48,2651.59,1215
2026-01-07T16:25:00+00:00,2651.59,2651.62,2651.42,2651.44,563
2026-01-07T16:26:00+00:00,2651.44,2651.73,2651.38,2651.66,310
2026-01-07T16:27:00+00:00,2651.66,2652.23,2651.64,2651.84,876
2026-01-07T16:28:00+00:00,2651.84,2652.25,2651.84,2652.24,771
2026-01-07T16:29:00+00:00,2652.24,2652.54,2652.20,2652.29,392
2026-01-07T16:30:00+00:00,2652.29,2652.32,2652.10,2652.10,521
2026-01-07T16:31:00+00:00,2652.10,2652.41,2652.07,2652.23,621
2026-01-07T16:32:00+00:00,2652.23,2652.26,2651.85,2651.85,42
2026-01-07T16:33:00+00:00,2651.85,2652.14,2651.71,2652.14,261
2026-01-07T16:34:00+00:00,2652.14,2652.19,2651.69,2651.89,655
2026-01-07T16:35:00+00:00,2651.89,2652.34,2651.78,2652.33,508
2026-01-07T16:36:00+00:00,2652.33,2652.40,2652.29,2652.31,1601
2026-01-07T16:37:00+00:00,2652.31,2652.40,2651.96,2651.99,168
2026-01-07T16:38:00+00:00,2651.99,2652.12,2651.66,2651.77,561
2026-01-07T16:39:00+00:00,2651.77,2651.91,2651.62,2651.73,48
2026-01-07T16:40:00+00:00,2651.73,2651.78,2651.61,2651.78,536
2026-01-07T16:41:00+00:00,2651.78,2652.53,2651.71,2652.37,1337
2026-01-07T16:42:00+00:00,2652.37,2652.53,2652.06,2652.11,350
2026-01-07T16:43:00+00:00,2652.11,2652.12,2651.90,2652.04,243
2026-01-07T16:44:00+00:00,2652.04,2652.12,2651.89,2651.89,377
2026-01-07T16:45:00+00:00,2651.89,2652.08,2651.52,2651.63,712
2026-01-07T16:46:00+00:00,2651.63,2651.85,2651.43,2651.68,253
2026-01-07T16:47:00+00:00,2651.68,2651.88,2651.61,2651.87,44
2026-01-07T16:48:00+00:00,2651.87,2651.97,2651.64,2651.73,129
2026-01-07T16:49:00+00:00,2651.73,2651.92,2651.69,2651.82,11
2026-01-07T16:50:00+00:00,2651.82,2651.84,2651.59,2651.72,731
2026-01-07T16:51:00+00:00,2651.72,2651.88,2651.69,2651.84,650
2026-01-07T16:52:00+00:00,2651.84,2651.93,2651.41,2651.72,740
2026-01-07T16:53:00+00:00,2651.72,2651.84,2651.56,2651.68,183
2026-01-07T16:54:00+00:00,2651.68,2651.76,2651.56,2651.74,405
2026-01-07T16:55:00+00:00,2651.74,2651.88,2651.70,2651.75,138
2026-01-07T16:56:00+00:00,2651.75,2651.79,2651.63,2651.69,61
2026-01-07T16:57:00+00:00,2651.69,2652.01,2651.62,2651.98,78
2026-01-07T16:58:00+00:00,2651.98,2652.08,2651.77,2651.80,411
2026-01-07T16:59:00+00:00,2651.80,2651.91,2651.64,2651.75,706
2026-01-07T17:00:00+00:00,2651.75,2651.94,2651.64,2651.89,248
2026-01-07T17:01:00+00:00,2651.89,2652.06,2651.85,2651.91,673
2026-01-07T17:02:00+00:00,2651.91,2652.04,2651.31,2651.33,627
2026-01-07T17:03:00+00:00,2651.33,2651.36,2650.97,2650.99,314
2026-01-07T17:04:00+00:00,2650.99,2651.03,2650.64,2650.67,227
2026-01-07T17:05:00+00:00,2650.67,2650.69,2650.28,2650.40,645
2026-01-07T17:06:00+00:00,2650.40,2650.46,2649.85,2649.93,277
2026-01-07T17:07:00+00:00,2649.93,2650.47,2649.77,2650.35,482
2026-01-07T17:08:00+00:00,2650.35,2650.38,2650.26,2650.37,104
2026-01-07T17:09:00+00:00,2650.37,2650.46,2650.32,2650.40,198
2026-01-07T17:10:00+00:00,2650.40,2650.43,2650.18,2650.23,202
2026-01-07T17:11:00+00:00,2650.23,2650.52,2650.09,2650.31,986
2026-01-07T17:12:00+00:00,2650.31,2650.50,2649.95,2650.10,175
2026-01-07T17:13:00+00:00,2650.10,2650.20,2649.86,2649.90,7
2026-01-07T17:14:00+00:00,2649.90,2650.08,2649.72,2649.73,886
2026-01-07T17:15:00+00:00,2649.73,2649.86,2649.65,2649.74,199
2026-01-07T17:16:00+00:00,2649.74,2650.25,2649.73,2650.07,351
2026-01-07T17:17:00+00:00,2650.07,2650.15,2649.96,2650.00,52
2026-01-07T17:18:00+00:00,2650.00,2650.22,2650.00,2650.19,34
2026-01-07T17:19:00+00:00,2650.19,2650.22,2650.16,2650.17,317
2026-01-07T17:20:00+00:00,2650.17,2650.25,2649.73,2649.80,366
2026-01-07T17:21:00+00:00,2649.80,2649.96,2649.63,2649.63,223
2026-01-07T17:22:00+00:00,2649.63,2649.83,2649.58,2649.70,279
2026-01-07T17:23:00+00:00,2649.70,2649.85,2649.67,2649.70,489
2026-01-07T17:24:00+00:00,2649.70,2649.72,2649.55,2649.61,54
2026-01-07T17:25:00+00:00,2649.61,2649.74,2649.49,2649.52,300
2026-01-07T17:26:00+00:00,2649.52,2649.53,2649.34,2649.40,86
2026-01-07T17:27:00+00:00,2649.40,2649.54,2649.28,2649.34,549
2026-01-07T17:28:00+00:00,2649.34,2649.38,2649.09,2649.17,164
2026-01-07T17:29:00+00:00,2649.17,2649.58,2649.15,2649.48,606
2026-01-07T17:30:00+00:00,2649.48,2649.94,2649.44,2649.82,378
2026-01-07T17:31:00+00:00,2649.82,2650.09,2649.75,2650.06,203
2026-01-07T17:32:00+00:00,2650.06,2650.49,2649.95,2650.43,658
2026-01-07T17:33:00+00:00,2650.43,2650.45,2650.09,2650.13,29
2026-01-07T17:34:00+00:00,2650.13,2650.18,2650.06,2650.16,333
2026-01-07T17:35:00+00:00,2650.16,2650.18,2649.61,2649.75,99
2026-01-07T17:36:00+00:00,2649.75,2649.82,2649.39,2649.44,711
2026-01-07T17:37:00+00:00,2649.44,2649.48,2649.39,2649.39,831
2026-01-07T17:38:00+00:00,2649.39,2649.75,2649.33,2649.68,314
2026-01-07T17:39:00+00:00,2649.68,2649.70,2649.58,2649.70,72
2026-01-07T17:40:00+00:00,2649.70,2649.86,2649.64,2649.65,329
2026-01-07T17:41:00+00:00,2649.65,2649.74,2649.33,2649.39,389
2026-01-07T17:42:00+00:00,2649.39,2649.59,2648.92,2648.94,799
2026-01-07T17:43:00+00:00,2648.94,2649.00,2648.58,2648.76,407
2026-01-07T17:44:00+00:00,2648.76,2648.91,2648.58,2648.80,115
2026-01-07T17:45:00+00:00,2648.80,2648.84,2648.66,2648.82,347
2026-01-07T17:46:00+00:00,2648.82,2648.97,2648.59,2648.62,936
2026-01-07T17:47:00+00:00,2648.62,2648.73,2648.39,2648.50,430
2026-01-07T17:48:00+00:00,2648.50,2648.57,2648.43,2648.47,610
2026-01-07T17:49:00+00:00,2648.47,2648.52,2648.31,2648.31,211
2026-01-07T17:50:00+00:00,2648.31,2648.42,2648.16,2648.40,735
2026-01-07T17:51:00+00:00,2648.40,2648.65,2648.39,2648.44,588
2026-01-07T17:52:00+00:00,2648.44,2648.54,2648.35,2648.38,246
2026-01-07T17:53:00+00:00,2648.38,2648.68,2648.30,2648.65,333
2026-01-07T17:54:00+00:00,2648.65,2648.90,2648.51,2648.55,44
2026-01-07T17:55:00+00:00,2648.55,2648.62,2648.28,2648.33,76
2026-01-07T17:56:00+00:00,2648.33,2648.71,2648.27,2648.51,36
2026-01-07T17:57:00+00:00,2648.51,2648.52,2648.02,2648.08,576
2026-01-07T17:58:00+00:00,2648.08,2648.21,2647.97,2648.06,280
2026-01-07T17:59:00+00:00,2648.06,2648.11,2647.82,2647.88,407
2026-01-07T18:00:00+00:00,2647.88,2648.17,2647.72,2648.15,15
2026-01-07T18:01:00+00:00,2648.15,2648.27,2648.01,2648.07,50
2026-01-07T18:02:00+00:00,2648.07,2648.15,2647.97,2648.14,182
2026-01-07T18:03:00+00:00,2648.14,2648.19,2648.02,2648.10,189
2026-01-07T18:04:00+00:00,2648.10,2648.49,2648.07,2648.31,48
2026-01-07T18:05:00+00:00,2648.31,2648.35,2648.05,2648.13,219
2026-01-07T18:06:00+00:00,2648.13,2648.14,2647.95,2648.03,114
2026-01-07T18:07:00+00:00,2648.03,2648.26,2647.83,2648.21,73
2026-01-07T18:08:00+00:00,2648.21,2648.62,2648.10,2648.50,23
2026-01-07T18:09:00+00:00,2648.50,2648.64,2648.43,2648.53,562
2026-01-07T18:10:00+00:00,2648.53,2648.57,2648.41,2648.49,322
2026-01-07T18:11:00+00:00,2648.49,2648.56,2648.41,2648.52,27
2026-01-07T18:12:00+00:00,2648.52,2648.73,2648.36,2648.69,651
2026-01-07T18:13:00+00:00,2648.69,2648.82,2648.52,2648.74,83
2026-01-07T18:14:00+00:00,2648.74,2648.88,2648.64,2648.67,182
2026-01-07T18:15:00+00:00,2648.67,2648.68,2648.56,2648.64,769
2026-01-07T18:16:00+00:00,2648.64,2648.66,2648.35,2648.45,110
2026-01-07T18:17:00+00:00,2648.45,2648.51,2648.19,2648.32,126
2026-01-07T18:18:00+00:00,2648.32,2648.52,2648.26,2648.38,351
2026-01-07T18:19:00+00:00,2648.38,2648.88,2648.37,2648.74,263
2026-01-07T18:20:00+00:00,2648.74,2648.75,2648.68,2648.73,497
2026-01-07T18:21:00+00:00,2648.73,2648.89,2648.72,2648.78,385
2026-01-07T18:22:00+00:00,2648.78,2649.03,2648.73,2648.82,226
2026-01-07T18:23:00+00:00,2648.82,2649.08,2648.79,2649.04,347
2026-01-07T18:24:00+00:00,2649.04,2649.06,2648.95,2649.00,149
2026-01-07T18:25:00+00:00,2649.00,2649.06,2648.97,2649.04,134
2026-01-07T18:26:00+00:00,2649.04,2649.08,2648.95,2648.98,421
2026-01-07T18:27:00+00:00,2648.98,2649.32,2648.74,2649.23,61
2026-01-07T18:28:00+00:00,2649.23,2649.24,2648.99,2649.05,113
2026-01-07T18:29:00+00:00,2649.05,2649.40,2648.94,2649.36,584
2026-01-07T18:30:00+00:00,2649.36,2649.44,2648.85,2648.94,197
2026-01-07T18:31:00+00:00,2648.94,2649.02,2648.60,2648.66,308
2026-01-07T18:32:00+00:00,2648.66,2648.82,2648.60,2648.80,182
2026-01-07T18:33:00+00:00,2648.80,2648.95,2648.77,2648.85,433
2026-01-07T18:34:00+00:00,2648.85,2648.96,2648.82,2648.94,67
2026-01-07T18:35:00+00:00,2648.94,2649.09,2648.75,2648.80,48
2026-01-07T18:36:00+00:00,2648.80,2648.85,2648.72,2648.75,109
2026-01-07T18:37:00+00:00,2648.75,2648.77,2648.65,2648.74,123
2026-01-07T18:38:00+00:00,2648.74,2648.96,2648.62,2648.81,107
2026-01-07T18:39:00+00:00,2648.81,2648.92,2648.67,2648.89,622
2026-01-07T18:40:00+00:00,2648.89,2648.93,2648.84,2648.87,168
2026-01-07T18:41:00+00:00,2648.87,2649.15,2648.86,2649.13,91
2026-01-07T18:42:00+00:00,2649.13,2649.28,2649.02,2649.24,457
2026-01-07T18:43:00+00:00,2649.24,2649.25,2649.07,2649.08,435
2026-01-07T18:44:00+00:00,2649.08,2649.25,2648.87,2648.96,286
2026-01-07T18:45:00+00:00,2648.96,2649.05,2648.86,2649.02,965
2026-01-07T18:46:00+00:00,2649.02,2649.07,2648.87,2648.98,341
2026-01-07T18:47:00+00:00,2648.98,2649.03,2648.87,2649.02,340
2026-01-07T18:48:00+00:00,2649.02,2649.30,2648.99,2649.18,305
2026-01-07T18:49:00+00:00,2649.18,2649.25,2649.15,2649.21,21
2026-01-07T18:50:00+00:00,2649.21,2649.48,2649.17,2649.41,478
2026-01-07T18:51:00+00:00,2649.41,2649.46,2649.31,2649.34,301
2026-01-07T18:52:00+00:00,2649.34,2649.41,2649.07,2649.11,112
2026-01-07T18:53:00+00:00,2649.11,2649.17,2648.89,2648.91,267
2026-01-07T18:54:00+00:00,2648.91,2649.32,2648.90,2649.19,619
2026-01-07T18:55:00+00:00,2649.19,2649.20,2648.91,2649.04,254
2026-01-07T18:56:00+00:00,2649.04,2649.30,2649.02,2649.24,216
2026-01-07T18:57:00+00:00,2649.24,2649.33,2649.16,2649.17,34
2026-01-07T18:58:00+00:00,2649.17,2649.20,2648.98,2649.04,31
2026-01-07T18:59:00+00:00,2649.04,2649.06,2648.98,2649.01,994
2026-01-07T19:00:00+00:00,2649.01,2649.17,2648.99,2649.09,672
2026-01-07T19:01:00+00:00,2649.09,2649.24,2648.86,2648.90,160
2026-01-07T19:02:00+00:00,2648.90,2648.97,2648.71,2648.73,143
2026-01-07T19:03:00+00:00,2648.73,2648.75,2648.54,2648.70,174
2026-01-07T19:04:00+00:00,2648.70,2648.86,2648.70,2648.81,613
2026-01-07T19:05:00+00:00,2648.81,2648.87,2648.69,2648.79,261
2026-01-07T19:06:00+00:00,2648.79,2648.88,2648.40,2648.40,540
2026-01-07T19:07:00+00:00,2648.40,2648.51,2648.24,2648.28,308
2026-01-07T19:08:00+00:00,2648.28,2648.29,2648.07,2648.08,125
2026-01-07T19:09:00+00:00,2648.08,2648.27,2648.04,2648.23,400
2026-01-07T19:10:00+00:00,2648.23,2648.30,2648.18,2648.28,510
2026-01-07T19:11:00+00:00,2648.28,2648.39,2648.19,2648.30,77
2026-01-07T19:12:00+00:00,2648.30,2648.45,2648.07,2648.15,154
2026-01-07T19:13:00+00:00,2648.15,2648.47,2648.13,2648.47,191
2026-01-07T19:14:00+00:00,2648.47,2648.51,2648.45,2648.50,376
2026-01-07T19:15:00+00:00,2648.50,2648.63,2648.40,2648.52,154
2026-01-07T19:16:00+00:00,2648.52,2648.55,2648.39,2648.42,14
2026-01-07T19:17:00+00:00,2648.42,2648.69,2648.37,2648.53,404
2026-01-07T19:18:00+00:00,2648.53,2648.60,2648.17,2648.27,224
2026-01-07T19:19:00+00:00,2648.27,2648.53,2648.19,2648.49,129
2026-01-07T19:20:00+00:00,2648.49,2648.52,2648.38,2648.44,57
2026-01-07T19:21:00+00:00,2648.44,2648.49,2648.03,2648.05,733
2026-01-07T19:22:00+00:00,2648.05,2648.23,2647.98,2648.19,225
2026-01-07T19:23:00+00:00,2648.19,2648.30,2647.96,2648.03,228
2026-01-07T19:24:00+00:00,2648.03,2648.17,2647.98,2648.10,26
2026-01-07T19:25:00+00:00,2648.10,2648.14,2647.75,2647.94,385
2026-01-07T19:26:00+00:00,2647.94,2647.95,2647.91,2647.94,411
2026-01-07T19:27:00+00:00,2647.94,2648.11,2647.74,2647.78,152
2026-01-07T19:28:00+00:00,2647.78,2647.78,2647.62,2647.74,101
2026-01-07T19:29:00+00:00,2647.74,2647.82,2647.74,2647.75,146
2026-01-07T19:30:00+00:00,2647.75,2647.90,2647.64,2647.71,341
2026-01-07T19:31:00+00:00,2647.71,2647.91,2647.67,2647.78,466
2026-01-07T19:32:00+00:00,2647.78,2647.80,2647.75,2647.78,44
2026-01-07T19:33:00+00:00,2647.78,2647.90,2647.76,2647.85,307
2026-01-07T19:34:00+00:00,2647.85,2647.90,2647.80,2647.84,108
2026-01-07T19:35:00+00:00,2647.84,2648.00,2647.80,2647.99,10
2026-01-07T19:36:00+00:00,2647.99,2648.13,2647.98,2648.07,132
2026-01-07T19:37:00+00:00,2648.07,2648.29,2647.93,2648.29,217
2026-01-07T19:38:00+00:00,2648.29,2648.36,2647.91,2648.01,400
2026-01-07T19:39:00+00:00,2648.01,2648.08,2647.97,2647.98,328
2026-01-07T19:40:00+00:00,2647.98,2648.33,2647.80,2648.30,500
2026-01-07T19:41:00+00:00,2648.30,2648.31,2648.14,2648.23,14
2026-01-07T19:42:00+00:00,2648.23,2648.32,2647.96,2648.14,401
2026-01-07T19:43:00+00:00,2648.14,2648.21,2648.02,2648.06,128
2026-01-07T19:44:00+00:00,2648.06,2648.26,2648.00,2648.21,239
2026-01-07T19:45:00+00:00,2648.21,2648.27,2648.21,2648.26,203
2026-01-07T19:46:00+00:00,2648.26,2648.42,2648.23,2648.40,93
2026-01-07T19:47:00+00:00,2648.40,2648.48,2648.28,2648.46,250
2026-01-07T19:48:00+00:00,2648.46,2648.49,2648.14,2648.21,262
2026-01-07T19:49:00+00:00,2648.21,2648.35,2647.97,2647.98,72
2026-01-07T19:50:00+00:00,2647.98,2648.23,2647.90,2648.18,105
2026-01-07T19:51:00+00:00,2648.18,2648.22,2648.00,2648.04,470
2026-01-07T19:52:00+00:00,2648.04,2648.14,2647.97,2647.99,282
2026-01-07T19:53:00+00:00,2647.99,2648.05,2647.88,2647.90,197
2026-01-07T19:54:00+00:00,2647.90,2648.03,2647.73,2647.98,47
2026-01-07T19:55:00+00:00,2647.98,2648.34,2647.90,2648.16,163
2026-01-07T19:56:00+00:00,2648.16,2648.21,2648.05,2648.11,285
2026-01-07T19:57:00+00:00,2648.11,2648.38,2648.09,2648.34,52
2026-01-07T19:58:00+00:00,2648.34,2648.50,2648.32,2648.47,228
2026-01-07T19:59:00+00:00,2648.47,2648.51,2648.31,2648.37,141
2026-01-07T20:00:00+00:00,2648.37,2648.49,2648.29,2648.43,297
2026-01-07T20:01:00+00:00,2648.43,2648.46,2648.20,2648.20,168
2026-01-07T20:02:00+00:00,2648.20,2648.33,2648.08,2648.21,227
2026-01-07T20:03:00+00:00,2648.21,2648.23,2647.95,2648.04,51
2026-01-07T20:04:00+00:00,2648.04,2648.24,2648.00,2648.17,540
2026-01-07T20:05:00+00:00,2648.17,2648.23,2647.88,2647.91,83
2026-01-07T20:06:00+00:00,2647.91,2647.92,2647.78,2647.86,372
2026-01-07T20:07:00+00:00,2647.86,2647.88,2647.77,2647.83,54
2026-01-07T20:08:00+00:00,2647.83,2648.10,2647.70,2647.95,11
2026-01-07T20:09:00+00:00,2647.95,2648.01,2647.64,2647.68,149
2026-01-07T20:10:00+00:00,2647.68,2647.86,2647.67,2647.72,687
2026-01-07T20:11:00+00:00,2647.72,2647.87,2647.68,2647.86,298
2026-01-07T20:12:00+00:00,2647.86,2647.99,2647.73,2647.92,283
2026-01-07T20:13:00+00:00,2647.92,2648.17,2647.88,2648.14,368
2026-01-07T20:14:00+00:00,2648.14,2648.29,2648.01,2648.10,324
2026-01-07T20:15:00+00:00,2648.10,2648.11,2647.98,2648.07,65
2026-01-07T20:16:00+00:00,2648.07,2648.22,2648.02,2648.16,46
2026-01-07T20:17:00+00:00,2648.16,2648.18,2648.05,2648.11,240
2026-01-07T20:18:00+00:00,2648.11,2648.16,2647.96,2648.03,87
2026-01-07T20:19:00+00:00,2648.03,2648.14,2647.93,2647.95,236
2026-01-07T20:20:00+00:00,2647.95,2647.96,2647.75,2647.78,67
2026-01-07T20:21:00+00:00,2647.78,2647.94,2647.74,2647.87,84
2026-01-07T20:22:00+00:00,2647.87,2647.87,2647.57,2647.60,195
2026-01-07T20:23:00+00:00,2647.60,2647.78,2647.59,2647.71,145
2026-01-07T20:24:00+00:00,2647.71,2647.77,2647.58,2647.62,199
2026-01-07T20:25:00+00:00,2647.62,2647.65,2647.60,2647.62,222
2026-01-07T20:26:00+00:00,2647.62,2647.72,2647.61,2647.64,88
2026-01-07T20:27:00+00:00,2647.64,2647.83,2647.56,2647.79,233
2026-01-07T20:28:00+00:00,2647.79,2647.85,2647.62,2647.72,423
2026-01-07T20:29:00+00:00,2647.72,2647.83,2647.59,2647.65,19
2026-01-07T20:30:00+00:00,2647.65,2647.76,2647.50,2647.52,67
2026-01-07T20:31:00+00:00,2647.52,2647.69,2647.49,2647.66,160
2026-01-07T20:32:00+00:00,2647.66,2647.85,2647.58,2647.77,146
2026-01-07T20:33:00+00:00,2647.77,2648.03,2647.74,2647.95,324
2026-01-07T20:34:00+00:00,2647.95,2647.98,2647.74,2647.74,657
2026-01-07T20:35:00+00:00,2647.74,2647.78,2647.60,2647.68,154
2026-01-07T20:36:00+00:00,2647.68,2647.79,2647.63,2647.70,392
2026-01-07T20:37:00+00:00,2647.70,2647.90,2647.67,2647.86,414
2026-01-07T20:38:00+00:00,2647.86,2647.93,2647.73,2647.81,188
2026-01-07T20:39:00+00:00,2647.81,2647.86,2647.78,2647.84,135
2026-01-07T20:40:00+00:00,2647.84,2647.91,2647.77,2647.89,224
2026-01-07T20:41:00+00:00,2647.89,2647.96,2647.84,2647.95,32
2026-01-07T20:42:00+00:00,2647.95,2648.07,2647.71,2647.82,108
2026-01-07T20:43:00+00:00,2647.82,2647.96,2647.70,2647.73,73
2026-01-07T20:44:00+00:00,2647.73,2647.74,2647.63,2647.64,270
2026-01-07T20:45:00+00:00,2647.64,2647.67,2647.54,2647.55,704
2026-01-07T20:46:00+00:00,2647.55,2647.59,2647.45,2647.51,493
2026-01-07T20:47:00+00:00,2647.51,2647.55,2647.45,2647.48,83
2026-01-07T20:48:00+00:00,2647.48,2647.55,2647.39,2647.53,430
2026-01-07T20:49:00+00:00,2647.53,2647.69,2647.49,2647.69,384
2026-01-07T20:50:00+00:00,2647.69,2647.89,2647.67,2647.89,516
2026-01-07T20:51:00+00:00,2647.89,2647.91,2647.78,2647.80,80
2026-01-07T20:52:00+00:00,2647.80,2647.84,2647.69,2647.75,792
2026-01-07T20:53:00+00:00,2647.75,2647.95,2647.70,2647.91,372
2026-01-07T20:54:00+00:00,2647.91,2647.93,2647.62,2647.69,85
2026-01-07T20:55:00+00:00,2647.69,2647.79,2647.61,2647.63,33
2026-01-07T20:56:00+00:00,2647.63,2647.72,2647.48,2647.50,165
2026-01-07T20:57:00+00:00,2647.50,2647.55,2647.48,2647.49,300
2026-01-07T20:58:00+00:00,2647.49,2647.50,2647.41,2647.41,173
2026-01-07T20:59:00+00:00,2647.41,2647.53,2647.39,2647.44,28
2026-01-07T21:00:00+00:00,2647.44,2647.59,2647.36,2647.52,74
2026-01-07T21:01:00+00:00,2647.52,2647.55,2647.32,2647.37,115
2026-01-07T21:02:00+00:00,2647.37,2647.40,2647.36,2647.39,133
2026-01-07T21:03:00+00:00,2647.39,2647.49,2647.28,2647.33,259
2026-01-07T21:04:00+00:00,2647.33,2647.62,2647.27,2647.59,230
2026-01-07T21:05:00+00:00,2647.59,2647.72,2647.46,2647.66,375
2026-01-07T21:06:00+00:00,2647.66,2647.78,2647.54,2647.72,259
2026-01-07T21:07:00+00:00,2647.72,2647.73,2647.58,2647.68,170
2026-01-07T21:08:00+00:00,2647.68,2647.80,2647.59,2647.77,280
2026-01-07T21:09:00+00:00,2647.77,2647.80,2647.60,2647.68,369
2026-01-07T21:10:00+00:00,2647.68,2647.72,2647.60,2647.65,307
2026-01-07T21:11:00+00:00,2647.65,2647.72,2647.62,2647.67,30
2026-01-07T21:12:00+00:00,2647.67,2647.67,2647.58,2647.61,113
2026-01-07T21:13:00+00:00,2647.61,2647.87,2647.61,2647.87,96
2026-01-07T21:14:00+00:00,2647.87,2647.93,2647.85,2647.89,390
2026-01-07T21:15:00+00:00,2647.89,2647.93,2647.70,2647.70,143
2026-01-07T21:16:00+00:00,2647.70,2647.80,2647.52,2647.60,39
2026-01-07T21:17:00+00:00,2647.60,2647.65,2647.55,2647.57,457
2026-01-07T21:18:00+00:00,2647.57,2647.73,2647.55,2647.72,277
2026-01-07T21:19:00+00:00,2647.72,2647.74,2647.51,2647.56,401
2026-01-07T21:20:00+00:00,2647.56,2647.58,2647.44,2647.45,101
2026-01-07T21:21:00+00:00,2647.45,2647.49,2647.37,2647.41,353
2026-01-07T21:22:00+00:00,2647.41,2647.64,2647.39,2647.63,344
2026-01-07T21:23:00+00:00,2647.63,2647.67,2647.53,2647.57,118
2026-01-07T21:24:00+00:00,2647.57,2647.63,2647.46,2647.52,245
2026-01-07T21:25:00+00:00,2647.52,2647.58,2647.40,2647.46,142
2026-01-07T21:26:00+00:00,2647.46,2647.49,2647.45,2647.48,464
2026-01-07T21:27:00+00:00,2647.48,2647.49,2647.36,2647.42,36
2026-01-07T21:28:00+00:00,2647.42,2647.43,2647.34,2647.35,262
2026-01-07T21:29:00+00:00,2647.35,2647.48,2647.15,2647.18,291
2026-01-07T21:30:00+00:00,2647.18,2647.20,2646.86,2646.91,54
2026-01-07T21:31:00+00:00,2646.91,2646.97,2646.82,2646.91,9
2026-01-07T21:32:00+00:00,2646.91,2646.93,2646.86,2646.88,110
2026-01-07T21:33:00+00:00,2646.88,2646.88,2646.75,2646.80,126
2026-01-07T21:34:00+00:00,2646.80,2646.82,2646.75,2646.79,167
2026-01-07T21:35:00+00:00,2646.79,2646.94,2646.74,2646.92,101
2026-01-07T21:36:00+00:00,2646.92,2646.97,2646.76,2646.78,112
2026-01-07T21:37:00+00:00,2646.78,2646.79,2646.53,2646.54,216
2026-01-07T21:38:00+00:00,2646.54,2646.56,2646.48,2646.53,140
2026-01-07T21:39:00+00:00,2646.53,2646.56,2646.47,2646.50,372
2026-01-07T21:40:00+00:00,2646.50,2646.59,2646.48,2646.57,224
2026-01-07T21:41:00+00:00,2646.57,2646.75,2646.49,2646.75,281
2026-01-07T21:42:00+00:00,2646.75,2646.84,2646.73,2646.77,202
2026-01-07T21:43:00+00:00,2646.77,2646.84,2646.65,2646.72,421
2026-01-07T21:44:00+00:00,2646.72,2646.88,2646.63,2646.79,228
2026-01-07T21:45:00+00:00,2646.79,2646.80,2646.66,2646.75,53
2026-01-07T21:46:00+00:00,2646.75,2646.85,2646.73,2646.79,150
2026-01-07T21:47:00+00:00,2646.79,2646.87,2646.77,2646.81,137
2026-01-07T21:48:00+00:00,2646.81,2646.83,2646.55,2646.60,95
2026-01-07T21:49:00+00:00,2646.60,2646.85,2646.49,2646.76,139
2026-01-07T21:50:00+00:00,2646.76,2646.78,2646.55,2646.56,147
2026-01-07T21:51:00+00:00,2646.56,2646.60,2646.47,2646.48,80
2026-01-07T21:52:00+00:00,2646.48,2646.49,2646.35,2646.42,270
2026-01-07T21:53:00+00:00,2646.42,2646.60,2646.41,2646.56,153
2026-01-07T21:54:00+00:00,2646.56,2646.64,2646.26,2646.35,407
2026-01-07T21:55:00+00:00,2646.35,2646.39,2646.20,2646.22,498
2026-01-07T21:56:00+00:00,2646.22,2646.41,2646.17,2646.26,243
2026-01-07T21:57:00+00:00,2646.26,2646.35,2646.14,2646.23,61
2026-01-07T21:58:00+00:00,2646.23,2646.32,2646.11,2646.15,1
2026-01-07T21:59:00+00:00,2646.15,2646.29,2646.12,2646.28,130
2026-01-07T22:00:00+00:00,2646.28,2646.30,2646.19,2646.28,198
2026-01-07T22:01:00+00:00,2646.28,2646.31,2646.17,2646.22,321
2026-01-07T22:02:00+00:00,2646.22,2646.23,2646.14,2646.22,556
2026-01-07T22:03:00+00:00,2646.22,2646.42,2646.20,2646.40,201
2026-01-07T22:04:00+00:00,2646.40,2646.46,2646.38,2646.42,73
2026-01-07T22:05:00+00:00,2646.42,2646.49,2646.40,2646.48,342
2026-01-07T22:06:00+00:00,2646.48,2646.56,2646.47,2646.49,306
2026-01-07T22:07:00+00:00,2646.49,2646.63,2646.47,2646.58,386
2026-01-07T22:08:00+00:00,2646.58,2646.73,2646.57,2646.66,133
2026-01-07T22:09:00+00:00,2646.66,2646.91,2646.62,2646.87,358
2026-01-07T22:10:00+00:00,2646.87,2646.93,2646.83,2646.91,6
2026-01-07T22:11:00+00:00,2646.91,2646.99,2646.89,2646.93,44
2026-01-07T22:12:00+00:00,2646.93,2646.98,2646.90,2646.94,247
2026-01-07T22:13:00+00:00,2646.94,2646.99,2646.80,2646.83,39
2026-01-07T22:14:00+00:00,2646.83,2646.96,2646.79,2646.90,247
2026-01-07T22:15:00+00:00,2646.90,2646.98,2646.86,2646.89,480
2026-01-07T22:16:00+00:00,2646.89,2646.97,2646.83,2646.96,155
2026-01-07T22:17:00+00:00,2646.96,2646.99,2646.85,2646.88,287
2026-01-07T22:18:00+00:00,2646.88,2646.89,2646.73,2646.80,132
2026-01-07T22:19:00+00:00,2646.80,2646.85,2646.70,2646.72,218
2026-01-07T22:20:00+00:00,2646.72,2646.73,2646.64,2646.67,170
2026-01-07T22:21:00+00:00,2646.67,2646.89,2646.62,2646.82,318
2026-01-07T22:22:00+00:00,2646.82,2646.89,2646.77,2646.86,310
2026-01-07T22:23:00+00:00,2646.86,2646.98,2646.81,2646.89,364
2026-01-07T22:24:00+00:00,2646.89,2646.96,2646.82,2646.88,172
2026-01-07T22:25:00+00:00,2646.88,2646.95,2646.87,2646.94,184
2026-01-07T22:26:00+00:00,2646.94,2647.11,2646.90,2646.96,123
2026-01-07T22:27:00+00:00,2646.96,2646.97,2646.92,2646.93,150
2026-01-07T22:28:00+00:00,2646.93,2646.94,2646.76,2646.83,150
2026-01-07T22:29:00+00:00,2646.83,2646.87,2646.83,2646.87,184
2026-01-07T22:30:00+00:00,2646.87,2646.92,2646.77,2646.82,89
2026-01-07T22:31:00+00:00,2646.82,2646.89,2646.70,2646.86,154
2026-01-07T22:32:00+00:00,2646.86,2646.95,2646.83,2646.89,521
2026-01-07T22:33:00+00:00,2646.89,2647.00,2646.74,2646.98,249
2026-01-07T22:34:00+00:00,2646.98,2647.13,2646.95,2647.09,166
2026-01-07T22:35:00+00:00,2647.09,2647.32,2647.07,2647.26,34
2026-01-07T22:36:00+00:00,2647.26,2647.55,2647.26,2647.37,98
2026-01-07T22:37:00+00:00,2647.37,2647.43,2647.36,2647.40,130
2026-01-07T22:38:00+00:00,2647.40,2647.43,2647.34,2647.36,6
2026-01-07T22:39:00+00:00,2647.36,2647.37,2647.28,2647.35,309
2026-01-07T22:40:00+00:00,2647.35,2647.45,2647.17,2647.20,328
2026-01-07T22:41:00+00:00,2647.20,2647.39,2647.16,2647.37,54
2026-01-07T22:42:00+00:00,2647.37,2647.46,2647.34,2647.43,355
2026-01-07T22:43:00+00:00,2647.43,2647.52,2647.37,2647.51,114
2026-01-07T22:44:00+00:00,2647.51,2647.59,2647.38,2647.47,176
2026-01-07T22:45:00+00:00,2647.47,2647.60,2647.44,2647.58,406
2026-01-07T22:46:00+00:00,2647.58,2647.62,2647.25,2647.31,463
2026-01-07T22:47:00+00:00,2647.31,2647.45,2647.19,2647.21,70
2026-01-07T22:48:00+00:00,2647.21,2647.27,2646.92,2646.98,277
2026-01-07T22:49:00+00:00,2646.98,2647.10,2646.96,2647.09,76
2026-01-07T22:50:00+00:00,2647.09,2647.11,2647.08,2647.09,44
2026-01-07T22:51:00+00:00,2647.09,2647.12,2646.98,2647.02,195
2026-01-07T22:52:00+00:00,2647.02,2647.10,2646.85,2646.89,9
2026-01-07T22:53:00+00:00,2646.89,2647.01,2646.85,2646.95,213
2026-01-07T22:54:00+00:00,2646.95,2647.05,2646.79,2647.05,97
2026-01-07T22:55:00+00:00,2647.05,2647.18,2646.98,2647.11,119
2026-01-07T22:56:00+00:00,2647.11,2647.18,2647.03,2647.04,133
2026-01-07T22:57:00+00:00,2647.04,2647.22,2647.02,2647.15,157
2026-01-07T22:58:00+00:00,2647.15,2647.29,2647.11,2647.26,12
2026-01-07T22:59:00+00:00,2647.26,2647.33,2647.17,2647.20,148
2026-01-07T23:00:00+00:00,2647.20,2647.26,2647.18,2647.25,370
2026-01-07T23:01:00+00:00,2647.25,2647.26,2647.22,2647.24,109
2026-01-07T23:02:00+00:00,2647.24,2647.33,2647.21,2647.21,152
2026-01-07T23:03:00+00:00,2647.21,2647.24,2647.15,2647.15,124
2026-01-07T23:04:00+00:00,2647.15,2647.30,2647.10,2647.28,39
2026-01-07T23:05:00+00:00,2647.28,2647.41,2647.22,2647.40,388
2026-01-07T23:06:00+00:00,2647.40,2647.41,2647.12,2647.16,18
2026-01-07T23:07:00+00:00,2647.16,2647.34,2647.13,2647.29,112
2026-01-07T23:08:00+00:00,2647.29,2647.44,2647.25,2647.37,521
2026-01-07T23:09:00+00:00,2647.37,2647.41,2647.22,2647.25,65
2026-01-07T23:10:00+00:00,2647.25,2647.53,2647.21,2647.50,112
2026-01-07T23:11:00+00:00,2647.50,2647.55,2647.46,2647.47,211
2026-01-07T23:12:00+00:00,2647.47,2647.50,2647.36,2647.41,379
2026-01-07T23:13:00+00:00,2647.41,2647.59,2647.38,2647.57,262
2026-01-07T23:14:00+00:00,2647.57,2647.69,2647.55,2647.67,146
2026-01-07T23:15:00+00:00,2647.67,2647.78,2647.52,2647.64,141
2026-01-07T23:16:00+00:00,2647.64,2647.68,2647.62,2647.64,89
2026-01-07T23:17:00+00:00,2647.64,2647.81,2647.46,2647.48,108
2026-01-07T23:18:00+00:00,2647.48,2647.50,2647.36,2647.38,248
2026-01-07T23:19:00+00:00,2647.38,2647.48,2647.31,2647.44,308
2026-01-07T23:20:00+00:00,2647.44,2647.51,2647.36,2647.39,46
2026-01-07T23:21:00+00:00,2647.39,2647.51,2647.39,2647.49,57
2026-01-07T23:22:00+00:00,2647.49,2647.60,2647.45,2647.56,308
2026-01-07T23:23:00+00:00,2647.56,2647.61,2647.28,2647.35,97
2026-01-07T23:24:00+00:00,2647.35,2647.46,2647.32,2647.44,52
2026-01-07T23:25:00+00:00,2647.44,2647.75,2647.43,2647.66,226
2026-01-07T23:26:00+00:00,2647.66,2647.68,2647.53,2647.59,182
2026-01-07T23:27:00+00:00,2647.59,2647.68,2647.55,2647.61,218
2026-01-07T23:28:00+00:00,2647.61,2647.77,2647.51,2647.77,353
2026-01-07T23:29:00+00:00,2647.77,2647.79,2647.67,2647.69,84
2026-01-07T23:30:00+00:00,2647.69,2647.81,2647.65,2647.76,54
2026-01-07T23:31:00+00:00,2647.76,2647.85,2647.62,2647.64,134
2026-01-07T23:32:00+00:00,2647.64,2647.67,2647.49,2647.61,6
2026-01-07T23:33:00+00:00,2647.61,2647.63,2647.49,2647.54,284
2026-01-07T23:34:00+00:00,2647.54,2647.60,2647.43,2647.46,511
2026-01-07T23:35:00+00:00,2647.46,2647.48,2647.42,2647.45,280
2026-01-07T23:36:00+00:00,2647.45,2647.56,2647.34,2647.42,249
2026-01-07T23:37:00+00:00,2647.42,2647.64,2647.40,2647.64,81
2026-01-07T23:38:00+00:00,2647.64,2647.68,2647.56,2647.61,89
2026-01-07T23:39:00+00:00,2647.61,2647.68,2647.61,2647.67,164
2026-01-07T23:40:00+00:00,2647.67,2647.74,2647.55,2647.57,191
2026-01-07T23:41:00+00:00,2647.57,2647.63,2647.46,2647.50,138
2026-01-07T23:42:00+00:00,2647.50,2647.55,2647.41,2647.45,134
2026-01-07T23:43:00+00:00,2647.45,2647.49,2647.26,2647.28,160
2026-01-07T23:44:00+00:00,2647.28,2647.34,2647.19,2647.26,385
2026-01-07T23:45:00+00:00,2647.26,2647.26,2647.17,2647.17,128
2026-01-07T23:46:00+00:00,2647.17,2647.19,2647.09,2647.16,197
2026-01-07T23:47:00+00:00,2647.16,2647.28,2647.12,2647.26,127
2026-01-07T23:48:00+00:00,2647.26,2647.27,2647.04,2647.11,218
2026-01-07T23:49:00+00:00,2647.11,2647.18,2647.10,2647.10,420
2026-01-07T23:50:00+00:00,2647.10,2647.27,2647.08,2647.22,74
2026-01-07T23:51:00+00:00,2647.22,2647.36,2647.20,2647.28,129
2026-01-07T23:52:00+00:00,2647.28,2647.35,2647.22,2647.30,431
2026-01-07T23:53:00+00:00,2647.30,2647.33,2647.09,2647.19,373
2026-01-07T23:54:00+00:00,2647.19,2647.24,2647.18,2647.20,183
2026-01-07T23:55:00+00:00,2647.20,2647.33,2647.16,2647.33,162
2026-01-07T23:56:00+00:00,2647.33,2647.37,2647.19,2647.23,155
2026-01-07T23:57:00+00:00,2647.23,2647.29,2647.22,2647.24,271
2026-01-07T23:58:00+00:00,2647.24,2647.32,2647.15,2647.16,499
2026-01-07T23:59:00+00:00,2647.16,2647.18,2647.03,2647.09,14
2026-01-08T00:00:00+00:00,2647.09,2647.14,2647.09,2647.09,194
2026-01-08T00:01:00+00:00,2647.09,2647.11,2646.97,2647.04,117
2026-01-08T00:02:00+00:00,2647.04,2647.05,2646.75,2646.76,518
2026-01-08T00:03:00+00:00,2646.76,2646.79,2646.59,2646.67,22
2026-01-08T00:04:00+00:00,2646.67,2646.72,2646.49,2646.56,165
2026-01-08T00:05:00+00:00,2646.56,2646.67,2646.50,2646.64,230
2026-01-08T00:06:00+00:00,2646.64,2646.66,2646.56,2646.64,179
2026-01-08T00:07:00+00:00,2646.64,2646.65,2646.54,2646.61,171
2026-01-08T00:08:00+00:00,2646.61,2646.85,2646.60,2646.80,127
2026-01-08T00:09:00+00:00,2646.80,2646.82,2646.79,2646.80,16
2026-01-08T00:10:00+00:00,2646.80,2646.83,2646.80,2646.83,159
2026-01-08T00:11:00+00:00,2646.83,2646.85,2646.64,2646.65,305
2026-01-08T00:12:00+00:00,2646.65,2646.72,2646.54,2646.63,122
2026-01-08T00:13:00+00:00,2646.63,2646.63,2646.53,2646.62,319
2026-01-08T00:14:00+00:00,2646.62,2646.63,2646.51,2646.52,37
2026-01-08T00:15:00+00:00,2646.52,2646.60,2646.38,2646.44,240
2026-01-08T00:16:00+00:00,2646.44,2646.63,2646.39,2646.63,320
2026-01-08T00:17:00+00:00,2646.63,2646.66,2646.62,2646.66,21
2026-01-08T00:18:00+00:00,2646.66,2646.75,2646.65,2646.67,397
2026-01-08T00:19:00+00:00,2646.67,2646.69,2646.43,2646.44,422
2026-01-08T00:20:00+00:00,2646.44,2646.44,2646.23,2646.37,92
2026-01-08T00:21:00+00:00,2646.37,2646.47,2646.31,2646.44,25
2026-01-08T00:22:00+00:00,2646.44,2646.45,2646.36,2646.37,251
2026-01-08T00:23:00+00:00,2646.37,2646.48,2646.27,2646.32,134
2026-01-08T00:24:00+00:00,2646.32,2646.35,2646.15,2646.19,79
2026-01-08T00:25:00+00:00,2646.19,2646.45,2646.19,2646.34,192
2026-01-08T00:26:00+00:00,2646.34,2646.59,2646.24,2646.59,581
2026-01-08T00:27:00+00:00,2646.59,2646.66,2646.57,2646.57,127
2026-01-08T00:28:00+00:00,2646.57,2646.62,2646.35,2646.37,139
2026-01-08T00:29:00+00:00,2646.37,2646.42,2646.28,2646.38,220
2026-01-08T00:30:00+00:00,2646.38,2646.39,2646.36,2646.38,12
2026-01-08T00:31:00+00:00,2646.38,2646.54,2646.31,2646.50,335
2026-01-08T00:32:00+00:00,2646.50,2646.64,2646.50,2646.61,88
2026-01-08T00:33:00+00:00,2646.61,2646.63,2646.51,2646.53,540
2026-01-08T00:34:00+00:00,2646.53,2646.63,2646.39,2646.51,48
2026-01-08T00:35:00+00:00,2646.51,2646.67,2646.38,2646.66,34
2026-01-08T00:36:00+00:00,2646.66,2646.67,2646.58,2646.61,123
2026-01-08T00:37:00+00:00,2646.61,2646.73,2646.52,2646.53,157
2026-01-08T00:38:00+00:00,2646.53,2646.57,2646.31,2646.42,79
2026-01-08T00:39:00+00:00,2646.42,2646.46,2646.30,2646.34,113
2026-01-08T00:40:00+00:00,2646.34,2646.43,2646.33,2646.42,22
2026-01-08T00:41:00+00:00,2646.42,2646.65,2646.28,2646.33,282
2026-01-08T00:42:00+00:00,2646.33,2646.42,2646.29,2646.40,14
2026-01-08T00:43:00+00:00,2646.40,2646.47,2646.10,2646.18,241
2026-01-08T00:44:00+00:00,2646.18,2646.21,2645.99,2646.07,183
2026-01-08T00:45:00+00:00,2646.07,2646.14,2645.99,2646.07,409
2026-01-08T00:46:00+00:00,2646.07,2646.18,2646.05,2646.15,97
2026-01-08T00:47:00+00:00,2646.15,2646.20,2646.04,2646.08,167
2026-01-08T00:48:00+00:00,2646.08,2646.16,2646.07,2646.14,359
2026-01-08T00:49:00+00:00,2646.14,2646.19,2646.08,2646.11,16
2026-01-08T00:50:00+00:00,2646.11,2646.24,2646.07,2646.23,25
2026-01-08T00:51:00+00:00,2646.23,2646.28,2646.20,2646.21,48
2026-01-08T00:52:00+00:00,2646.21,2646.25,2646.14,2646.17,196
2026-01-08T00:53:00+00:00,2646.17,2646.32,2646.15,2646.27,14
2026-01-08T00:54:00+00:00,2646.27,2646.33,2646.19,2646.21,135
2026-01-08T00:55:00+00:00,2646.21,2646.30,2646.17,2646.30,68
2026-01-08T00:56:00+00:00,2646.30,2646.44,2646.27,2646.42,174
2026-01-08T00:57:00+00:00,2646.42,2646.46,2646.34,2646.41,381
2026-01-08T00:58:00+00:00,2646.41,2646.46,2646.20,2646.26,43
2026-01-08T00:59:00+00:00,2646.26,2646.37,2646.18,2646.30,81
2026-01-08T01:00:00+00:00,2646.30,2646.44,2646.14,2646.38,324
2026-01-08T01:01:00+00:00,2646.38,2646.43,2646.36,2646.38,153
2026-01-08T01:02:00+00:00,2646.38,2646.38,2646.18,2646.20,379
2026-01-08T01:03:00+00:00,2646.20,2646.25,2646.08,2646.14,37
2026-01-08T01:04:00+00:00,2646.14,2646.19,2646.08,2646.17,212
2026-01-08T01:05:00+00:00,2646.17,2646.21,2645.99,2646.05,215
2026-01-08T01:06:00+00:00,2646.05,2646.11,2645.97,2645.98,337
2026-01-08T01:07:00+00:00,2645.98,2646.31,2645.98,2646.24,91
2026-01-08T01:08:00+00:00,2646.24,2646.26,2646.14,2646.15,318
2026-01-08T01:09:00+00:00,2646.15,2646.20,2646.05,2646.08,177
2026-01-08T01:10:00+00:00,2646.08,2646.18,2646.08,2646.15,223
2026-01-08T01:11:00+00:00,2646.15,2646.22,2645.99,2646.05,91
2026-01-08T01:12:00+00:00,2646.05,2646.10,2646.02,2646.08,175
2026-01-08T01:13:00+00:00,2646.08,2646.14,2646.02,2646.10,154
2026-01-08T01:14:00+00:00,2646.10,2646.23,2646.09,2646.23,58
2026-01-08T01:15:00+00:00,2646.23,2646.29,2646.18,2646.28,778
2026-01-08T01:16:00+00:00,2646.28,2646.36,2646.22,2646.29,132
2026-01-08T01:17:00+00:00,2646.29,2646.42,2646.26,2646.38,414
2026-01-08T01:18:00+00:00,2646.38,2646.52,2646.36,2646.50,124
2026-01-08T01:19:00+00:00,2646.50,2646.67,2646.48,2646.66,163
2026-01-08T01:20:00+00:00,2646.66,2646.80,2646.65,2646.66,560
2026-01-08T01:21:00+00:00,2646.66,2646.73,2646.59,2646.66,167
2026-01-08T01:22:00+00:00,2646.66,2646.73,2646.59,2646.72,278
2026-01-08T01:23:00+00:00,2646.72,2646.79,2646.65,2646.65,42
2026-01-08T01:24:00+00:00,2646.65,2646.69,2646.55,2646.59,178
2026-01-08T01:25:00+00:00,2646.59,2646.69,2646.52,2646.67,99
2026-01-08T01:26:00+00:00,2646.67,2646.78,2646.53,2646.55,83
2026-01-08T01:27:00+00:00,2646.55,2646.56,2646.35,2646.39,226
2026-01-08T01:28:00+00:00,2646.39,2646.41,2646.36,2646.38,191
2026-01-08T01:29:00+00:00,2646.38,2646.38,2646.08,2646.14,477
2026-01-08T01:30:00+00:00,2646.14,2646.15,2646.11,2646.14,15
2026-01-08T01:31:00+00:00,2646.14,2646.15,2646.13,2646.14,163
2026-01-08T01:32:00+00:00,2646.14,2646.31,2646.12,2646.29,70
2026-01-08T01:33:00+00:00,2646.29,2646.31,2646.16,2646.18,167
2026-01-08T01:34:00+00:00,2646.18,2646.31,2646.12,2646.23,42
2026-01-08T01:35:00+00:00,2646.23,2646.53,2646.21,2646.47,85
2026-01-08T01:36:00+00:00,2646.47,2646.59,2646.38,2646.53,152
2026-01-08T01:37:00+00:00,2646.53,2646.54,2646.45,2646.51,207
2026-01-08T01:38:00+00:00,2646.51,2646.56,2646.44,2646.55,270
2026-01-08T01:39:00+00:00,2646.55,2646.73,2646.54,2646.70,49
2026-01-08T01:40:00+00:00,2646.70,2646.71,2646.53,2646.57,22
2026-01-08T01:41:00+00:00,2646.57,2646.58,2646.40,2646.40,83
2026-01-08T01:42:00+00:00,2646.40,2646.53,2646.38,2646.43,45
2026-01-08T01:43:00+00:00,2646.43,2646.45,2646.05,2646.09,12
2026-01-08T01:44:00+00:00,2646.09,2646.28,2646.06,2646.20,294
2026-01-08T01:45:00+00:00,2646.20,2646.21,2646.01,2646.02,97
2026-01-08T01:46:00+00:00,2646.02,2646.12,2646.01,2646.12,243
2026-01-08T01:47:00+00:00,2646.12,2646.20,2646.04,2646.18,103
2026-01-08T01:48:00+00:00,2646.18,2646.27,2646.15,2646.22,578
2026-01-08T01:49:00+00:00,2646.22,2646.34,2646.10,2646.25,595
2026-01-08T01:50:00+00:00,2646.25,2646.51,2646.23,2646.43,67
2026-01-08T01:51:00+00:00,2646.43,2646.48,2646.30,2646.31,3
2026-01-08T01:52:00+00:00,2646.31,2646.39,2646.27,2646.29,5
2026-01-08T01:53:00+00:00,2646.29,2646.45,2646.26,2646.45,122
2026-01-08T01:54:00+00:00,2646.45,2646.54,2646.43,2646.53,49
2026-01-08T01:55:00+00:00,2646.53,2646.60,2646.48,2646.52,162
2026-01-08T01:56:00+00:00,2646.52,2646.62,2646.45,2646.58,52
2026-01-08T01:57:00+00:00,2646.58,2646.62,2646.40,2646.46,38
2026-01-08T01:58:00+00:00,2646.46,2646.63,2646.45,2646.60,131
2026-01-08T01:59:00+00:00,2646.60,2646.64,2646.57,2646.58,204
2026-01-08T02:00:00+00:00,2646.58,2646.62,2646.40,2646.48,505
2026-01-08T02:01:00+00:00,2646.48,2646.72,2646.41,2646.69,142
2026-01-08T02:02:00+00:00,2646.69,2646.69,2646.54,2646.63,139
2026-01-08T02:03:00+00:00,2646.63,2646.68,2646.60,2646.66,481
2026-01-08T02:04:00+00:00,2646.66,2646.83,2646.63,2646.75,80
2026-01-08T02:05:00+00:00,2646.75,2646.86,2646.74,2646.84,414
2026-01-08T02:06:00+00:00,2646.84,2646.87,2646.66,2646.76,271
2026-01-08T02:07:00+00:00,2646.76,2646.82,2646.73,2646.79,223
2026-01-08T02:08:00+00:00,2646.79,2646.91,2646.70,2646.91,555
2026-01-08T02:09:00+00:00,2646.91,2647.18,2646.84,2647.15,198
2026-01-08T02:10:00+00:00,2647.15,2647.18,2647.14,2647.18,224
2026-01-08T02:11:00+00:00,2647.18,2647.28,2647.18,2647.27,438
2026-01-08T02:12:00+00:00,2647.27,2647.42,2647.25,2647.38,323
2026-01-08T02:13:00+00:00,2647.38,2647.40,2647.36,2647.39,303
2026-01-08T02:14:00+00:00,2647.39,2647.57,2647.37,2647.55,13
2026-01-08T02:15:00+00:00,2647.55,2647.66,2647.33,2647.37,97
2026-01-08T02:16:00+00:00,2647.37,2647.39,2647.26,2647.26,215
2026-01-08T02:17:00+00:00,2647.26,2647.50,2647.17,2647.40,24
2026-01-08T02:18:00+00:00,2647.40,2647.47,2647.35,2647.45,617
2026-01-08T02:19:00+00:00,2647.45,2647.49,2647.34,2647.37,194
2026-01-08T02:20:00+00:00,2647.37,2647.38,2647.28,2647.29,39
2026-01-08T02:21:00+00:00,2647.29,2647.32,2647.20,2647.21,202
2026-01-08T02:22:00+00:00,2647.21,2647.32,2647.18,2647.32,370
2026-01-08T02:23:00+00:00,2647.32,2647.47,2647.28,2647.38,255
2026-01-08T02:24:00+00:00,2647.38,2647.45,2647.36,2647.45,38
2026-01-08T02:25:00+00:00,2647.45,2647.54,2647.40,2647.47,278
2026-01-08T02:26:00+00:00,2647.47,2647.65,2647.44,2647.60,93
2026-01-08T02:27:00+00:00,2647.60,2647.75,2647.57,2647.65,18
2026-01-08T02:28:00+00:00,2647.65,2647.87,2647.58,2647.81,394
2026-01-08T02:29:00+00:00,2647.81,2648.02,2647.80,2647.98,16
2026-01-08T02:30:00+00:00,2647.98,2648.01,2647.62,2647.77,131
2026-01-08T02:31:00+00:00,2647.77,2647.78,2647.51,2647.56,340
2026-01-08T02:32:00+00:00,2647.56,2647.57,2647.55,2647.56,155
2026-01-08T02:33:00+00:00,2647.56,2647.57,2647.52,2647.55,73
2026-01-08T02:34:00+00:00,2647.55,2647.65,2647.47,2647.53,800
2026-01-08T02:35:00+00:00,2647.53,2647.81,2647.48,2647.79,290
2026-01-08T02:36:00+00:00,2647.79,2647.96,2647.72,2647.95,89
2026-01-08T02:37:00+00:00,2647.95,2647.99,2647.83,2647.93,192
2026-01-08T02:38:00+00:00,2647.93,2647.96,2647.81,2647.86,250
2026-01-08T02:39:00+00:00,2647.86,2647.90,2647.66,2647.72,115
2026-01-08T02:40:00+00:00,2647.72,2647.88,2647.70,2647.88,127
2026-01-08T02:41:00+00:00,2647.88,2648.02,2647.85,2648.01,100
2026-01-08T02:42:00+00:00,2648.01,2648.06,2647.87,2647.89,72
2026-01-08T02:43:00+00:00,2647.89,2648.03,2647.88,2647.96,741
2026-01-08T02:44:00+00:00,2647.96,2648.09,2647.85,2648.07,53
2026-01-08T02:45:00+00:00,2648.07,2648.14,2647.99,2648.01,167
2026-01-08T02:46:00+00:00,2648.01,2648.11,2647.97,2647.99,230
2026-01-08T02:47:00+00:00,2647.99,2648.15,2647.96,2648.13,88
2026-01-08T02:48:00+00:00,2648.13,2648.16,2648.10,2648.14,75
2026-01-08T02:49:00+00:00,2648.14,2648.18,2648.02,2648.04,72
2026-01-08T02:50:00+00:00,2648.04,2648.13,2647.98,2648.10,173
2026-01-08T02:51:00+00:00,2648.10,2648.13,2648.07,2648.11,147
2026-01-08T02:52:00+00:00,2648.11,2648.14,2648.06,2648.08,629
2026-01-08T02:53:00+00:00,2648.08,2648.08,2647.99,2648.04,88
2026-01-08T02:54:00+00:00,2648.04,2648.08,2647.84,2647.91,694
2026-01-08T02:55:00+00:00,2647.91,2648.06,2647.86,2648.01,247
2026-01-08T02:56:00+00:00,2648.01,2648.04,2648.00,2648.01,269
2026-01-08T02:57:00+00:00,2648.01,2648.07,2647.76,2647.76,89
2026-01-08T02:58:00+00:00,2647.76,2647.79,2647.75,2647.77,191
2026-01-08T02:59:00+00:00,2647.77,2647.87,2647.73,2647.79,416
2026-01-08T03:00:00+00:00,2647.79,2647.80,2647.73,2647.77,74
2026-01-08T03:01:00+00:00,2647.77,2647.98,2647.70,2647.86,83
2026-01-08T03:02:00+00:00,2647.86,2647.99,2647.72,2647.75,462
2026-01-08T03:03:00+00:00,2647.75,2647.84,2647.68,2647.81,87
2026-01-08T03:04:00+00:00,2647.81,2647.87,2647.67,2647.68,393
2026-01-08T03:05:00+00:00,2647.68,2647.84,2647.65,2647.80,165
2026-01-08T03:06:00+00:00,2647.80,2647.83,2647.62,2647.62,92
2026-01-08T03:07:00+00:00,2647.62,2647.74,2647.58,2647.73,201
2026-01-08T03:08:00+00:00,2647.73,2647.90,2647.72,2647.88,14
2026-01-08T03:09:00+00:00,2647.88,2647.93,2647.75,2647.86,170
2026-01-08T03:10:00+00:00,2647.86,2648.02,2647.84,2647.96,610
2026-01-08T03:11:00+00:00,2647.96,2648.03,2647.88,2647.92,2
2026-01-08T03:12:00+00:00,2647.92,2647.98,2647.91,2647.93,111
2026-01-08T03:13:00+00:00,2647.93,2648.09,2647.91,2647.96,344
2026-01-08T03:14:00+00:00,2647.96,2648.05,2647.95,2647.97,215
2026-01-08T03:15:00+00:00,2647.97,2647.99,2647.86,2647.92,160
2026-01-08T03:16:00+00:00,2647.92,2648.06,2647.83,2648.04,290
2026-01-08T03:17:00+00:00,2648.04,2648.09,2647.81,2647.90,342
2026-01-08T03:18:00+00:00,2647.90,2648.06,2647.87,2648.00,43
2026-01-08T03:19:00+00:00,2648.00,2648.07,2647.90,2647.90,76
2026-01-08T03:20:00+00:00,2647.90,2648.03,2647.88,2647.96,51
2026-01-08T03:21:00+00:00,2647.96,2648.06,2647.90,2647.94,24
2026-01-08T03:22:00+00:00,2647.94,2648.05,2647.92,2647.98,83
2026-01-08T03:23:00+00:00,2647.98,2648.04,2647.95,2647.96,314
2026-01-08T03:24:00+00:00,2647.96,2648.01,2647.78,2647.81,102
2026-01-08T03:25:00+00:00,2647.81,2647.89,2647.78,2647.86,476
2026-01-08T03:26:00+00:00,2647.86,2648.02,2647.82,2647.98,24
2026-01-08T03:27:00+00:00,2647.98,2648.00,2647.95,2647.96,219
2026-01-08T03:28:00+00:00,2647.96,2648.02,2647.86,2647.88,126
2026-01-08T03:29:00+00:00,2647.88,2647.96,2647.87,2647.94,123
2026-01-08T03:30:00+00:00,2647.94,2648.04,2647.88,2648.03,39
2026-01-08T03:31:00+00:00,2648.03,2648.05,2647.81,2647.90,44
2026-01-08T03:32:00+00:00,2647.90,2647.91,2647.81,2647.89,165
2026-01-08T03:33:00+00:00,2647.89,2647.93,2647.81,2647.86,56
2026-01-08T03:34:00+00:00,2647.86,2647.94,2647.78,2647.90,105
2026-01-08T03:35:00+00:00,2647.90,2648.03,2647.87,2648.02,335
2026-01-08T03:36:00+00:00,2648.02,2648.08,2648.02,2648.07,285
2026-01-08T03:37:00+00:00,2648.07,2648.24,2648.05,2648.19,42
2026-01-08T03:38:00+00:00,2648.19,2648.26,2648.13,2648.22,238
2026-01-08T03:39:00+00:00,2648.22,2648.24,2647.94,2648.08,120
2026-01-08T03:40:00+00:00,2648.08,2648.17,2647.97,2648.01,88
2026-01-08T03:41:00+00:00,2648.01,2648.20,2647.93,2648.08,117
2026-01-08T03:42:00+00:00,2648.08,2648.22,2648.08,2648.22,254
2026-01-08T03:43:00+00:00,2648.22,2648.25,2648.07,2648.15,1
2026-01-08T03:44:00+00:00,2648.15,2648.28,2648.15,2648.28,190
2026-01-08T03:45:00+00:00,2648.28,2648.42,2648.24,2648.40,2
2026-01-08T03:46:00+00:00,2648.40,2648.64,2648.38,2648.59,123
2026-01-08T03:47:00+00:00,2648.59,2648.60,2648.49,2648.52,350
2026-01-08T03:48:00+00:00,2648.52,2648.68,2648.44,2648.65,375
2026-01-08T03:49:00+00:00,2648.65,2648.69,2648.35,2648.41,153
2026-01-08T03:50:00+00:00,2648.41,2648.42,2648.35,2648.38,76
2026-01-08T03:51:00+00:00,2648.38,2648.53,2648.31,2648.52,309
2026-01-08T03:52:00+00:00,2648.52,2648.56,2648.33,2648.44,49
2026-01-08T03:53:00+00:00,2648.44,2648.54,2648.27,2648.32,254
2026-01-08T03:54:00+00:00,2648.32,2648.34,2648.21,2648.29,398
2026-01-08T03:55:00+00:00,2648.29,2648.40,2648.17,2648.20,154
2026-01-08T03:56:00+00:00,2648.20,2648.42,2648.17,2648.26,149
2026-01-08T03:57:00+00:00,2648.26,2648.48,2648.23,2648.43,15
2026-01-08T03:58:00+00:00,2648.43,2648.48,2648.32,2648.33,330
2026-01-08T03:59:00+00:00,2648.33,2648.38,2648.24,2648.29,51
2026-01-08T04:00:00+00:00,2648.29,2648.32,2648.27,2648.28,20
2026-01-08T04:01:00+00:00,2648.28,2648.35,2648.27,2648.34,163
2026-01-08T04:02:00+00:00,2648.34,2648.43,2648.32,2648.43,248
2026-01-08T04:03:00+00:00,2648.43,2648.45,2648.30,2648.33,259
2026-01-08T04:04:00+00:00,2648.33,2648.51,2648.26,2648.46,169
2026-01-08T04:05:00+00:00,2648.46,2648.46,2648.41,2648.43,183
2026-01-08T04:06:00+00:00,2648.43,2648.59,2648.41,2648.54,198
2026-01-08T04:07:00+00:00,2648.54,2648.56,2648.46,2648.49,25
2026-01-08T04:08:00+00:00,2648.49,2648.66,2648.43,2648.53,129
2026-01-08T04:09:00+00:00,2648.53,2648.56,2648.40,2648.55,272
2026-01-08T04:10:00+00:00,2648.55,2648.75,2648.51,2648.74,387
2026-01-08T04:11:00+00:00,2648.74,2649.08,2648.73,2649.01,711
2026-01-08T04:12:00+00:00,2649.01,2649.10,2648.93,2649.03,154
2026-01-08T04:13:00+00:00,2649.03,2649.15,2648.96,2649.14,227
2026-01-08T04:14:00+00:00,2649.14,2649.28,2649.07,2649.23,53
2026-01-08T04:15:00+00:00,2649.23,2649.30,2649.15,2649.21,171
2026-01-08T04:16:00+00:00,2649.21,2649.21,2649.13,2649.17,98
2026-01-08T04:17:00+00:00,2649.17,2649.18,2649.12,2649.14,97
2026-01-08T04:18:00+00:00,2649.14,2649.20,2649.05,2649.15,54
2026-01-08T04:19:00+00:00,2649.15,2649.25,2649.14,2649.23,144
2026-01-08T04:20:00+00:00,2649.23,2649.28,2649.22,2649.24,210
2026-01-08T04:21:00+00:00,2649.24,2649.33,2649.21,2649.27,27
2026-01-08T04:22:00+00:00,2649.27,2649.28,2649.18,2649.24,124
2026-01-08T04:23:00+00:00,2649.24,2649.34,2649.21,2649.27,306
2026-01-08T04:24:00+00:00,2649.27,2649.32,2649.10,2649.16,3
2026-01-08T04:25:00+00:00,2649.16,2649.43,2649.12,2649.41,13
2026-01-08T04:26:00+00:00,2649.41,2649.46,2649.31,2649.39,37
2026-01-08T04:27:00+00:00,2649.39,2649.52,2649.31,2649.34,1
2026-01-08T04:28:00+00:00,2649.34,2649.34,2649.26,2649.33,7
2026-01-08T04:29:00+00:00,2649.33,2649.36,2649.31,2649.32,232
2026-01-08T04:30:00+00:00,2649.32,2649.41,2649.31,2649.41,643
2026-01-08T04:31:00+00:00,2649.41,2649.63,2649.38,2649.57,464
2026-01-08T04:32:00+00:00,2649.57,2649.65,2649.54,2649.63,422
2026-01-08T04:33:00+00:00,2649.63,2649.72,2649.61,2649.70,181
2026-01-08T04:34:00+00:00,2649.70,2650.12,2649.67,2650.05,124
2026-01-08T04:35:00+00:00,2650.05,2650.12,2650.00,2650.08,193
2026-01-08T04:36:00+00:00,2650.08,2650.17,2650.07,2650.14,71
2026-01-08T04:37:00+00:00,2650.14,2650.28,2650.12,2650.27,27
2026-01-08T04:38:00+00:00,2650.27,2650.30,2650.18,2650.23,178
2026-01-08T04:39:00+00:00,2650.23,2650.30,2650.08,2650.13,351
2026-01-08T04:40:00+00:00,2650.13,2650.20,2650.08,2650.19,153
2026-01-08T04:41:00+00:00,2650.19,2650.23,2650.15,2650.20,30
2026-01-08T04:42:00+00:00,2650.20,2650.29,2650.04,2650.06,42
2026-01-08T04:43:00+00:00,2650.06,2650.10,2649.95,2650.02,65
2026-01-08T04:44:00+00:00,2650.02,2650.06,2649.95,2649.96,105
2026-01-08T04:45:00+00:00,2649.96,2650.02,2649.85,2649.89,263
2026-01-08T04:46:00+00:00,2649.89,2649.90,2649.84,2649.86,247
2026-01-08T04:47:00+00:00,2649.86,2649.89,2649.76,2649.79,442
2026-01-08T04:48:00+00:00,2649.79,2649.90,2649.75,2649.90,69
2026-01-08T04:49:00+00:00,2649.90,2649.97,2649.89,2649.91,199
2026-01-08T04:50:00+00:00,2649.91,2649.93,2649.85,2649.86,49
2026-01-08T04:51:00+00:00,2649.86,2649.92,2649.84,2649.84,261
2026-01-08T04:52:00+00:00,2649.84,2649.87,2649.66,2649.70,368
2026-01-08T04:53:00+00:00,2649.70,2649.74,2649.46,2649.48,52
2026-01-08T04:54:00+00:00,2649.48,2649.66,2649.47,2649.53,355
2026-01-08T04:55:00+00:00,2649.53,2649.76,2649.53,2649.67,201
2026-01-08T04:56:00+00:00,2649.67,2649.93,2649.64,2649.83,208
2026-01-08T04:57:00+00:00,2649.83,2649.83,2649.77,2649.81,92
2026-01-08T04:58:00+00:00,2649.81,2649.98,2649.79,2649.90,216
2026-01-08T04:59:00+00:00,2649.90,2649.92,2649.74,2649.79,368
2026-01-08T05:00:00+00:00,2649.79,2649.81,2649.44,2649.56,205
2026-01-08T05:01:00+00:00,2649.56,2649.68,2649.55,2649.67,380
2026-01-08T05:02:00+00:00,2649.67,2649.67,2649.47,2649.48,191
2026-01-08T05:03:00+00:00,2649.48,2649.53,2649.46,2649.52,297
2026-01-08T05:04:00+00:00,2649.52,2649.61,2649.38,2649.40,275
2026-01-08T05:05:00+00:00,2649.40,2649.41,2649.17,2649.22,91
2026-01-08T05:06:00+00:00,2649.22,2649.25,2649.07,2649.16,258
2026-01-08T05:07:00+00:00,2649.16,2649.32,2649.10,2649.28,29
2026-01-08T05:08:00+00:00,2649.28,2649.34,2649.23,2649.27,123
2026-01-08T05:09:00+00:00,2649.27,2649.41,2649.22,2649.37,91
2026-01-08T05:10:00+00:00,2649.37,2649.40,2649.34,2649.39,875
2026-01-08T05:11:00+00:00,2649.39,2649.43,2649.20,2649.25,149
2026-01-08T05:12:00+00:00,2649.25,2649.29,2649.09,2649.12,128
2026-01-08T05:13:00+00:00,2649.12,2649.15,2648.85,2648.87,110
2026-01-08T05:14:00+00:00,2648.87,2649.03,2648.85,2648.93,219
2026-01-08T05:15:00+00:00,2648.93,2649.01,2648.85,2648.98,295
2026-01-08T05:16:00+00:00,2648.98,2649.05,2648.89,2649.02,362
2026-01-08T05:17:00+00:00,2649.02,2649.04,2648.80,2648.89,125
2026-01-08T05:18:00+00:00,2648.89,2649.04,2648.86,2648.99,324
2026-01-08T05:19:00+00:00,2648.99,2649.06,2648.78,2648.87,120
2026-01-08T05:20:00+00:00,2648.87,2648.90,2648.85,2648.88,275
2026-01-08T05:21:00+00:00,2648.88,2648.93,2648.78,2648.83,282
2026-01-08T05:22:00+00:00,2648.83,2648.93,2648.73,2648.80,2
2026-01-08T05:23:00+00:00,2648.80,2648.92,2648.77,2648.82,404
2026-01-08T05:24:00+00:00,2648.82,2648.87,2648.75,2648.77,143
2026-01-08T05:25:00+00:00,2648.77,2648.87,2648.70,2648.82,61
2026-01-08T05:26:00+00:00,2648.82,2648.86,2648.56,2648.67,260
2026-01-08T05:27:00+00:00,2648.67,2648.71,2648.54,2648.56,237
2026-01-08T05:28:00+00:00,2648.56,2648.60,2648.39,2648.52,47
2026-01-08T05:29:00+00:00,2648.52,2648.52,2648.41,2648.48,325
2026-01-08T05:30:00+00:00,2648.48,2648.49,2648.31,2648.36,159
2026-01-08T05:31:00+00:00,2648.36,2648.37,2648.28,2648.32,200
2026-01-08T05:32:00+00:00,2648.32,2648.34,2648.10,2648.17,156
2026-01-08T05:33:00+00:00,2648.17,2648.26,2648.10,2648.19,86
2026-01-08T05:34:00+00:00,2648.19,2648.24,2648.18,2648.19,168
2026-01-08T05:35:00+00:00,2648.19,2648.19,2648.13,2648.14,375
2026-01-08T05:36:00+00:00,2648.14,2648.26,2648.10,2648.21,176
2026-01-08T05:37:00+00:00,2648.21,2648.41,2648.11,2648.29,171
2026-01-08T05:38:00+00:00,2648.29,2648.33,2648.25,2648.31,141
2026-01-08T05:39:00+00:00,2648.31,2648.40,2648.04,2648.13,160
2026-01-08T05:40:00+00:00,2648.13,2648.14,2647.85,2647.88,148
2026-01-08T05:41:00+00:00,2647.88,2648.00,2647.87,2647.96,148
2026-01-08T05:42:00+00:00,2647.96,2648.05,2647.95,2647.99,12
2026-01-08T05:43:00+00:00,2647.99,2648.06,2647.99,2648.04,164
2026-01-08T05:44:00+00:00,2648.04,2648.12,2647.88,2647.93,134
2026-01-08T05:45:00+00:00,2647.93,2647.95,2647.78,2647.80,216
2026-01-08T05:46:00+00:00,2647.80,2647.92,2647.73,2647.78,48
2026-01-08T05:47:00+00:00,2647.78,2647.81,2647.78,2647.80,79
2026-01-08T05:48:00+00:00,2647.80,2647.81,2647.79,2647.80,342
2026-01-08T05:49:00+00:00,2647.80,2647.84,2647.64,2647.75,133
2026-01-08T05:50:00+00:00,2647.75,2647.82,2647.68,2647.76,79
2026-01-08T05:51:00+00:00,2647.76,2647.95,2647.73,2647.92,129
2026-01-08T05:52:00+00:00,2647.92,2648.08,2647.88,2648.07,84
2026-01-08T05:53:00+00:00,2648.07,2648.08,2647.98,2647.98,79
2026-01-08T05:54:00+00:00,2647.98,2648.02,2647.92,2647.92,24
2026-01-08T05:55:00+00:00,2647.92,2647.99,2647.80,2647.84,216
2026-01-08T05:56:00+00:00,2647.84,2648.01,2647.82,2648.01,16
2026-01-08T05:57:00+00:00,2648.01,2648.07,2647.94,2648.05,14
2026-01-08T05:58:00+00:00,2648.05,2648.32,2647.97,2648.27,11
2026-01-08T05:59:00+00:00,2648.27,2648.39,2648.22,2648.30,326
2026-01-08T06:00:00+00:00,2648.30,2648.38,2648.18,2648.36,146
2026-01-08T06:01:00+00:00,2648.36,2648.39,2648.20,2648.28,120
2026-01-08T06:02:00+00:00,2648.28,2648.35,2648.19,2648.23,203
2026-01-08T06:03:00+00:00,2648.23,2648.33,2648.19,2648.28,371
2026-01-08T06:04:00+00:00,2648.28,2648.29,2648.17,2648.23,647
2026-01-08T06:05:00+00:00,2648.23,2648.38,2648.19,2648.30,35
2026-01-08T06:06:00+00:00,2648.30,2648.34,2648.26,2648.32,261
2026-01-08T06:07:00+00:00,2648.32,2648.34,2648.25,2648.33,115
2026-01-08T06:08:00+00:00,2648.33,2648.50,2648.31,2648.44,7
2026-01-08T06:09:00+00:00,2648.44,2648.57,2648.38,2648.49,63
2026-01-08T06:10:00+00:00,2648.49,2648.51,2648.41,2648.43,8
2026-01-08T06:11:00+00:00,2648.43,2648.45,2648.25,2648.34,100
2026-01-08T06:12:00+00:00,2648.34,2648.68,2648.33,2648.60,52
2026-01-08T06:13:00+00:00,2648.60,2648.68,2648.55,2648.65,147
2026-01-08T06:14:00+00:00,2648.65,2648.69,2648.56,2648.63,419
2026-01-08T06:15:00+00:00,2648.63,2648.64,2648.55,2648.61,320
2026-01-08T06:16:00+00:00,2648.61,2648.75,2648.52,2648.70,324
2026-01-08T06:17:00+00:00,2648.70,2648.88,2648.68,2648.81,171
2026-01-08T06:18:00+00:00,2648.81,2648.94,2648.63,2648.64,20
2026-01-08T06:19:00+00:00,2648.64,2648.81,2648.60,2648.70,59
2026-01-08T06:20:00+00:00,2648.70,2648.77,2648.69,2648.75,960
2026-01-08T06:21:00+00:00,2648.75,2648.80,2648.67,2648.79,73
2026-01-08T06:22:00+00:00,2648.79,2648.85,2648.68,2648.83,367
2026-01-08T06:23:00+00:00,2648.83,2648.84,2648.79,2648.82,259
2026-01-08T06:24:00+00:00,2648.82,2648.89,2648.82,2648.84,96
2026-01-08T06:25:00+00:00,2648.84,2648.86,2648.57,2648.64,195
2026-01-08T06:26:00+00:00,2648.64,2648.78,2648.62,2648.75,219
2026-01-08T06:27:00+00:00,2648.75,2648.82,2648.72,2648.73,125
2026-01-08T06:28:00+00:00,2648.73,2648.77,2648.69,2648.69,11
2026-01-08T06:29:00+00:00,2648.69,2648.83,2648.65,2648.70,21
2026-01-08T06:30:00+00:00,2648.70,2648.89,2648.70,2648.82,457
2026-01-08T06:31:00+00:00,2648.82,2649.12,2648.81,2649.03,109
2026-01-08T06:32:00+00:00,2649.03,2649.08,2648.98,2649.00,3
2026-01-08T06:33:00+00:00,2649.00,2649.03,2648.98,2648.98,31
2026-01-08T06:34:00+00:00,2648.98,2649.13,2648.92,2649.08,18
2026-01-08T06:35:00+00:00,2649.08,2649.28,2649.03,2649.21,66
2026-01-08T06:36:00+00:00,2649.21,2649.28,2649.20,2649.28,104
2026-01-08T06:37:00+00:00,2649.28,2649.33,2649.22,2649.24,8
2026-01-08T06:38:00+00:00,2649.24,2649.29,2649.12,2649.19,164
2026-01-08T06:39:00+00:00,2649.19,2649.28,2649.17,2649.24,40
2026-01-08T06:40:00+00:00,2649.24,2649.27,2649.23,2649.24,312
2026-01-08T06:41:00+00:00,2649.24,2649.38,2649.22,2649.27,36
2026-01-08T06:42:00+00:00,2649.27,2649.29,2649.12,2649.13,30
2026-01-08T06:43:00+00:00,2649.13,2649.15,2649.03,2649.04,65
2026-01-08T06:44:00+00:00,2649.04,2649.12,2648.82,2648.90,246
2026-01-08T06:45:00+00:00,2648.90,2648.99,2648.78,2648.93,608
2026-01-08T06:46:00+00:00,2648.93,2648.94,2648.82,2648.89,118
2026-01-08T06:47:00+00:00,2648.89,2649.02,2648.82,2648.87,270
2026-01-08T06:48:00+00:00,2648.87,2648.91,2648.83,2648.89,223
2026-01-08T06:49:00+00:00,2648.89,2648.93,2648.68,2648.72,171
2026-01-08T06:50:00+00:00,2648.72,2648.92,2648.59,2648.89,255
2026-01-08T06:51:00+00:00,2648.89,2648.99,2648.84,2648.96,82
2026-01-08T06:52:00+00:00,2648.96,2649.00,2648.91,2648.96,216
2026-01-08T06:53:00+00:00,2648.96,2649.02,2648.93,2648.97,662
2026-01-08T06:54:00+00:00,2648.97,2649.08,2648.97,2649.04,219
2026-01-08T06:55:00+00:00,2649.04,2649.29,2649.02,2649.23,3
2026-01-08T06:56:00+00:00,2649.23,2649.27,2649.18,2649.20,581
2026-01-08T06:57:00+00:00,2649.20,2649.32,2649.12,2649.29,150
2026-01-08T06:58:00+00:00,2649.29,2649.37,2649.18,2649.31,109
2026-01-08T06:59:00+00:00,2649.31,2649.46,2649.27,2649.40,92
2026-01-08T07:00:00+00:00,2649.40,2649.55,2649.37,2649.50,44
2026-01-08T07:01:00+00:00,2649.50,2649.52,2649.42,2649.43,45
2026-01-08T07:02:00+00:00,2649.43,2649.49,2649.38,2649.47,406
2026-01-08T07:03:00+00:00,2649.47,2649.52,2649.33,2649.35,74
2026-01-08T07:04:00+00:00,2649.35,2649.38,2649.27,2649.31,325
2026-01-08T07:05:00+00:00,2649.31,2649.32,2649.27,2649.28,18
2026-01-08T07:06:00+00:00,2649.28,2649.38,2649.25,2649.36,34
2026-01-08T07:07:00+00:00,2649.36,2649.47,2649.31,2649.31,381
2026-01-08T07:08:00+00:00,2649.31,2649.43,2649.19,2649.21,96
2026-01-08T07:09:00+00:00,2649.21,2649.23,2649.13,2649.20,609
2026-01-08T07:10:00+00:00,2649.20,2649.28,2649.02,2649.09,86
2026-01-08T07:11:00+00:00,2649.09,2649.22,2648.92,2648.96,10
2026-01-08T07:12:00+00:00,2648.96,2649.02,2648.90,2648.93,166
2026-01-08T07:13:00+00:00,2648.93,2648.95,2648.85,2648.87,391
2026-01-08T07:14:00+00:00,2648.87,2648.93,2648.80,2648.90,426
2026-01-08T07:15:00+00:00,2648.90,2648.93,2648.83,2648.85,228
2026-01-08T07:16:00+00:00,2648.85,2648.93,2648.78,2648.92,46
2026-01-08T07:17:00+00:00,2648.92,2649.01,2648.58,2648.66,263
2026-01-08T07:18:00+00:00,2648.66,2648.70,2648.61,2648.66,187
2026-01-08T07:19:00+00:00,2648.66,2648.71,2648.47,2648.53,359
2026-01-08T07:20:00+00:00,2648.53,2648.61,2648.49,2648.60,1
2026-01-08T07:21:00+00:00,2648.60,2648.69,2648.53,2648.55,322
2026-01-08T07:22:00+00:00,2648.55,2649.01,2648.48,2648.90,97
2026-01-08T07:23:00+00:00,2648.90,2648.91,2648.76,2648.83,388
2026-01-08T07:24:00+00:00,2648.83,2648.90,2648.69,2648.69,276
2026-01-08T07:25:00+00:00,2648.69,2648.69,2648.66,2648.68,520
2026-01-08T07:26:00+00:00,2648.68,2648.71,2648.67,2648.68,168
2026-01-08T07:27:00+00:00,2648.68,2648.90,2648.67,2648.90,182
2026-01-08T07:28:00+00:00,2648.90,2649.04,2648.89,2648.98,88
2026-01-08T07:29:00+00:00,2648.98,2649.03,2648.90,2648.96,285
2026-01-08T07:30:00+00:00,2648.96,2649.13,2648.87,2649.08,200
2026-01-08T07:31:00+00:00,2649.08,2649.12,2649.01,2649.02,64
2026-01-08T07:32:00+00:00,2649.02,2649.05,2648.93,2648.94,331
2026-01-08T07:33:00+00:00,2648.94,2649.00,2648.83,2648.87,93
2026-01-08T07:34:00+00:00,2648.87,2648.89,2648.81,2648.88,362
2026-01-08T07:35:00+00:00,2648.88,2649.03,2648.88,2648.97,44
2026-01-08T07:36:00+00:00,2648.97,2648.98,2648.86,2648.90,185
2026-01-08T07:37:00+00:00,2648.90,2648.90,2648.76,2648.79,454
2026-01-08T07:38:00+00:00,2648.79,2648.83,2648.62,2648.69,1
2026-01-08T07:39:00+00:00,2648.69,2648.71,2648.54,2648.55,233
2026-01-08T07:40:00+00:00,2648.55,2648.57,2648.47,2648.50,78
2026-01-08T07:41:00+00:00,2648.50,2648.72,2648.41,2648.61,221
2026-01-08T07:42:00+00:00,2648.61,2648.70,2648.56,2648.67,83
2026-01-08T07:43:00+00:00,2648.67,2648.70,2648.61,2648.67,147
2026-01-08T07:44:00+00:00,2648.67,2648.72,2648.66,2648.71,209
2026-01-08T07:45:00+00:00,2648.71,2648.76,2648.65,2648.68,300
2026-01-08T07:46:00+00:00,2648.68,2648.70,2648.60,2648.64,40
2026-01-08T07:47:00+00:00,2648.64,2648.82,2648.57,2648.81,139
2026-01-08T07:48:00+00:00,2648.81,2648.94,2648.79,2648.89,16
2026-01-08T07:49:00+00:00,2648.89,2648.96,2648.60,2648.67,138
2026-01-08T07:50:00+00:00,2648.67,2648.86,2648.64,2648.77,402
2026-01-08T07:51:00+00:00,2648.77,2648.81,2648.73,2648.78,197
2026-01-08T07:52:00+00:00,2648.78,2648.82,2648.71,2648.80,222
2026-01-08T07:53:00+00:00,2648.80,2648.96,2648.80,2648.89,21
2026-01-08T07:54:00+00:00,2648.89,2648.90,2648.81,2648.83,276
2026-01-08T07:55:00+00:00,2648.83,2648.89,2648.74,2648.75,6
2026-01-08T07:56:00+00:00,2648.75,2648.82,2648.69,2648.82,237
2026-01-08T07:57:00+00:00,2648.82,2648.86,2648.76,2648.82,81
2026-01-08T07:58:00+00:00,2648.82,2648.94,2648.75,2648.89,215
2026-01-08T07:59:00+00:00,2648.89,2649.00,2648.88,2648.99,544
2026-01-08T08:00:00+00:00,2648.99,2649.03,2648.62,2648.65,78
2026-01-08T08:01:00+00:00,2648.65,2648.68,2648.57,2648.64,194
2026-01-08T08:02:00+00:00,2648.64,2648.78,2648.57,2648.73,186
2026-01-08T08:03:00+00:00,2648.73,2648.76,2648.55,2648.61,3
2026-01-08T08:04:00+00:00,2648.61,2648.80,2648.58,2648.74,354
2026-01-08T08:05:00+00:00,2648.74,2648.80,2648.64,2648.68,497
2026-01-08T08:06:00+00:00,2648.68,2648.89,2648.67,2648.87,192
2026-01-08T08:07:00+00:00,2648.87,2648.90,2648.82,2648.89,25
2026-01-08T08:08:00+00:00,2648.89,2648.93,2648.76,2648.82,9
2026-01-08T08:09:00+00:00,2648.82,2649.14,2648.79,2648.99,123
2026-01-08T08:10:00+00:00,2648.99,2649.09,2648.96,2649.01,84
2026-01-08T08:11:00+00:00,2649.01,2649.15,2648.94,2649.09,319
2026-01-08T08:12:00+00:00,2649.09,2649.24,2649.08,2649.15,244
2026-01-08T08:13:00+00:00,2649.15,2649.22,2649.12,2649.13,419
2026-01-08T08:14:00+00:00,2649.13,2649.19,2649.10,2649.16,68
2026-01-08T08:15:00+00:00,2649.16,2649.27,2649.16,2649.19,77
2026-01-08T08:16:00+00:00,2649.19,2649.28,2649.12,2649.26,355
2026-01-08T08:17:00+00:00,2649.26,2649.27,2649.21,2649.21,200
2026-01-08T08:18:00+00:00,2649.21,2649.33,2649.19,2649.32,204
2026-01-08T08:19:00+00:00,2649.32,2649.43,2649.27,2649.31,246
2026-01-08T08:20:00+00:00,2649.31,2649.35,2649.09,2649.20,218
2026-01-08T08:21:00+00:00,2649.20,2649.28,2649.03,2649.06,56
2026-01-08T08:22:00+00:00,2649.06,2649.07,2649.00,2649.04,155
2026-01-08T08:23:00+00:00,2649.04,2649.21,2648.98,2649.15,551
2026-01-08T08:24:00+00:00,2649.15,2649.20,2649.03,2649.06,210
2026-01-08T08:25:00+00:00,2649.06,2649.13,2649.06,2649.08,121
2026-01-08T08:26:00+00:00,2649.08,2649.22,2649.03,2649.17,222
2026-01-08T08:27:00+00:00,2649.17,2649.25,2649.16,2649.22,131
2026-01-08T08:28:00+00:00,2649.22,2649.25,2649.11,2649.16,474
2026-01-08T08:29:00+00:00,2649.16,2649.20,2649.11,2649.19,136
2026-01-08T08:30:00+00:00,2649.19,2649.25,2649.12,2649.25,139
2026-01-08T08:31:00+00:00,2649.25,2649.40,2649.22,2649.33,342
2026-01-08T08:32:00+00:00,2649.33,2649.44,2649.20,2649.23,585
2026-01-08T08:33:00+00:00,2649.23,2649.26,2649.16,2649.25,137
2026-01-08T08:34:00+00:00,2649.25,2649.42,2649.23,2649.31,122
2026-01-08T08:35:00+00:00,2649.31,2649.44,2649.30,2649.33,1
2026-01-08T08:36:00+00:00,2649.33,2649.38,2649.13,2649.17,44
2026-01-08T08:37:00+00:00,2649.17,2649.34,2649.09,2649.31,153
2026-01-08T08:38:00+00:00,2649.31,2649.34,2649.13,2649.23,62
2026-01-08T08:39:00+00:00,2649.23,2649.33,2649.09,2649.14,310
2026-01-08T08:40:00+00:00,2649.14,2649.21,2649.02,2649.08,149
2026-01-08T08:41:00+00:00,2649.08,2649.12,2648.91,2648.98,216
2026-01-08T08:42:00+00:00,2648.98,2649.06,2648.93,2649.03,61
2026-01-08T08:43:00+00:00,2649.03,2649.08,2648.76,2648.86,18
2026-01-08T08:44:00+00:00,2648.86,2648.88,2648.74,2648.75,107
2026-01-08T08:45:00+00:00,2648.75,2648.77,2648.54,2648.59,268
2026-01-08T08:46:00+00:00,2648.59,2648.65,2648.55,2648.60,4
2026-01-08T08:47:00+00:00,2648.60,2648.60,2648.55,2648.57,42
2026-01-08T08:48:00+00:00,2648.57,2648.63,2648.47,2648.63,363
2026-01-08T08:49:00+00:00,2648.63,2648.65,2648.55,2648.57,430
2026-01-08T08:50:00+00:00,2648.57,2648.58,2648.48,2648.51,429
2026-01-08T08:51:00+00:00,2648.51,2648.52,2648.36,2648.50,297
2026-01-08T08:52:00+00:00,2648.50,2648.55,2648.38,2648.47,331
2026-01-08T08:53:00+00:00,2648.47,2648.64,2648.41,2648.58,444
2026-01-08T08:54:00+00:00,2648.58,2648.59,2648.44,2648.53,156
2026-01-08T08:55:00+00:00,2648.53,2648.62,2648.42,2648.46,338
2026-01-08T08:56:00+00:00,2648.46,2648.63,2648.41,2648.60,437
2026-01-08T08:57:00+00:00,2648.60,2648.67,2648.56,2648.65,471
2026-01-08T08:58:00+00:00,2648.65,2648.75,2648.59,2648.74,296
2026-01-08T08:59:00+00:00,2648.74,2648.95,2648.68,2648.93,288
2026-01-08T09:00:00+00:00,2648.93,2648.94,2648.74,2648.79,61
2026-01-08T09:01:00+00:00,2648.79,2648.90,2648.75,2648.87,79
2026-01-08T09:02:00+00:00,2648.87,2648.87,2648.72,2648.82,202
2026-01-08T09:03:00+00:00,2648.82,2648.99,2648.79,2648.92,189
2026-01-08T09:04:00+00:00,2648.92,2649.09,2648.89,2649.08,194
2026-01-08T09:05:00+00:00,2649.08,2649.16,2649.03,2649.08,22
2026-01-08T09:06:00+00:00,2649.08,2649.10,2649.00,2649.02,128
2026-01-08T09:07:00+00:00,2649.02,2649.31,2649.01,2649.24,167
2026-01-08T09:08:00+00:00,2649.24,2649.30,2649.22,2649.29,313
2026-01-08T09:09:00+00:00,2649.29,2649.38,2649.25,2649.33,49
2026-01-08T09:10:00+00:00,2649.33,2649.38,2649.19,2649.23,3
2026-01-08T09:11:00+00:00,2649.23,2649.35,2649.16,2649.33,171
2026-01-08T09:12:00+00:00,2649.33,2649.38,2649.29,2649.30,356
2026-01-08T09:13:00+00:00,2649.30,2649.34,2649.25,2649.26,176
2026-01-08T09:14:00+00:00,2649.26,2649.27,2649.08,2649.22,237
2026-01-08T09:15:00+00:00,2649.22,2649.32,2649.09,2649.32,123
2026-01-08T09:16:00+00:00,2649.32,2649.40,2649.16,2649.30,136
2026-01-08T09:17:00+00:00,2649.30,2649.34,2649.25,2649.27,174
2026-01-08T09:18:00+00:00,2649.27,2649.42,2649.23,2649.38,291
2026-01-08T09:19:00+00:00,2649.38,2649.51,2649.33,2649.37,135
2026-01-08T09:20:00+00:00,2649.37,2649.41,2649.21,2649.25,58
2026-01-08T09:21:00+00:00,2649.25,2649.34,2649.11,2649.14,378
2026-01-08T09:22:00+00:00,2649.14,2649.25,2649.06,2649.14,242
2026-01-08T09:23:00+00:00,2649.14,2649.20,2649.06,2649.17,27
2026-01-08T09:24:00+00:00,2649.17,2649.22,2649.01,2649.06,191
2026-01-08T09:25:00+00:00,2649.06,2649.42,2649.04,2649.37,548
2026-01-08T09:26:00+00:00,2649.37,2649.53,2649.35,2649.49,232
2026-01-08T09:27:00+00:00,2649.49,2649.53,2649.30,2649.31,643
2026-01-08T09:28:00+00:00,2649.31,2649.33,2649.20,2649.26,269
2026-01-08T09:29:00+00:00,2649.26,2649.30,2649.15,2649.20,273
2026-01-08T09:30:00+00:00,2649.20,2649.25,2649.03,2649.04,16
2026-01-08T09:31:00+00:00,2649.04,2649.33,2649.03,2649.29,312
2026-01-08T09:32:00+00:00,2649.29,2649.30,2649.15,2649.20,313
2026-01-08T09:33:00+00:00,2649.20,2649.24,2649.17,2649.21,175
2026-01-08T09:34:00+00:00,2649.21,2649.27,2649.20,2649.25,185
2026-01-08T09:35:00+00:00,2649.25,2649.31,2649.15,2649.21,313
2026-01-08T09:36:00+00:00,2649.21,2649.52,2649.20,2649.45,133
2026-01-08T09:37:00+00:00,2649.45,2649.59,2649.45,2649.58,360
2026-01-08T09:38:00+00:00,2649.58,2649.65,2649.45,2649.48,52
2026-01-08T09:39:00+00:00,2649.48,2649.57,2649.15,2649.25,316
2026-01-08T09:40:00+00:00,2649.25,2649.41,2649.06,2649.38,12
2026-01-08T09:41:00+00:00,2649.38,2649.44,2649.24,2649.25,420
2026-01-08T09:42:00+00:00,2649.25,2649.29,2649.17,2649.28,371
2026-01-08T09:43:00+00:00,2649.28,2649.48,2649.27,2649.47,189
2026-01-08T09:44:00+00:00,2649.47,2649.57,2649.40,2649.41,272
2026-01-08T09:45:00+00:00,2649.41,2649.55,2649.36,2649.51,78
2026-01-08T09:46:00+00:00,2649.51,2649.53,2649.37,2649.45,192
2026-01-08T09:47:00+00:00,2649.45,2649.61,2649.39,2649.56,122
2026-01-08T09:48:00+00:00,2649.56,2649.67,2649.55,2649.61,139
2026-01-08T09:49:00+00:00,2649.61,2649.72,2649.55,2649.70,330
2026-01-08T09:50:00+00:00,2649.70,2649.92,2649.64,2649.65,93
2026-01-08T09:51:00+00:00,2649.65,2649.73,2649.60,2649.67,87
2026-01-08T09:52:00+00:00,2649.67,2649.86,2649.65,2649.84,112
2026-01-08T09:53:00+00:00,2649.84,2649.85,2649.58,2649.64,371
2026-01-08T09:54:00+00:00,2649.64,2649.72,2649.53,2649.66,220
2026-01-08T09:55:00+00:00,2649.66,2649.91,2649.58,2649.84,702
2026-01-08T09:56:00+00:00,2649.84,2650.01,2649.77,2649.97,237
2026-01-08T09:57:00+00:00,2649.97,2650.06,2649.92,2649.98,263
2026-01-08T09:58:00+00:00,2649.98,2650.10,2649.90,2649.95,498
2026-01-08T09:59:00+00:00,2649.95,2649.96,2649.93,2649.96,52
2026-01-08T10:00:00+00:00,2649.96,2650.00,2649.78,2649.82,495
2026-01-08T10:01:00+00:00,2649.82,2650.01,2649.67,2649.96,6
2026-01-08T10:02:00+00:00,2649.96,2650.07,2649.73,2649.77,7
2026-01-08T10:03:00+00:00,2649.77,2649.81,2649.69,2649.79,1
2026-01-08T10:04:00+00:00,2649.79,2649.83,2649.73,2649.79,480
2026-01-08T10:05:00+00:00,2649.79,2650.23,2649.77,2650.20,64
2026-01-08T10:06:00+00:00,2650.20,2650.21,2649.95,2650.01,121
2026-01-08T10:07:00+00:00,2650.01,2650.07,2649.79,2649.94,123
2026-01-08T10:08:00+00:00,2649.94,2650.17,2649.86,2650.06,475
2026-01-08T10:09:00+00:00,2650.06,2650.08,2649.86,2649.86,377
2026-01-08T10:10:00+00:00,2649.86,2649.96,2649.81,2649.92,23
2026-01-08T10:11:00+00:00,2649.92,2650.01,2649.84,2649.88,373
2026-01-08T10:12:00+00:00,2649.88,2650.19,2649.82,2650.05,267
2026-01-08T10:13:00+00:00,2650.05,2650.12,2649.91,2649.96,21
2026-01-08T10:14:00+00:00,2649.96,2650.01,2649.82,2649.84,239
2026-01-08T10:15:00+00:00,2649.84,2649.90,2649.66,2649.82,195
2026-01-08T10:16:00+00:00,2649.82,2649.82,2649.75,2649.79,434
2026-01-08T10:17:00+00:00,2649.79,2649.94,2649.76,2649.91,154
2026-01-08T10:18:00+00:00,2649.91,2650.05,2649.86,2650.00,370
2026-01-08T10:19:00+00:00,2650.00,2650.03,2649.76,2649.80,501
2026-01-08T10:20:00+00:00,2649.80,2649.87,2649.64,2649.70,251
2026-01-08T10:21:00+00:00,2649.70,2649.86,2649.62,2649.82,59
2026-01-08T10:22:00+00:00,2649.82,2650.09,2649.79,2650.06,80
2026-01-08T10:23:00+00:00,2650.06,2650.50,2649.98,2650.36,178
2026-01-08T10:24:00+00:00,2650.36,2650.49,2650.18,2650.21,77
2026-01-08T10:25:00+00:00,2650.21,2650.48,2650.19,2650.46,59
2026-01-08T10:26:00+00:00,2650.46,2650.46,2650.36,2650.42,152
2026-01-08T10:27:00+00:00,2650.42,2650.68,2650.39,2650.52,70
2026-01-08T10:28:00+00:00,2650.52,2650.60,2650.34,2650.40,641
2026-01-08T10:29:00+00:00,2650.40,2650.60,2650.19,2650.59,193
2026-01-08T10:30:00+00:00,2650.59,2650.59,2650.49,2650.54,120
2026-01-08T10:31:00+00:00,2650.54,2650.61,2650.51,2650.60,109
2026-01-08T10:32:00+00:00,2650.60,2650.91,2650.49,2650.83,64
2026-01-08T10:33:00+00:00,2650.83,2650.91,2650.82,2650.86,906
2026-01-08T10:34:00+00:00,2650.86,2650.98,2650.73,2650.90,246
2026-01-08T10:35:00+00:00,2650.90,2651.04,2650.81,2650.82,195
2026-01-08T10:36:00+00:00,2650.82,2651.01,2650.77,2650.97,273
2026-01-08T10:37:00+00:00,2650.97,2651.01,2650.86,2650.91,634
2026-01-08T10:38:00+00:00,2650.91,2650.97,2650.80,2650.85,609
2026-01-08T10:39:00+00:00,2650.85,2650.90,2650.74,2650.87,60
2026-01-08T10:40:00+00:00,2650.87,2650.93,2650.55,2650.61,255
2026-01-08T10:41:00+00:00,2650.61,2650.62,2650.38,2650.41,382
2026-01-08T10:42:00+00:00,2650.41,2650.46,2650.15,2650.20,195
2026-01-08T10:43:00+00:00,2650.20,2650.28,2649.97,2649.99,483
2026-01-08T10:44:00+00:00,2649.99,2650.25,2649.97,2650.24,907
2026-01-08T10:45:00+00:00,2650.24,2650.30,2650.13,2650.27,254
2026-01-08T10:46:00+00:00,2650.27,2650.31,2650.15,2650.21,314
2026-01-08T10:47:00+00:00,2650.21,2650.39,2650.14,2650.38,61
2026-01-08T10:48:00+00:00,2650.38,2650.59,2650.37,2650.59,56
2026-01-08T10:49:00+00:00,2650.59,2650.64,2650.58,2650.63,180
2026-01-08T10:50:00+00:00,2650.63,2650.69,2650.61,2650.68,885
2026-01-08T10:51:00+00:00,2650.68,2650.78,2650.58,2650.61,585
2026-01-08T10:52:00+00:00,2650.61,2650.88,2650.60,2650.62,227
2026-01-08T10:53:00+00:00,2650.62,2650.77,2650.50,2650.70,357
2026-01-08T10:54:00+00:00,2650.70,2650.79,2650.42,2650.54,134
2026-01-08T10:55:00+00:00,2650.54,2650.57,2650.36,2650.42,325
2026-01-08T10:56:00+00:00,2650.42,2650.56,2650.28,2650.40,252
2026-01-08T10:57:00+00:00,2650.40,2650.63,2650.35,2650.62,148
2026-01-08T10:58:00+00:00,2650.62,2650.72,2650.30,2650.35,524
2026-01-08T10:59:00+00:00,2650.35,2650.39,2650.33,2650.38,338
2026-01-08T11:00:00+00:00,2650.38,2650.42,2650.14,2650.32,519
2026-01-08T11:01:00+00:00,2650.32,2650.33,2650.18,2650.18,1037
2026-01-08T11:02:00+00:00,2650.18,2650.28,2650.10,2650.25,172
2026-01-08T11:03:00+00:00,2650.25,2650.45,2650.18,2650.42,157
2026-01-08T11:04:00+00:00,2650.42,2650.49,2650.34,2650.35,390
2026-01-08T11:05:00+00:00,2650.35,2650.48,2650.33,2650.34,340
2026-01-08T11:06:00+00:00,2650.34,2650.50,2650.29,2650.37,722
2026-01-08T11:07:00+00:00,2650.37,2650.55,2650.32,2650.51,653
2026-01-08T11:08:00+00:00,2650.51,2650.56,2650.37,2650.40,279
2026-01-08T11:09:00+00:00,2650.40,2650.46,2650.05,2650.17,15
2026-01-08T11:10:00+00:00,2650.17,2650.28,2650.12,2650.14,352
2026-01-08T11:11:00+00:00,2650.14,2650.22,2649.98,2650.04,266
2026-01-08T11:12:00+00:00,2650.04,2650.24,2650.02,2650.20,247
2026-01-08T11:13:00+00:00,2650.20,2650.21,2649.91,2650.01,2
2026-01-08T11:14:00+00:00,2650.01,2650.04,2649.97,2650.01,166
2026-01-08T11:15:00+00:00,2650.01,2650.19,2649.83,2649.94,401
2026-01-08T11:16:00+00:00,2649.94,2649.95,2649.49,2649.69,27
2026-01-08T11:17:00+00:00,2649.69,2649.72,2649.33,2649.39,357
2026-01-08T11:18:00+00:00,2649.39,2649.63,2649.28,2649.61,81
2026-01-08T11:19:00+00:00,2649.61,2649.69,2649.47,2649.57,507
2026-01-08T11:20:00+00:00,2649.57,2649.57,2649.47,2649.55,259
2026-01-08T11:21:00+00:00,2649.55,2649.70,2649.18,2649.24,634
2026-01-08T11:22:00+00:00,2649.24,2649.24,2649.01,2649.17,401
2026-01-08T11:23:00+00:00,2649.17,2649.21,2649.08,2649.15,151
2026-01-08T11:24:00+00:00,2649.15,2649.35,2648.95,2649.31,58
2026-01-08T11:25:00+00:00,2649.31,2649.40,2648.77,2648.79,429
2026-01-08T11:26:00+00:00,2648.79,2648.96,2648.74,2648.91,411
2026-01-08T11:27:00+00:00,2648.91,2648.97,2648.86,2648.88,379
2026-01-08T11:28:00+00:00,2648.88,2649.02,2648.86,2648.89,645
2026-01-08T11:29:00+00:00,2648.89,2649.17,2648.85,2649.11,283
2026-01-08T11:30:00+00:00,2649.11,2649.41,2648.99,2649.34,336
2026-01-08T11:31:00+00:00,2649.34,2649.48,2649.29,2649.44,341
2026-01-08T11:32:00+00:00,2649.44,2649.61,2649.33,2649.37,9
2026-01-08T11:33:00+00:00,2649.37,2649.45,2649.32,2649.42,641
2026-01-08T11:34:00+00:00,2649.42,2649.48,2649.09,2649.24,450
2026-01-08T11:35:00+00:00,2649.24,2649.30,2649.12,2649.28,1
2026-01-08T11:36:00+00:00,2649.28,2649.66,2649.21,2649.56,189
2026-01-08T11:37:00+00:00,2649.56,2649.57,2649.27,2649.33,164
2026-01-08T11:38:00+00:00,2649.33,2649.42,2649.32,2649.38,33
2026-01-08T11:39:00+00:00,2649.38,2649.48,2649.35,2649.47,628
2026-01-08T11:40:00+00:00,2649.47,2649.74,2649.37,2649.72,76
2026-01-08T11:41:00+00:00,2649.72,2649.84,2649.72,2649.83,109
2026-01-08T11:42:00+00:00,2649.83,2649.97,2649.77,2649.85,528
2026-01-08T11:43:00+00:00,2649.85,2649.95,2649.66,2649.67,538
2026-01-08T11:44:00+00:00,2649.67,2649.93,2649.63,2649.80,175
2026-01-08T11:45:00+00:00,2649.80,2649.96,2649.72,2649.83,256
2026-01-08T11:46:00+00:00,2649.83,2649.90,2649.49,2649.68,61
2026-01-08T11:47:00+00:00,2649.68,2649.87,2649.59,2649.68,590
2026-01-08T11:48:00+00:00,2649.68,2649.93,2649.60,2649.91,166
2026-01-08T11:49:00+00:00,2649.91,2650.05,2649.88,2649.94,171
2026-01-08T11:50:00+00:00,2649.94,2649.95,2649.74,2649.81,341
2026-01-08T11:51:00+00:00,2649.81,2650.14,2649.60,2650.13,1119
2026-01-08T11:52:00+00:00,2650.13,2650.15,2649.89,2650.13,775
2026-01-08T11:53:00+00:00,2650.13,2650.22,2650.07,2650.17,105
2026-01-08T11:54:00+00:00,2650.17,2650.32,2650.05,2650.23,291
2026-01-08T11:55:00+00:00,2650.23,2650.45,2650.14,2650.26,517
2026-01-08T11:56:00+00:00,2650.26,2650.36,2650.16,2650.31,915
2026-01-08T11:57:00+00:00,2650.31,2650.48,2650.11,2650.16,367
2026-01-08T11:58:00+00:00,2650.16,2650.22,2649.85,2649.92,315
2026-01-08T11:59:00+00:00,2649.92,2649.98,2649.87,2649.91,572
2026-01-08T12:00:00+00:00,2649.91,2650.11,2649.83,2649.87,489
2026-01-08T12:01:00+00:00,2649.87,2649.92,2649.67,2649.75,472
2026-01-08T12:02:00+00:00,2649.75,2649.79,2649.47,2649.52,388
2026-01-08T12:03:00+00:00,2649.52,2649.91,2649.40,2649.78,234
2026-01-08T12:04:00+00:00,2649.78,2649.97,2649.60,2649.93,844
2026-01-08T12:05:00+00:00,2649.93,2649.94,2649.73,2649.78,303
2026-01-08T12:06:00+00:00,2649.78,2650.14,2649.70,2650.04,9
2026-01-08T12:07:00+00:00,2650.04,2650.41,2649.92,2650.29,188
2026-01-08T12:08:00+00:00,2650.29,2650.69,2650.26,2650.68,504
2026-01-08T12:09:00+00:00,2650.68,2651.21,2650.44,2651.13,251
2026-01-08T12:10:00+00:00,2651.13,2651.32,2651.08,2651.24,212
2026-01-08T12:11:00+00:00,2651.24,2651.50,2651.12,2651.45,134
2026-01-08T12:12:00+00:00,2651.45,2651.52,2651.09,2651.18,29
2026-01-08T12:13:00+00:00,2651.18,2651.31,2650.87,2650.91,299
2026-01-08T12:14:00+00:00,2650.91,2650.99,2650.84,2650.90,279
2026-01-08T12:15:00+00:00,2650.90,2650.98,2650.73,2650.79,103
2026-01-08T12:16:00+00:00,2650.79,2651.22,2650.71,2651.11,423
2026-01-08T12:17:00+00:00,2651.11,2651.53,2651.00,2651.29,231
2026-01-08T12:18:00+00:00,2651.29,2651.33,2651.12,2651.28,249
2026-01-08T12:19:00+00:00,2651.28,2651.45,2651.25,2651.41,25
2026-01-08T12:20:00+00:00,2651.41,2651.48,2651.36,2651.47,472
2026-01-08T12:21:00+00:00,2651.47,2651.63,2651.31,2651.60,863
2026-01-08T12:22:00+00:00,2651.60,2651.75,2651.45,2651.65,203
2026-01-08T12:23:00+00:00,2651.65,2651.68,2651.61,2651.65,443
2026-01-08T12:24:00+00:00,2651.65,2651.82,2651.60,2651.80,744
2026-01-08T12:25:00+00:00,2651.80,2651.97,2651.74,2651.85,692
2026-01-08T12:26:00+00:00,2651.85,2651.99,2651.77,2651.91,254
2026-01-08T12:27:00+00:00,2651.91,2651.94,2651.86,2651.92,446
2026-01-08T12:28:00+00:00,2651.92,2652.06,2651.88,2651.96,154
2026-01-08T12:29:00+00:00,2651.96,2652.00,2651.81,2651.96,804
2026-01-08T12:30:00+00:00,2651.96,2651.99,2651.76,2651.86,287
2026-01-08T12:31:00+00:00,2651.86,2652.18,2651.86,2652.07,410
2026-01-08T12:32:00+00:00,2652.07,2652.09,2651.70,2651.79,554
2026-01-08T12:33:00+00:00,2651.79,2651.90,2651.64,2651.72,599
2026-01-08T12:34:00+00:00,2651.72,2651.75,2651.66,2651.73,135
2026-01-08T12:35:00+00:00,2651.73,2651.74,2651.40,2651.69,1285
2026-01-08T12:36:00+00:00,2651.69,2651.86,2651.45,2651.66,528
2026-01-08T12:37:00+00:00,2651.66,2651.72,2651.57,2651.61,143
2026-01-08T12:38:00+00:00,2651.61,2652.48,2651.55,2652.30,532
2026-01-08T12:39:00+00:00,2652.30,2652.45,2652.26,2652.31,768
2026-01-08T12:40:00+00:00,2652.31,2652.55,2652.17,2652.36,862
2026-01-08T12:41:00+00:00,2652.36,2652.51,2652.25,2652.41,981
2026-01-08T12:42:00+00:00,2652.41,2652.42,2652.19,2652.24,670
2026-01-08T12:43:00+00:00,2652.24,2652.32,2652.07,2652.25,232
2026-01-08T12:44:00+00:00,2652.25,2652.37,2651.91,2651.95,983
2026-01-08T12:45:00+00:00,2651.95,2652.12,2651.88,2652.06,952
2026-01-08T12:46:00+00:00,2652.06,2652.19,2652.04,2652.11,559
2026-01-08T12:47:00+00:00,2652.11,2652.38,2651.98,2652.37,282
2026-01-08T12:48:00+00:00,2652.37,2652.51,2652.26,2652.46,190
2026-01-08T12:49:00+00:00,2652.46,2652.61,2652.40,2652.54,448
2026-01-08T12:50:00+00:00,2652.54,2652.67,2652.02,2652.07,759
2026-01-08T12:51:00+00:00,2652.07,2652.17,2652.02,2652.09,721
2026-01-08T12:52:00+00:00,2652.09,2652.11,2652.05,2652.10,425
2026-01-08T12:53:00+00:00,2652.10,2652.17,2652.00,2652.13,203
2026-01-08T12:54:00+00:00,2652.13,2652.27,2652.00,2652.21,1017
2026-01-08T12:55:00+00:00,2652.21,2652.31,2652.19,2652.26,657
2026-01-08T12:56:00+00:00,2652.26,2652.26,2652.00,2652.06,621
2026-01-08T12:57:00+00:00,2652.06,2652.39,2652.05,2652.36,130
2026-01-08T12:58:00+00:00,2652.36,2652.61,2652.11,2652.19,136
2026-01-08T12:59:00+00:00,2652.19,2652.32,2651.93,2652.03,399
2026-01-08T13:00:00+00:00,2652.03,2652.51,2651.79,2652.42,694
2026-01-08T13:01:00+00:00,2652.42,2652.43,2652.23,2652.38,358
2026-01-08T13:02:00+00:00,2652.38,2652.80,2652.37,2652.77,273
2026-01-08T13:03:00+00:00,2652.77,2653.13,2652.65,2653.06,348
2026-01-08T13:04:00+00:00,2653.06,2653.22,2653.06,2653.18,484
2026-01-08T13:05:00+00:00,2653.18,2653.57,2653.11,2653.54,125
2026-01-08T13:06:00+00:00,2653.54,2653.72,2653.40,2653.45,490
2026-01-08T13:07:00+00:00,2653.45,2653.54,2653.42,2653.51,228
2026-01-08T13:08:00+00:00,2653.51,2653.71,2653.14,2653.29,118
2026-01-08T13:09:00+00:00,2653.29,2653.30,2653.13,2653.20,138
2026-01-08T13:10:00+00:00,2653.20,2653.35,2653.15,2653.33,335
2026-01-08T13:11:00+00:00,2653.33,2653.51,2653.07,2653.16,1207
2026-01-08T13:12:00+00:00,2653.16,2653.33,2653.09,2653.29,296
2026-01-08T13:13:00+00:00,2653.29,2653.33,2652.92,2653.10,4
2026-01-08T13:14:00+00:00,2653.10,2653.48,2653.06,2653.43,94
2026-01-08T13:15:00+00:00,2653.43,2653.45,2652.99,2653.12,67
2026-01-08T13:16:00+00:00,2653.12,2653.55,2653.02,2653.34,104
2026-01-08T13:17:00+00:00,2653.34,2653.44,2653.07,2653.28,284
2026-01-08T13:18:00+00:00,2653.28,2653.35,2653.07,2653.16,117
2026-01-08T13:19:00+00:00,2653.16,2653.24,2653.13,2653.18,540
2026-01-08T13:20:00+00:00,2653.18,2653.48,2653.12,2653.44,573
2026-01-08T13:21:00+00:00,2653.44,2653.49,2653.32,2653.46,845
2026-01-08T13:22:00+00:00,2653.46,2653.63,2653.28,2653.29,474
2026-01-08T13:23:00+00:00,2653.29,2653.67,2653.16,2653.54,299
2026-01-08T13:24:00+00:00,2653.54,2653.70,2653.47,2653.62,281
2026-01-08T13:25:00+00:00,2653.62,2653.67,2653.49,2653.65,1
2026-01-08T13:26:00+00:00,2653.65,2653.76,2653.21,2653.46,285
2026-01-08T13:27:00+00:00,2653.46,2653.57,2653.28,2653.34,36
2026-01-08T13:28:00+00:00,2653.34,2653.60,2653.28,2653.48,959
2026-01-08T13:29:00+00:00,2653.48,2654.03,2653.40,2653.87,897
2026-01-08T13:30:00+00:00,2653.87,2653.94,2653.60,2653.84,1676
2026-01-08T13:31:00+00:00,2653.84,2654.07,2653.81,2653.85,340
2026-01-08T13:32:00+00:00,2653.85,2654.64,2653.81,2654.60,413
2026-01-08T13:33:00+00:00,2654.60,2654.64,2654.38,2654.38,194
2026-01-08T13:34:00+00:00,2654.38,2654.41,2653.81,2653.87,147
2026-01-08T13:35:00+00:00,2653.87,2653.96,2653.53,2653.83,1396
2026-01-08T13:36:00+00:00,2653.83,2654.00,2653.72,2653.88,439
2026-01-08T13:37:00+00:00,2653.88,2653.96,2653.73,2653.93,63
2026-01-08T13:38:00+00:00,2653.93,2654.33,2653.80,2654.11,160
2026-01-08T13:39:00+00:00,2654.11,2654.30,2653.74,2653.84,962
2026-01-08T13:40:00+00:00,2653.84,2653.89,2653.60,2653.69,323
2026-01-08T13:41:00+00:00,2653.69,2653.81,2653.28,2653.29,109
2026-01-08T13:42:00+00:00,2653.29,2653.35,2652.91,2653.14,139
2026-01-08T13:43:00+00:00,2653.14,2653.19,2652.79,2652.84,1037
2026-01-08T13:44:00+00:00,2652.84,2652.89,2652.78,2652.86,589
2026-01-08T13:45:00+00:00,2652.86,2652.99,2652.65,2652.67,568
2026-01-08T13:46:00+00:00,2652.67,2652.77,2652.58,2652.71,428
2026-01-08T13:47:00+00:00,2652.71,2652.73,2652.60,2652.71,1242
2026-01-08T13:48:00+00:00,2652.71,2653.35,2652.66,2653.33,1125
2026-01-08T13:49:00+00:00,2653.33,2653.41,2652.98,2653.03,294
2026-01-08T13:50:00+00:00,2653.03,2653.33,2652.97,2653.31,828
2026-01-08T13:51:00+00:00,2653.31,2653.51,2652.88,2653.05,320
2026-01-08T13:52:00+00:00,2653.05,2653.35,2652.97,2653.32,504
2026-01-08T13:53:00+00:00,2653.32,2653.38,2653.14,2653.26,548
2026-01-08T13:54:00+00:00,2653.26,2653.56,2653.16,2653.51,745
2026-01-08T13:55:00+00:00,2653.51,2653.71,2653.37,2653.64,384
2026-01-08T13:56:00+00:00,2653.64,2653.85,2653.41,2653.43,717
2026-01-08T13:57:00+00:00,2653.43,2653.50,2652.87,2652.89,131
2026-01-08T13:58:00+00:00,2652.89,2653.06,2652.56,2652.73,691
2026-01-08T13:59:00+00:00,2652.73,2652.88,2652.69,2652.85,715
2026-01-08T14:00:00+00:00,2652.85,2653.01,2652.62,2652.76,834
2026-01-08T14:01:00+00:00,2652.76,2653.08,2652.65,2653.07,1147
2026-01-08T14:02:00+00:00,2653.07,2653.07,2652.86,2652.96,151
2026-01-08T14:03:00+00:00,2652.96,2653.05,2652.67,2652.78,340
2026-01-08T14:04:00+00:00,2652.78,2653.30,2652.64,2653.02,268
2026-01-08T14:05:00+00:00,2653.02,2653.14,2652.81,2652.87,251
2026-01-08T14:06:00+00:00,2652.87,2653.06,2652.37,2652.69,242
2026-01-08T14:07:00+00:00,2652.69,2652.90,2652.39,2652.71,77
2026-01-08T14:08:00+00:00,2652.71,2653.06,2652.66,2652.98,477
2026-01-08T14:09:00+00:00,2652.98,2652.99,2652.83,2652.90,336
2026-01-08T14:10:00+00:00,2652.90,2653.25,2652.85,2653.19,767
2026-01-08T14:11:00+00:00,2653.19,2653.20,2652.80,2652.81,474
2026-01-08T14:12:00+00:00,2652.81,2653.11,2652.60,2652.97,288
2026-01-08T14:13:00+00:00,2652.97,2653.00,2652.73,2652.89,113
2026-01-08T14:14:00+00:00,2652.89,2653.06,2652.70,2653.05,448
2026-01-08T14:15:00+00:00,2653.05,2653.39,2653.03,2653.29,283
2026-01-08T14:16:00+00:00,2653.29,2653.40,2653.11,2653.14,175
2026-01-08T14:17:00+00:00,2653.14,2653.42,2653.04,2653.11,1024
2026-01-08T14:18:00+00:00,2653.11,2653.17,2652.92,2653.01,190
2026-01-08T14:19:00+00:00,2653.01,2653.13,2652.30,2652.50,406
2026-01-08T14:20:00+00:00,2652.50,2652.63,2652.25,2652.47,371
2026-01-08T14:21:00+00:00,2652.47,2652.76,2652.35,2652.65,56
2026-01-08T14:22:00+00:00,2652.65,2652.78,2652.26,2652.33,1164
2026-01-08T14:23:00+00:00,2652.33,2652.63,2652.11,2652.57,867
2026-01-08T14:24:00+00:00,2652.57,2652.62,2652.15,2652.37,204
2026-01-08T14:25:00+00:00,2652.37,2652.50,2651.82,2652.03,241
2026-01-08T14:26:00+00:00,2652.03,2652.43,2651.87,2652.27,550
2026-01-08T14:27:00+00:00,2652.27,2652.57,2652.26,2652.30,338
2026-01-08T14:28:00+00:00,2652.30,2652.48,2652.29,2652.34,279
2026-01-08T14:29:00+00:00,2652.34,2652.42,2652.04,2652.06,89
2026-01-08T14:30:00+00:00,2652.06,2652.16,2651.76,2651.76,822
2026-01-08T14:31:00+00:00,2651.76,2652.00,2651.73,2651.79,128
2026-01-08T14:32:00+00:00,2651.79,2651.98,2651.39,2651.50,50
2026-01-08T14:33:00+00:00,2651.50,2651.54,2651.22,2651.23,564
2026-01-08T14:34:00+00:00,2651.23,2651.49,2651.13,2651.36,187
2026-01-08T14:35:00+00:00,2651.36,2651.98,2651.20,2651.87,207
2026-01-08T14:36:00+00:00,2651.87,2651.97,2651.57,2651.61,74
2026-01-08T14:37:00+00:00,2651.61,2652.26,2651.45,2652.01,90
2026-01-08T14:38:00+00:00,2652.01,2652.14,2651.74,2651.82,22
2026-01-08T14:39:00+00:00,2651.82,2652.21,2651.78,2651.97,1003
2026-01-08T14:40:00+00:00,2651.97,2652.41,2651.93,2652.23,498
2026-01-08T14:41:00+00:00,2652.23,2652.48,2651.72,2651.93,213
2026-01-08T14:42:00+00:00,2651.93,2652.21,2651.85,2651.99,506
2026-01-08T14:43:00+00:00,2651.99,2652.30,2651.67,2651.76,1161
2026-01-08T14:44:00+00:00,2651.76,2651.78,2651.46,2651.61,1428
2026-01-08T14:45:00+00:00,2651.61,2651.67,2651.09,2651.22,478
2026-01-08T14:46:00+00:00,2651.22,2651.50,2651.07,2651.21,651
2026-01-08T14:47:00+00:00,2651.21,2651.59,2651.10,2651.55,252
2026-01-08T14:48:00+00:00,2651.55,2651.73,2651.40,2651.61,358
2026-01-08T14:49:00+00:00,2651.61,2651.80,2651.41,2651.44,141
2026-01-08T14:50:00+00:00,2651.44,2651.77,2651.27,2651.31,803
2026-01-08T14:51:00+00:00,2651.31,2651.60,2651.10,2651.47,19
2026-01-08T14:52:00+00:00,2651.47,2652.11,2651.40,2651.98,385
2026-01-08T14:53:00+00:00,2651.98,2652.01,2651.65,2651.84,139
2026-01-08T14:54:00+00:00,2651.84,2652.00,2651.83,2651.98,912
2026-01-08T14:55:00+00:00,2651.98,2652.26,2651.90,2652.04,49
2026-01-08T14:56:00+00:00,2652.04,2652.51,2651.95,2652.37,1569
2026-01-08T14:57:00+00:00,2652.37,2652.54,2651.78,2652.08,3
2026-01-08T14:58:00+00:00,2652.08,2652.13,2652.02,2652.12,39
2026-01-08T14:59:00+00:00,2652.12,2652.20,2652.01,2652.05,117
2026-01-08T15:00:00+00:00,2652.05,2652.37,2651.93,2652.28,220
2026-01-08T15:01:00+00:00,2652.28,2652.38,2652.25,2652.32,385
2026-01-08T15:02:00+00:00,2652.32,2653.05,2652.25,2652.97,244
2026-01-08T15:03:00+00:00,2652.97,2653.02,2652.76,2652.77,170
2026-01-08T15:04:00+00:00,2652.77,2653.06,2652.66,2652.98,157
2026-01-08T15:05:00+00:00,2652.98,2653.16,2652.80,2652.90,96
2026-01-08T15:06:00+00:00,2652.90,2652.96,2652.79,2652.95,1107
2026-01-08T15:07:00+00:00,2652.95,2653.02,2652.56,2652.77,660
2026-01-08T15:08:00+00:00,2652.77,2652.85,2652.43,2652.51,167
2026-01-08T15:09:00+00:00,2652.51,2653.03,2652.24,2652.91,749
2026-01-08T15:10:00+00:00,2652.91,2652.92,2652.62,2652.72,239
2026-01-08T15:11:00+00:00,2652.72,2652.92,2652.70,2652.76,662
2026-01-08T15:12:00+00:00,2652.76,2652.83,2652.42,2652.58,98
2026-01-08T15:13:00+00:00,2652.58,2652.99,2652.52,2652.92,1405
2026-01-08T15:14:00+00:00,2652.92,2653.09,2652.26,2652.53,321
2026-01-08T15:15:00+00:00,2652.53,2652.74,2652.36,2652.73,506
2026-01-08T15:16:00+00:00,2652.73,2652.94,2652.71,2652.86,58
2026-01-08T15:17:00+00:00,2652.86,2653.33,2652.73,2653.19,1063
2026-01-08T15:18:00+00:00,2653.19,2653.20,2653.01,2653.09,680
2026-01-08T15:19:00+00:00,2653.09,2653.17,2652.86,2652.93,411
2026-01-08T15:20:00+00:00,2652.93,2653.16,2652.51,2653.08,209
2026-01-08T15:21:00+00:00,2653.08,2653.18,2652.79,2652.80,261
2026-01-08T15:22:00+00:00,2652.80,2653.00,2652.56,2652.63,650
2026-01-08T15:23:00+00:00,2652.63,2652.77,2652.25,2652.26,365
2026-01-08T15:24:00+00:00,2652.26,2652.57,2652.26,2652.47,133
2026-01-08T15:25:00+00:00,2652.47,2652.59,2652.32,2652.39,525
2026-01-08T15:26:00+00:00,2652.39,2652.58,2652.24,2652.45,238
2026-01-08T15:27:00+00:00,2652.45,2652.52,2652.40,2652.43,79
2026-01-08T15:28:00+00:00,2652.43,2652.50,2652.11,2652.27,477
2026-01-08T15:29:00+00:00,2652.27,2652.27,2651.66,2651.68,429
2026-01-08T15:30:00+00:00,2651.68,2651.76,2651.39,2651.54,111
2026-01-08T15:31:00+00:00,2651.54,2651.55,2651.30,2651.31,194
2026-01-08T15:32:00+00:00,2651.31,2651.36,2651.05,2651.22,975
2026-01-08T15:33:00+00:00,2651.22,2651.65,2650.81,2651.41,320
2026-01-08T15:34:00+00:00,2651.41,2651.69,2651.37,2651.66,47
2026-01-08T15:35:00+00:00,2651.66,2651.75,2651.43,2651.66,159
2026-01-08T15:36:00+00:00,2651.66,2651.96,2651.37,2651.95,243
2026-01-08T15:37:00+00:00,2651.95,2652.01,2651.81,2651.99,807
2026-01-08T15:38:00+00:00,2651.99,2652.08,2651.85,2651.90,717
2026-01-08T15:39:00+00:00,2651.90,2652.05,2651.75,2651.92,422
2026-01-08T15:40:00+00:00,2651.92,2652.48,2651.79,2652.38,773
2026-01-08T15:41:00+00:00,2652.38,2652.79,2652.23,2652.78,99
2026-01-08T15:42:00+00:00,2652.78,2653.11,2652.56,2652.92,447
2026-01-08T15:43:00+00:00,2652.92,2653.00,2652.72,2652.72,109
2026-01-08T15:44:00+00:00,2652.72,2652.77,2652.04,2652.07,66
2026-01-08T15:45:00+00:00,2652.07,2652.15,2651.57,2651.77,367
2026-01-08T15:46:00+00:00,2651.77,2651.93,2651.75,2651.85,124
2026-01-08T15:47:00+00:00,2651.85,2652.37,2651.73,2652.08,52
2026-01-08T15:48:00+00:00,2652.08,2652.16,2652.04,2652.11,806
2026-01-08T15:49:00+00:00,2652.11,2652.38,2652.06,2652.06,516
2026-01-08T15:50:00+00:00,2652.06,2652.26,2651.96,2652.06,484
2026-01-08T15:51:00+00:00,2652.06,2652.12,2651.66,2651.85,33
2026-01-08T15:52:00+00:00,2651.85,2652.22,2651.59,2652.18,760
2026-01-08T15:53:00+00:00,2652.18,2652.63,2651.96,2652.63,968
2026-01-08T15:54:00+00:00,2652.63,2652.92,2652.59,2652.88,45
2026-01-08T15:55:00+00:00,2652.88,2652.94,2652.72,2652.90,85
2026-01-08T15:56:00+00:00,2652.90,2652.94,2652.79,2652.86,824
2026-01-08T15:57:00+00:00,2652.86,2652.91,2652.49,2652.70,331
2026-01-08T15:58:00+00:00,2652.70,2652.79,2652.62,2652.72,122
2026-01-08T15:59:00+00:00,2652.72,2652.73,2652.14,2652.30,766
2026-01-08T16:00:00+00:00,2652.30,2652.71,2652.29,2652.52,1685
2026-01-08T16:01:00+00:00,2652.52,2652.76,2652.42,2652.64,399
2026-01-08T16:02:00+00:00,2652.64,2653.24,2652.63,2652.98,380
2026-01-08T16:03:00+00:00,2652.98,2653.03,2652.79,2652.89,148
2026-01-08T16:04:00+00:00,2652.89,2653.47,2652.88,2653.31,814
2026-01-08T16:05:00+00:00,2653.31,2653.37,2652.92,2652.97,411
2026-01-08T16:06:00+00:00,2652.97,2653.09,2652.74,2652.96,962
2026-01-08T16:07:00+00:00,2652.96,2652.98,2652.83,2652.94,424
2026-01-08T16:08:00+00:00,2652.94,2653.44,2652.92,2653.35,1069
2026-01-08T16:09:00+00:00,2653.35,2653.63,2653.24,2653.46,88
2026-01-08T16:10:00+00:00,2653.46,2653.59,2653.20,2653.40,323
2026-01-08T16:11:00+00:00,2653.40,2653.51,2653.20,2653.28,427
2026-01-08T16:12:00+00:00,2653.28,2653.61,2653.22,2653.29,227
2026-01-08T16:13:00+00:00,2653.29,2653.40,2652.68,2652.89,326
2026-01-08T16:14:00+00:00,2652.89,2653.13,2652.80,2652.81,431
2026-01-08T16:15:00+00:00,2652.81,2652.93,2652.60,2652.91,40
2026-01-08T16:16:00+00:00,2652.91,2653.03,2652.67,2652.69,625
2026-01-08T16:17:00+00:00,2652.69,2652.84,2652.37,2652.39,233
2026-01-08T16:18:00+00:00,2652.39,2652.43,2651.95,2652.17,789
2026-01-08T16:19:00+00:00,2652.17,2652.22,2651.93,2651.97,1001
2026-01-08T16:20:00+00:00,2651.97,2652.02,2651.52,2651.59,709
2026-01-08T16:21:00+00:00,2651.59,2651.66,2651.58,2651.62,705
2026-01-08T16:22:00+00:00,2651.62,2651.71,2651.56,2651.61,507
2026-01-08T16:23:00+00:00,2651.61,2651.75,2651.11,2651.36,133
2026-01-08T16:24:00+00:00,2651.36,2651.51,2651.16,2651.26,54
2026-01-08T16:25:00+00:00,2651.26,2651.84,2651.21,2651.63,682
2026-01-08T16:26:00+00:00,2651.63,2651.82,2651.52,2651.57,628
2026-01-08T16:27:00+00:00,2651.57,2651.66,2651.35,2651.55,190
2026-01-08T16:28:00+00:00,2651.55,2651.73,2651.35,2651.61,644
2026-01-08T16:29:00+00:00,2651.61,2651.86,2651.57,2651.77,868
2026-01-08T16:30:00+00:00,2651.77,2652.33,2651.72,2652.09,310
2026-01-08T16:31:00+00:00,2652.09,2652.19,2651.92,2651.99,117
2026-01-08T16:32:00+00:00,2651.99,2652.12,2651.96,2652.08,880
2026-01-08T16:33:00+00:00,2652.08,2652.18,2651.77,2651.83,1148
2026-01-08T16:34:00+00:00,2651.83,2651.85,2651.39,2651.60,718
2026-01-08T16:35:00+00:00,2651.60,2651.74,2651.38,2651.49,32
2026-01-08T16:36:00+00:00,2651.49,2651.59,2651.45,2651.56,304
2026-01-08T16:37:00+00:00,2651.56,2651.65,2650.90,2651.12,579
2026-01-08T16:38:00+00:00,2651.12,2651.17,2650.88,2651.03,435
2026-01-08T16:39:00+00:00,2651.03,2651.28,2650.88,2651.25,127
2026-01-08T16:40:00+00:00,2651.25,2651.27,2650.86,2651.03,155
2026-01-08T16:41:00+00:00,2651.03,2651.11,2650.97,2651.06,149
2026-01-08T16:42:00+00:00,2651.06,2651.30,2650.80,2650.85,514
2026-01-08T16:43:00+00:00,2650.85,2650.89,2650.26,2650.35,196
2026-01-08T16:44:00+00:00,2650.35,2650.52,2650.25,2650.48,770
2026-01-08T16:45:00+00:00,2650.48,2650.50,2649.91,2650.10,687
2026-01-08T16:46:00+00:00,2650.10,2650.25,2649.85,2650.15,308
2026-01-08T16:47:00+00:00,2650.15,2650.17,2649.87,2649.92,177
2026-01-08T16:48:00+00:00,2649.92,2650.13,2649.91,2650.02,67
2026-01-08T16:49:00+00:00,2650.02,2650.14,2649.93,2650.09,881
2026-01-08T16:50:00+00:00,2650.09,2650.12,2649.85,2649.88,550
2026-01-08T16:51:00+00:00,2649.88,2649.95,2649.43,2649.61,941
2026-01-08T16:52:00+00:00,2649.61,2649.66,2649.53,2649.55,47
2026-01-08T16:53:00+00:00,2649.55,2649.70,2649.48,2649.65,572
2026-01-08T16:54:00+00:00,2649.65,2649.79,2649.31,2649.50,207
2026-01-08T16:55:00+00:00,2649.50,2649.66,2649.36,2649.65,134
2026-01-08T16:56:00+00:00,2649.65,2649.69,2649.31,2649.32,413
2026-01-08T16:57:00+00:00,2649.32,2649.90,2649.21,2649.84,161
2026-01-08T16:58:00+00:00,2649.84,2649.96,2649.32,2649.39,143
2026-01-08T16:59:00+00:00,2649.39,2649.54,2649.02,2649.16,32
2026-01-08T17:00:00+00:00,2649.16,2649.25,2648.95,2649.19,350
2026-01-08T17:01:00+00:00,2649.19,2649.43,2649.17,2649.39,436
2026-01-08T17:02:00+00:00,2649.39,2649.54,2649.27,2649.32,257
2026-01-08T17:03:00+00:00,2649.32,2649.62,2649.14,2649.47,437
2026-01-08T17:04:00+00:00,2649.47,2649.86,2649.45,2649.73,324
2026-01-08T17:05:00+00:00,2649.73,2649.98,2649.60,2649.88,676
2026-01-08T17:06:00+00:00,2649.88,2650.52,2649.74,2650.36,99
2026-01-08T17:07:00+00:00,2650.36,2650.51,2650.23,2650.36,185
2026-01-08T17:08:00+00:00,2650.36,2650.57,2650.30,2650.44,16
2026-01-08T17:09:00+00:00,2650.44,2650.46,2650.21,2650.35,1544
2026-01-08T17:10:00+00:00,2650.35,2650.49,2650.31,2650.34,202
2026-01-08T17:11:00+00:00,2650.34,2650.41,2650.26,2650.31,266
2026-01-08T17:12:00+00:00,2650.31,2650.40,2649.95,2650.04,918
2026-01-08T17:13:00+00:00,2650.04,2650.20,2649.87,2650.05,350
2026-01-08T17:14:00+00:00,2650.05,2650.27,2649.96,2650.26,83
2026-01-08T17:15:00+00:00,2650.26,2650.35,2649.53,2649.64,418
2026-01-08T17:16:00+00:00,2649.64,2649.83,2649.34,2649.45,202
2026-01-08T17:17:00+00:00,2649.45,2649.65,2649.19,2649.24,668
2026-01-08T17:18:00+00:00,2649.24,2649.51,2649.00,2649.16,423
2026-01-08T17:19:00+00:00,2649.16,2649.23,2648.74,2648.78,205
2026-01-08T17:20:00+00:00,2648.78,2648.98,2648.52,2648.72,390
2026-01-08T17:21:00+00:00,2648.72,2648.76,2648.51,2648.70,233
2026-01-08T17:22:00+00:00,2648.70,2649.08,2648.67,2648.97,235
2026-01-08T17:23:00+00:00,2648.97,2649.24,2648.92,2649.24,85
2026-01-08T17:24:00+00:00,2649.24,2649.36,2649.05,2649.13,1019
2026-01-08T17:25:00+00:00,2649.13,2649.23,2649.08,2649.14,1161
2026-01-08T17:26:00+00:00,2649.14,2649.43,2648.91,2649.36,41
2026-01-08T17:27:00+00:00,2649.36,2649.85,2649.27,2649.82,212
2026-01-08T17:28:00+00:00,2649.82,2649.87,2649.61,2649.69,84
2026-01-08T17:29:00+00:00,2649.69,2649.77,2649.35,2649.46,302
2026-01-08T17:30:00+00:00,2649.46,2649.56,2648.89,2648.91,590
2026-01-08T17:31:00+00:00,2648.91,2648.95,2648.80,2648.88,477
2026-01-08T17:32:00+00:00,2648.88,2649.01,2648.76,2648.83,67
2026-01-08T17:33:00+00:00,2648.83,2648.92,2648.71,2648.71,539
2026-01-08T17:34:00+00:00,2648.71,2648.80,2648.61,2648.70,961
2026-01-08T17:35:00+00:00,2648.70,2648.72,2648.31,2648.39,473
2026-01-08T17:36:00+00:00,2648.39,2648.79,2648.31,2648.72,922
2026-01-08T17:37:00+00:00,2648.72,2648.88,2648.42,2648.50,78
2026-01-08T17:38:00+00:00,2648.50,2648.74,2648.49,2648.60,731
2026-01-08T17:39:00+00:00,2648.60,2648.61,2648.29,2648.30,132
2026-01-08T17:40:00+00:00,2648.30,2648.37,2648.25,2648.34,357
2026-01-08T17:41:00+00:00,2648.34,2648.49,2648.20,2648.29,307
2026-01-08T17:42:00+00:00,2648.29,2648.60,2648.27,2648.41,59
2026-01-08T17:43:00+00:00,2648.41,2648.60,2648.31,2648.47,82
2026-01-08T17:44:00+00:00,2648.47,2648.48,2648.09,2648.22,171
2026-01-08T17:45:00+00:00,2648.22,2648.37,2648.11,2648.31,62
2026-01-08T17:46:00+00:00,2648.31,2648.61,2647.94,2648.47,261
2026-01-08T17:47:00+00:00,2648.47,2648.69,2648.36,2648.62,115
2026-01-08T17:48:00+00:00,2648.62,2648.85,2648.53,2648.70,100
2026-01-08T17:49:00+00:00,2648.70,2648.76,2648.32,2648.52,352
2026-01-08T17:50:00+00:00,2648.52,2648.58,2648.06,2648.12,754
2026-01-08T17:51:00+00:00,2648.12,2648.32,2648.11,2648.27,290
2026-01-08T17:52:00+00:00,2648.27,2648.65,2648.23,2648.49,24
2026-01-08T17:53:00+00:00,2648.49,2648.52,2648.25,2648.27,780
2026-01-08T17:54:00+00:00,2648.27,2648.49,2648.08,2648.36,47
2026-01-08T17:55:00+00:00,2648.36,2648.49,2648.34,2648.47,147
2026-01-08T17:56:00+00:00,2648.47,2648.52,2648.28,2648.40,489
2026-01-08T17:57:00+00:00,2648.40,2648.58,2648.24,2648.56,60
2026-01-08T17:58:00+00:00,2648.56,2648.75,2648.33,2648.53,347
2026-01-08T17:59:00+00:00,2648.53,2648.89,2648.51,2648.80,216
2026-01-08T18:00:00+00:00,2648.80,2648.86,2648.45,2648.54,686
2026-01-08T18:01:00+00:00,2648.54,2648.72,2648.38,2648.67,672
2026-01-08T18:02:00+00:00,2648.67,2648.99,2648.53,2648.98,90
2026-01-08T18:03:00+00:00,2648.98,2649.18,2648.79,2648.82,362
2026-01-08T18:04:00+00:00,2648.82,2649.02,2648.71,2648.77,30
2026-01-08T18:05:00+00:00,2648.77,2648.80,2648.40,2648.52,273
2026-01-08T18:06:00+00:00,2648.52,2648.67,2648.43,2648.54,877
2026-01-08T18:07:00+00:00,2648.54,2648.58,2648.29,2648.31,735
2026-01-08T18:08:00+00:00,2648.31,2648.63,2648.19,2648.54,659
2026-01-08T18:09:00+00:00,2648.54,2648.57,2648.47,2648.48,181
2026-01-08T18:10:00+00:00,2648.48,2648.58,2648.36,2648.50,85
2026-01-08T18:11:00+00:00,2648.50,2648.99,2648.50,2648.89,446
2026-01-08T18:12:00+00:00,2648.89,2649.08,2648.85,2649.00,15
2026-01-08T18:13:00+00:00,2649.00,2649.00,2648.69,2648.70,165
2026-01-08T18:14:00+00:00,2648.70,2648.75,2648.41,2648.46,683
2026-01-08T18:15:00+00:00,2648.46,2648.77,2648.42,2648.64,22
2026-01-08T18:16:00+00:00,2648.64,2648.67,2648.47,2648.53,81
2026-01-08T18:17:00+00:00,2648.53,2648.66,2648.34,2648.42,27
2026-01-08T18:18:00+00:00,2648.42,2648.45,2648.10,2648.11,536
2026-01-08T18:19:00+00:00,2648.11,2648.20,2647.99,2648.05,187
2026-01-08T18:20:00+00:00,2648.05,2648.23,2647.92,2648.23,185
2026-01-08T18:21:00+00:00,2648.23,2648.24,2648.16,2648.19,465
2026-01-08T18:22:00+00:00,2648.19,2648.43,2648.16,2648.36,701
2026-01-08T18:23:00+00:00,2648.36,2648.40,2648.35,2648.40,428
2026-01-08T18:24:00+00:00,2648.40,2648.47,2648.25,2648.34,336
2026-01-08T18:25:00+00:00,2648.34,2648.65,2648.13,2648.51,430
2026-01-08T18:26:00+00:00,2648.51,2648.54,2648.19,2648.22,101
2026-01-08T18:27:00+00:00,2648.22,2648.35,2648.08,2648.23,177
2026-01-08T18:28:00+00:00,2648.23,2648.36,2648.03,2648.22,358
2026-01-08T18:29:00+00:00,2648.22,2648.28,2648.22,2648.27,257
2026-01-08T18:30:00+00:00,2648.27,2648.61,2648.15,2648.59,26
2026-01-08T18:31:00+00:00,2648.59,2648.63,2648.48,2648.61,101
2026-01-08T18:32:00+00:00,2648.61,2648.69,2648.43,2648.66,582
2026-01-08T18:33:00+00:00,2648.66,2648.72,2648.49,2648.62,61
2026-01-08T18:34:00+00:00,2648.62,2648.68,2648.44,2648.56,487
2026-01-08T18:35:00+00:00,2648.56,2648.68,2648.49,2648.51,832
2026-01-08T18:36:00+00:00,2648.51,2648.83,2648.42,2648.83,283
2026-01-08T18:37:00+00:00,2648.83,2648.91,2648.83,2648.87,507
2026-01-08T18:38:00+00:00,2648.87,2648.92,2648.84,2648.90,380
2026-01-08T18:39:00+00:00,2648.90,2649.06,2648.56,2648.62,217
2026-01-08T18:40:00+00:00,2648.62,2648.87,2648.54,2648.87,18
2026-01-08T18:41:00+00:00,2648.87,2649.28,2648.79,2649.17,278
2026-01-08T18:42:00+00:00,2649.17,2649.18,2649.03,2649.06,439
2026-01-08T18:43:00+00:00,2649.06,2649.36,2648.98,2649.34,371
2026-01-08T18:44:00+00:00,2649.34,2649.45,2649.08,2649.11,549
2026-01-08T18:45:00+00:00,2649.11,2649.13,2649.03,2649.05,376
2026-01-08T18:46:00+00:00,2649.05,2649.25,2648.95,2649.18,604
2026-01-08T18:47:00+00:00,2649.18,2649.18,2649.05,2649.10,23
2026-01-08T18:48:00+00:00,2649.10,2649.12,2648.89,2648.95,140
2026-01-08T18:49:00+00:00,2648.95,2648.97,2648.89,2648.94,672
2026-01-08T18:50:00+00:00,2648.94,2649.17,2648.78,2649.03,399
2026-01-08T18:51:00+00:00,2649.03,2649.24,2648.99,2649.01,232
2026-01-08T18:52:00+00:00,2649.01,2649.07,2648.76,2648.85,475
2026-01-08T18:53:00+00:00,2648.85,2648.91,2648.83,2648.86,425
2026-01-08T18:54:00+00:00,2648.86,2649.07,2648.79,2648.99,225
2026-01-08T18:55:00+00:00,2648.99,2649.02,2648.94,2648.96,94
2026-01-08T18:56:00+00:00,2648.96,2649.00,2648.88,2648.96,52
2026-01-08T18:57:00+00:00,2648.96,2649.16,2648.84,2649.16,273
2026-01-08T18:58:00+00:00,2649.16,2649.24,2648.89,2648.93,507
2026-01-08T18:59:00+00:00,2648.93,2649.01,2648.74,2648.78,453
2026-01-08T19:00:00+00:00,2648.78,2648.80,2648.61,2648.70,529
2026-01-08T19:01:00+00:00,2648.70,2648.75,2648.33,2648.42,389
2026-01-08T19:02:00+00:00,2648.42,2648.66,2648.40,2648.59,599
2026-01-08T19:03:00+00:00,2648.59,2648.61,2648.43,2648.57,195
2026-01-08T19:04:00+00:00,2648.57,2648.60,2648.26,2648.37,561
2026-01-08T19:05:00+00:00,2648.37,2648.38,2647.83,2647.95,205
2026-01-08T19:06:00+00:00,2647.95,2648.12,2647.95,2648.06,61
2026-01-08T19:07:00+00:00,2648.06,2648.08,2647.97,2648.03,222
2026-01-08T19:08:00+00:00,2648.03,2648.04,2647.89,2647.96,527
2026-01-08T19:09:00+00:00,2647.96,2648.12,2647.89,2648.08,419
2026-01-08T19:10:00+00:00,2648.08,2648.32,2648.00,2648.27,295
2026-01-08T19:11:00+00:00,2648.27,2648.47,2648.21,2648.45,35
2026-01-08T19:12:00+00:00,2648.45,2648.45,2648.15,2648.17,212
2026-01-08T19:13:00+00:00,2648.17,2648.26,2648.12,2648.20,250
2026-01-08T19:14:00+00:00,2648.20,2648.25,2648.13,2648.19,96
2026-01-08T19:15:00+00:00,2648.19,2648.26,2648.12,2648.21,363
2026-01-08T19:16:00+00:00,2648.21,2648.42,2648.21,2648.39,385
2026-01-08T19:17:00+00:00,2648.39,2648.74,2648.29,2648.51,474
2026-01-08T19:18:00+00:00,2648.51,2648.72,2648.50,2648.71,145
2026-01-08T19:19:00+00:00,2648.71,2648.75,2648.63,2648.66,2
2026-01-08T19:20:00+00:00,2648.66,2648.73,2648.58,2648.61,90
2026-01-08T19:21:00+00:00,2648.61,2648.71,2648.43,2648.44,10
2026-01-08T19:22:00+00:00,2648.44,2648.52,2648.25,2648.28,102
2026-01-08T19:23:00+00:00,2648.28,2648.40,2648.16,2648.35,112
2026-01-08T19:24:00+00:00,2648.35,2648.36,2648.23,2648.26,59
2026-01-08T19:25:00+00:00,2648.26,2648.46,2648.10,2648.35,127
2026-01-08T19:26:00+00:00,2648.35,2648.43,2648.21,2648.36,115
2026-01-08T19:27:00+00:00,2648.36,2648.52,2648.36,2648.46,195
2026-01-08T19:28:00+00:00,2648.46,2648.48,2648.22,2648.27,168
2026-01-08T19:29:00+00:00,2648.27,2648.41,2648.20,2648.28,369
2026-01-08T19:30:00+00:00,2648.28,2648.42,2648.22,2648.35,208
2026-01-08T19:31:00+00:00,2648.35,2648.39,2648.07,2648.13,566
2026-01-08T19:32:00+00:00,2648.13,2648.16,2647.79,2647.82,153
2026-01-08T19:33:00+00:00,2647.82,2647.84,2647.71,2647.79,5
2026-01-08T19:34:00+00:00,2647.79,2647.84,2647.74,2647.80,262
2026-01-08T19:35:00+00:00,2647.80,2648.17,2647.79,2648.07,454
2026-01-08T19:36:00+00:00,2648.07,2648.09,2648.04,2648.09,221
2026-01-08T19:37:00+00:00,2648.09,2648.09,2648.05,2648.07,101
2026-01-08T19:38:00+00:00,2648.07,2648.12,2647.94,2647.98,90
2026-01-08T19:39:00+00:00,2647.98,2648.06,2647.85,2647.91,147
2026-01-08T19:40:00+00:00,2647.91,2648.04,2647.90,2647.96,234
2026-01-08T19:41:00+00:00,2647.96,2648.05,2647.94,2647.96,32
2026-01-08T19:42:00+00:00,2647.96,2648.06,2647.86,2648.04,754
2026-01-08T19:43:00+00:00,2648.04,2648.10,2648.02,2648.03,284
2026-01-08T19:44:00+00:00,2648.03,2648.14,2647.80,2647.89,160
2026-01-08T19:45:00+00:00,2647.89,2648.06,2647.83,2648.03,94
2026-01-08T19:46:00+00:00,2648.03,2648.08,2647.83,2647.94,126
2026-01-08T19:47:00+00:00,2647.94,2648.14,2647.86,2648.00,15
2026-01-08T19:48:00+00:00,2648.00,2648.06,2647.59,2647.62,74
2026-01-08T19:49:00+00:00,2647.62,2647.75,2647.50,2647.74,167
2026-01-08T19:50:00+00:00,2647.74,2647.79,2647.60,2647.65,69
2026-01-08T19:51:00+00:00,2647.65,2647.84,2647.63,2647.75,102
2026-01-08T19:52:00+00:00,2647.75,2648.02,2647.73,2647.90,248
2026-01-08T19:53:00+00:00,2647.90,2647.93,2647.41,2647.45,22
2026-01-08T19:54:00+00:00,2647.45,2647.50,2647.34,2647.44,247
2026-01-08T19:55:00+00:00,2647.44,2647.50,2647.34,2647.41,521
2026-01-08T19:56:00+00:00,2647.41,2647.42,2647.34,2647.39,96
2026-01-08T19:57:00+00:00,2647.39,2647.49,2647.35,2647.43,332
2026-01-08T19:58:00+00:00,2647.43,2647.45,2647.27,2647.29,99
2026-01-08T19:59:00+00:00,2647.29,2647.42,2647.13,2647.22,472
2026-01-08T20:00:00+00:00,2647.22,2647.31,2647.18,2647.27,358
2026-01-08T20:01:00+00:00,2647.27,2647.29,2647.16,2647.21,50
2026-01-08T20:02:00+00:00,2647.21,2647.30,2647.00,2647.02,152
2026-01-08T20:03:00+00:00,2647.02,2647.10,2647.02,2647.07,279
2026-01-08T20:04:00+00:00,2647.07,2647.12,2646.95,2647.10,192
2026-01-08T20:05:00+00:00,2647.10,2647.13,2647.08,2647.08,291
2026-01-08T20:06:00+00:00,2647.08,2647.14,2646.95,2647.04,94
2026-01-08T20:07:00+00:00,2647.04,2647.14,2646.92,2646.93,261
2026-01-08T20:08:00+00:00,2646.93,2647.02,2646.79,2646.83,331
2026-01-08T20:09:00+00:00,2646.83,2646.94,2646.76,2646.83,308
2026-01-08T20:10:00+00:00,2646.83,2646.84,2646.60,2646.70,270
2026-01-08T20:11:00+00:00,2646.70,2646.71,2646.53,2646.62,562
2026-01-08T20:12:00+00:00,2646.62,2646.67,2646.56,2646.58,462
2026-01-08T20:13:00+00:00,2646.58,2646.84,2646.51,2646.78,634
2026-01-08T20:14:00+00:00,2646.78,2646.81,2646.75,2646.80,240
2026-01-08T20:15:00+00:00,2646.80,2646.84,2646.78,2646.84,202
2026-01-08T20:16:00+00:00,2646.84,2647.02,2646.83,2647.00,174
2026-01-08T20:17:00+00:00,2647.00,2647.19,2646.99,2647.11,616
2026-01-08T20:18:00+00:00,2647.11,2647.14,2646.89,2646.95,74
2026-01-08T20:19:00+00:00,2646.95,2647.00,2646.82,2646.93,477
2026-01-08T20:20:00+00:00,2646.93,2647.04,2646.92,2646.95,3
2026-01-08T20:21:00+00:00,2646.95,2647.00,2646.70,2646.78,97
2026-01-08T20:22:00+00:00,2646.78,2646.89,2646.65,2646.70,229
2026-01-08T20:23:00+00:00,2646.70,2646.77,2646.59,2646.75,123
2026-01-08T20:24:00+00:00,2646.75,2646.77,2646.58,2646.72,607
2026-01-08T20:25:00+00:00,2646.72,2646.85,2646.68,2646.78,57
2026-01-08T20:26:00+00:00,2646.78,2646.99,2646.72,2646.85,86
2026-01-08T20:27:00+00:00,2646.85,2646.94,2646.75,2646.77,408
2026-01-08T20:28:00+00:00,2646.77,2646.89,2646.68,2646.81,133
2026-01-08T20:29:00+00:00,2646.81,2646.95,2646.73,2646.91,297
2026-01-08T20:30:00+00:00,2646.91,2646.91,2646.83,2646.87,300
2026-01-08T20:31:00+00:00,2646.87,2647.19,2646.76,2647.18,102
2026-01-08T20:32:00+00:00,2647.18,2647.27,2647.17,2647.18,223
2026-01-08T20:33:00+00:00,2647.18,2647.40,2647.17,2647.39,223
2026-01-08T20:34:00+00:00,2647.39,2647.50,2647.35,2647.44,129
2026-01-08T20:35:00+00:00,2647.44,2647.49,2647.44,2647.48,19
2026-01-08T20:36:00+00:00,2647.48,2647.61,2647.44,2647.58,240
2026-01-08T20:37:00+00:00,2647.58,2647.61,2647.22,2647.30,146
2026-01-08T20:38:00+00:00,2647.30,2647.41,2647.14,2647.21,171
2026-01-08T20:39:00+00:00,2647.21,2647.38,2647.16,2647.34,120
2026-01-08T20:40:00+00:00,2647.34,2647.35,2647.29,2647.31,479
2026-01-08T20:41:00+00:00,2647.31,2647.44,2647.22,2647.39,468
2026-01-08T20:42:00+00:00,2647.39,2647.48,2647.29,2647.35,429
2026-01-08T20:43:00+00:00,2647.35,2647.36,2647.24,2647.31,285
2026-01-08T20:44:00+00:00,2647.31,2647.36,2647.20,2647.32,118
2026-01-08T20:45:00+00:00,2647.32,2647.33,2647.27,2647.29,209
2026-01-08T20:46:00+00:00,2647.29,2647.40,2647.20,2647.39,133
2026-01-08T20:47:00+00:00,2647.39,2647.41,2647.39,2647.40,421
2026-01-08T20:48:00+00:00,2647.40,2647.48,2647.39,2647.46,129
2026-01-08T20:49:00+00:00,2647.46,2647.81,2647.43,2647.73,345
2026-01-08T20:50:00+00:00,2647.73,2647.81,2647.39,2647.47,30
2026-01-08T20:51:00+00:00,2647.47,2647.71,2647.38,2647.55,166
2026-01-08T20:52:00+00:00,2647.55,2647.72,2647.55,2647.69,241
2026-01-08T20:53:00+00:00,2647.69,2647.76,2647.61,2647.70,434
2026-01-08T20:54:00+00:00,2647.70,2647.94,2647.67,2647.89,396
2026-01-08T20:55:00+00:00,2647.89,2648.12,2647.84,2648.11,132
2026-01-08T20:56:00+00:00,2648.11,2648.12,2648.02,2648.05,448
2026-01-08T20:57:00+00:00,2648.05,2648.13,2647.92,2648.03,417
2026-01-08T20:58:00+00:00,2648.03,2648.08,2647.87,2647.92,470
2026-01-08T20:59:00+00:00,2647.92,2647.93,2647.77,2647.78,154
2026-01-08T21:00:00+00:00,2647.78,2648.04,2647.74,2647.99,23
2026-01-08T21:01:00+00:00,2647.99,2648.09,2647.95,2648.05,73
2026-01-08T21:02:00+00:00,2648.05,2648.19,2648.05,2648.10,365
2026-01-08T21:03:00+00:00,2648.10,2648.13,2648.04,2648.08,222
2026-01-08T21:04:00+00:00,2648.08,2648.21,2647.99,2648.15,437
2026-01-08T21:05:00+00:00,2648.15,2648.22,2648.02,2648.13,55
2026-01-08T21:06:00+00:00,2648.13,2648.15,2648.01,2648.04,611
2026-01-08T21:07:00+00:00,2648.04,2648.15,2647.98,2648.05,190
2026-01-08T21:08:00+00:00,2648.05,2648.15,2647.89,2647.93,87
2026-01-08T21:09:00+00:00,2647.93,2648.11,2647.89,2648.10,45
2026-01-08T21:10:00+00:00,2648.10,2648.20,2648.08,2648.10,180
2026-01-08T21:11:00+00:00,2648.10,2648.13,2647.96,2648.02,278
2026-01-08T21:12:00+00:00,2648.02,2648.07,2647.82,2647.90,264
2026-01-08T21:13:00+00:00,2647.90,2648.04,2647.81,2648.02,6
2026-01-08T21:14:00+00:00,2648.02,2648.15,2647.97,2648.13,175
2026-01-08T21:15:00+00:00,2648.13,2648.23,2648.05,2648.19,104
2026-01-08T21:16:00+00:00,2648.19,2648.23,2648.16,2648.21,118
2026-01-08T21:17:00+00:00,2648.21,2648.25,2647.78,2648.00,279
2026-01-08T21:18:00+00:00,2648.00,2648.17,2647.95,2648.06,467
2026-01-08T21:19:00+00:00,2648.06,2648.07,2648.03,2648.06,217
2026-01-08T21:20:00+00:00,2648.06,2648.09,2647.82,2647.89,423
2026-01-08T21:21:00+00:00,2647.89,2648.13,2647.84,2648.08,106
2026-01-08T21:22:00+00:00,2648.08,2648.23,2648.07,2648.19,122
2026-01-08T21:23:00+00:00,2648.19,2648.32,2648.05,2648.22,230
2026-01-08T21:24:00+00:00,2648.22,2648.32,2648.12,2648.14,212
2026-01-08T21:25:00+00:00,2648.14,2648.24,2648.14,2648.15,26
2026-01-08T21:26:00+00:00,2648.15,2648.25,2648.01,2648.08,292
2026-01-08T21:27:00+00:00,2648.08,2648.13,2648.07,2648.08,178
2026-01-08T21:28:00+00:00,2648.08,2648.13,2647.98,2647.99,260
2026-01-08T21:29:00+00:00,2647.99,2648.11,2647.90,2647.93,58
2026-01-08T21:30:00+00:00,2647.93,2647.97,2647.77,2647.82,79
2026-01-08T21:31:00+00:00,2647.82,2647.83,2647.71,2647.74,3
2026-01-08T21:32:00+00:00,2647.74,2647.85,2647.72,2647.81,51
2026-01-08T21:33:00+00:00,2647.81,2647.85,2647.63,2647.71,122
2026-01-08T21:34:00+00:00,2647.71,2647.76,2647.61,2647.63,180
2026-01-08T21:35:00+00:00,2647.63,2647.81,2647.60,2647.73,322
2026-01-08T21:36:00+00:00,2647.73,2647.83,2647.66,2647.80,91
2026-01-08T21:37:00+00:00,2647.80,2647.94,2647.74,2647.88,130
2026-01-08T21:38:00+00:00,2647.88,2648.03,2647.88,2647.99,159
2026-01-08T21:39:00+00:00,2647.99,2648.02,2647.98,2648.01,276
2026-01-08T21:40:00+00:00,2648.01,2648.03,2647.98,2647.99,89
2026-01-08T21:41:00+00:00,2647.99,2648.22,2647.91,2648.19,104
2026-01-08T21:42:00+00:00,2648.19,2648.20,2648.07,2648.11,4
2026-01-08T21:43:00+00:00,2648.11,2648.20,2647.88,2648.02,132
2026-01-08T21:44:00+00:00,2648.02,2648.05,2647.81,2647.90,211
2026-01-08T21:45:00+00:00,2647.90,2647.97,2647.88,2647.93,75
2026-01-08T21:46:00+00:00,2647.93,2647.96,2647.58,2647.72,126
2026-01-08T21:47:00+00:00,2647.72,2647.79,2647.70,2647.77,142
2026-01-08T21:48:00+00:00,2647.77,2647.99,2647.73,2647.97,32
2026-01-08T21:49:00+00:00,2647.97,2648.08,2647.95,2648.06,2
2026-01-08T21:50:00+00:00,2648.06,2648.22,2647.99,2648.14,103
2026-01-08T21:51:00+00:00,2648.14,2648.28,2648.11,2648.26,16
2026-01-08T21:52:00+00:00,2648.26,2648.35,2648.22,2648.26,305
2026-01-08T21:53:00+00:00,2648.26,2648.38,2648.22,2648.27,271
2026-01-08T21:54:00+00:00,2648.27,2648.29,2648.11,2648.13,258
2026-01-08T21:55:00+00:00,2648.13,2648.25,2648.07,2648.17,93
2026-01-08T21:56:00+00:00,2648.17,2648.18,2647.95,2648.01,22
2026-01-08T21:57:00+00:00,2648.01,2648.07,2647.97,2647.98,147
2026-01-08T21:58:00+00:00,2647.98,2648.14,2647.89,2648.04,83
2026-01-08T21:59:00+00:00,2648.04,2648.09,2647.96,2647.98,34
2026-01-08T22:00:00+00:00,2647.98,2648.17,2647.95,2648.10,137
2026-01-08T22:01:00+00:00,2648.10,2648.13,2647.94,2647.96,230
2026-01-08T22:02:00+00:00,2647.96,2647.97,2647.74,2647.74,244
2026-01-08T22:03:00+00:00,2647.74,2647.87,2647.74,2647.85,552
2026-01-08T22:04:00+00:00,2647.85,2647.96,2647.79,2647.93,104
2026-01-08T22:05:00+00:00,2647.93,2648.15,2647.92,2648.14,195
2026-01-08T22:06:00+00:00,2648.14,2648.22,2648.13,2648.20,312
2026-01-08T22:07:00+00:00,2648.20,2648.34,2648.20,2648.24,380
2026-01-08T22:08:00+00:00,2648.24,2648.35,2648.09,2648.14,577
2026-01-08T22:09:00+00:00,2648.14,2648.26,2648.08,2648.16,832
2026-01-08T22:10:00+00:00,2648.16,2648.26,2648.13,2648.18,1
2026-01-08T22:11:00+00:00,2648.18,2648.20,2648.16,2648.17,54
2026-01-08T22:12:00+00:00,2648.17,2648.24,2647.99,2648.01,637
2026-01-08T22:13:00+00:00,2648.01,2648.03,2647.94,2647.95,60
2026-01-08T22:14:00+00:00,2647.95,2647.98,2647.76,2647.84,4
2026-01-08T22:15:00+00:00,2647.84,2647.90,2647.81,2647.89,35
2026-01-08T22:16:00+00:00,2647.89,2647.94,2647.76,2647.81,111
2026-01-08T22:17:00+00:00,2647.81,2647.86,2647.75,2647.80,227
2026-01-08T22:18:00+00:00,2647.80,2648.09,2647.79,2647.96,208
2026-01-08T22:19:00+00:00,2647.96,2648.11,2647.93,2648.10,164
2026-01-08T22:20:00+00:00,2648.10,2648.15,2647.99,2648.03,322
2026-01-08T22:21:00+00:00,2648.03,2648.10,2647.82,2647.86,323
2026-01-08T22:22:00+00:00,2647.86,2648.08,2647.83,2648.06,430
2026-01-08T22:23:00+00:00,2648.06,2648.11,2647.81,2647.88,168
2026-01-08T22:24:00+00:00,2647.88,2648.02,2647.83,2647.98,28
2026-01-08T22:25:00+00:00,2647.98,2648.11,2647.91,2648.01,385
2026-01-08T22:26:00+00:00,2648.01,2648.02,2647.73,2647.77,116
2026-01-08T22:27:00+00:00,2647.77,2647.78,2647.63,2647.64,44
2026-01-08T22:28:00+00:00,2647.64,2647.65,2647.53,2647.56,50
2026-01-08T22:29:00+00:00,2647.56,2647.58,2647.47,2647.53,223
2026-01-08T22:30:00+00:00,2647.53,2647.53,2647.34,2647.35,440
2026-01-08T22:31:00+00:00,2647.35,2647.35,2647.27,2647.29,354
2026-01-08T22:32:00+00:00,2647.29,2647.42,2647.24,2647.36,249
2026-01-08T22:33:00+00:00,2647.36,2647.45,2647.30,2647.34,16
2026-01-08T22:34:00+00:00,2647.34,2647.45,2647.32,2647.32,41
2026-01-08T22:35:00+00:00,2647.32,2647.39,2647.22,2647.26,199
2026-01-08T22:36:00+00:00,2647.26,2647.29,2647.18,2647.21,434
2026-01-08T22:37:00+00:00,2647.21,2647.26,2647.18,2647.21,191
2026-01-08T22:38:00+00:00,2647.21,2647.29,2646.99,2647.04,94
2026-01-08T22:39:00+00:00,2647.04,2647.19,2646.97,2647.13,425
2026-01-08T22:40:00+00:00,2647.13,2647.29,2647.11,2647.20,432
2026-01-08T22:41:00+00:00,2647.20,2647.21,2647.18,2647.20,182
2026-01-08T22:42:00+00:00,2647.20,2647.23,2647.07,2647.07,24
2026-01-08T22:43:00+00:00,2647.07,2647.24,2647.05,2647.21,61
2026-01-08T22:44:00+00:00,2647.21,2647.22,2647.13,2647.16,196
2026-01-08T22:45:00+00:00,2647.16,2647.19,2646.95,2647.00,89
2026-01-08T22:46:00+00:00,2647.00,2647.07,2646.95,2647.03,79
2026-01-08T22:47:00+00:00,2647.03,2647.14,2646.77,2646.84,167
2026-01-08T22:48:00+00:00,2646.84,2646.96,2646.77,2646.83,591
2026-01-08T22:49:00+00:00,2646.83,2646.84,2646.63,2646.77,51
2026-01-08T22:50:00+00:00,2646.77,2647.03,2646.77,2646.99,265
2026-01-08T22:51:00+00:00,2646.99,2646.99,2646.87,2646.87,129
2026-01-08T22:52:00+00:00,2646.87,2647.10,2646.84,2647.02,74
2026-01-08T22:53:00+00:00,2647.02,2647.12,2646.98,2647.06,377
2026-01-08T22:54:00+00:00,2647.06,2647.14,2647.01,2647.05,71
2026-01-08T22:55:00+00:00,2647.05,2647.05,2646.99,2647.02,168
2026-01-08T22:56:00+00:00,2647.02,2647.06,2646.93,2646.95,342
2026-01-08T22:57:00+00:00,2646.95,2647.06,2646.92,2647.06,260
2026-01-08T22:58:00+00:00,2647.06,2647.07,2646.88,2646.91,395
2026-01-08T22:59:00+00:00,2646.91,2646.94,2646.85,2646.93,473
2026-01-08T23:00:00+00:00,2646.93,2647.07,2646.89,2647.01,65
2026-01-08T23:01:00+00:00,2647.01,2647.02,2646.98,2647.00,122
2026-01-08T23:02:00+00:00,2647.00,2647.04,2646.93,2647.00,489
2026-01-08T23:03:00+00:00,2647.00,2647.04,2646.94,2647.01,359
2026-01-08T23:04:00+00:00,2647.01,2647.28,2647.01,2647.26,163
2026-01-08T23:05:00+00:00,2647.26,2647.33,2647.23,2647.31,251
2026-01-08T23:06:00+00:00,2647.31,2647.42,2647.29,2647.35,317
2026-01-08T23:07:00+00:00,2647.35,2647.40,2647.33,2647.35,14
2026-01-08T23:08:00+00:00,2647.35,2647.41,2647.32,2647.41,73
2026-01-08T23:09:00+00:00,2647.41,2647.46,2647.29,2647.31,71
2026-01-08T23:10:00+00:00,2647.31,2647.38,2647.31,2647.37,68
2026-01-08T23:11:00+00:00,2647.37,2647.40,2647.24,2647.37,31
2026-01-08T23:12:00+00:00,2647.37,2647.53,2647.30,2647.46,57
2026-01-08T23:13:00+00:00,2647.46,2647.49,2647.37,2647.44,249
2026-01-08T23:14:00+00:00,2647.44,2647.63,2647.35,2647.51,203
2026-01-08T23:15:00+00:00,2647.51,2647.53,2647.38,2647.39,111
2026-01-08T23:16:00+00:00,2647.39,2647.48,2647.34,2647.45,164
2026-01-08T23:17:00+00:00,2647.45,2647.52,2647.40,2647.48,156
2026-01-08T23:18:00+00:00,2647.48,2647.54,2647.34,2647.43,3
2026-01-08T23:19:00+00:00,2647.43,2647.43,2647.39,2647.39,114
2026-01-08T23:20:00+00:00,2647.39,2647.45,2647.32,2647.37,220
2026-01-08T23:21:00+00:00,2647.37,2647.43,2647.16,2647.22,296
2026-01-08T23:22:00+00:00,2647.22,2647.27,2647.13,2647.15,315
2026-01-08T23:23:00+00:00,2647.15,2647.22,2646.95,2647.01,35
2026-01-08T23:24:00+00:00,2647.01,2647.10,2646.96,2647.09,23
2026-01-08T23:25:00+00:00,2647.09,2647.26,2647.04,2647.26,131
2026-01-08T23:26:00+00:00,2647.26,2647.26,2647.15,2647.21,65
2026-01-08T23:27:00+00:00,2647.21,2647.24,2647.07,2647.08,75
2026-01-08T23:28:00+00:00,2647.08,2647.17,2647.02,2647.14,230
2026-01-08T23:29:00+00:00,2647.14,2647.23,2647.12,2647.17,53
2026-01-08T23:30:00+00:00,2647.17,2647.23,2646.95,2646.99,330
2026-01-08T23:31:00+00:00,2646.99,2647.28,2646.92,2647.27,53
2026-01-08T23:32:00+00:00,2647.27,2647.29,2647.16,2647.19,325
2026-01-08T23:33:00+00:00,2647.19,2647.25,2647.17,2647.22,29
2026-01-08T23:34:00+00:00,2647.22,2647.39,2647.15,2647.35,254
2026-01-08T23:35:00+00:00,2647.35,2647.37,2647.29,2647.31,325
2026-01-08T23:36:00+00:00,2647.31,2647.34,2647.25,2647.26,93
2026-01-08T23:37:00+00:00,2647.26,2647.27,2647.09,2647.13,496
2026-01-08T23:38:00+00:00,2647.13,2647.15,2647.06,2647.10,168
2026-01-08T23:39:00+00:00,2647.10,2647.20,2646.98,2647.13,132
2026-01-08T23:40:00+00:00,2647.13,2647.32,2647.12,2647.28,49
2026-01-08T23:41:00+00:00,2647.28,2647.30,2647.26,2647.30,48
2026-01-08T23:42:00+00:00,2647.30,2647.30,2647.01,2647.05,5
2026-01-08T23:43:00+00:00,2647.05,2647.12,2647.02,2647.02,377
2026-01-08T23:44:00+00:00,2647.02,2647.08,2646.74,2646.80,173
2026-01-08T23:45:00+00:00,2646.80,2646.95,2646.74,2646.87,91
2026-01-08T23:46:00+00:00,2646.87,2647.12,2646.85,2647.02,424
2026-01-08T23:47:00+00:00,2647.02,2647.13,2647.01,2647.11,302
2026-01-08T23:48:00+00:00,2647.11,2647.19,2647.04,2647.11,68
2026-01-08T23:49:00+00:00,2647.11,2647.23,2647.06,2647.22,242
2026-01-08T23:50:00+00:00,2647.22,2647.25,2647.16,2647.23,53
2026-01-08T23:51:00+00:00,2647.23,2647.28,2647.17,2647.18,372
2026-01-08T23:52:00+00:00,2647.18,2647.37,2647.07,2647.30,304
2026-01-08T23:53:00+00:00,2647.30,2647.31,2647.16,2647.18,253
2026-01-08T23:54:00+00:00,2647.18,2647.25,2647.10,2647.13,41
2026-01-08T23:55:00+00:00,2647.13,2647.20,2647.12,2647.20,53
2026-01-08T23:56:00+00:00,2647.20,2647.26,2647.16,2647.17,453
2026-01-08T23:57:00+00:00,2647.17,2647.33,2647.13,2647.28,280
2026-01-08T23:58:00+00:00,2647.28,2647.31,2647.24,2647.30,193
2026-01-08T23:59:00+00:00,2647.30,2647.32,2647.26,2647.28,44
2026-01-09T00:00:00+00:00,2647.28,2647.31,2647.24,2647.24,65
2026-01-09T00:01:00+00:00,2647.24,2647.28,2647.20,2647.25,129
2026-01-09T00:02:00+00:00,2647.25,2647.40,2647.25,2647.34,356
2026-01-09T00:03:00+00:00,2647.34,2647.53,2647.30,2647.50,307
2026-01-09T00:04:00+00:00,2647.50,2647.58,2647.23,2647.25,50
2026-01-09T00:05:00+00:00,2647.25,2647.38,2647.20,2647.31,28
2026-01-09T00:06:00+00:00,2647.31,2647.36,2647.27,2647.35,205
2026-01-09T00:07:00+00:00,2647.35,2647.41,2647.27,2647.28,225
2026-01-09T00:08:00+00:00,2647.28,2647.37,2647.25,2647.36,89
2026-01-09T00:09:00+00:00,2647.36,2647.41,2647.31,2647.37,173
2026-01-09T00:10:00+00:00,2647.37,2647.43,2647.13,2647.18,372
2026-01-09T00:11:00+00:00,2647.18,2647.20,2647.01,2647.05,338
2026-01-09T00:12:00+00:00,2647.05,2647.27,2646.92,2647.26,119
2026-01-09T00:13:00+00:00,2647.26,2647.34,2647.13,2647.18,281
2026-01-09T00:14:00+00:00,2647.18,2647.18,2647.04,2647.05,130
2026-01-09T00:15:00+00:00,2647.05,2647.08,2646.96,2647.01,240
2026-01-09T00:16:00+00:00,2647.01,2647.16,2646.96,2647.10,142
2026-01-09T00:17:00+00:00,2647.10,2647.18,2646.93,2647.00,363
2026-01-09T00:18:00+00:00,2647.00,2647.15,2646.92,2647.09,49
2026-01-09T00:19:00+00:00,2647.09,2647.12,2646.90,2646.97,161
2026-01-09T00:20:00+00:00,2646.97,2647.01,2646.74,2646.82,341
2026-01-09T00:21:00+00:00,2646.82,2646.84,2646.67,2646.72,15
2026-01-09T00:22:00+00:00,2646.72,2646.83,2646.66,2646.78,108
2026-01-09T00:23:00+00:00,2646.78,2646.93,2646.78,2646.91,260
2026-01-09T00:24:00+00:00,2646.91,2647.03,2646.89,2646.96,94
2026-01-09T00:25:00+00:00,2646.96,2647.25,2646.91,2647.13,210
2026-01-09T00:26:00+00:00,2647.13,2647.17,2647.13,2647.16,9
2026-01-09T00:27:00+00:00,2647.16,2647.24,2647.16,2647.22,23
2026-01-09T00:28:00+00:00,2647.22,2647.23,2646.97,2646.98,148
2026-01-09T00:29:00+00:00,2646.98,2647.01,2646.85,2646.86,11
2026-01-09T00:30:00+00:00,2646.86,2646.89,2646.75,2646.78,54
2026-01-09T00:31:00+00:00,2646.78,2646.86,2646.75,2646.78,42
2026-01-09T00:32:00+00:00,2646.78,2646.83,2646.71,2646.73,172
2026-01-09T00:33:00+00:00,2646.73,2646.79,2646.70,2646.79,22
2026-01-09T00:34:00+00:00,2646.79,2646.82,2646.71,2646.78,193
2026-01-09T00:35:00+00:00,2646.78,2646.86,2646.76,2646.80,55
2026-01-09T00:36:00+00:00,2646.80,2646.84,2646.63,2646.67,57
2026-01-09T00:37:00+00:00,2646.67,2646.72,2646.64,2646.69,189
2026-01-09T00:38:00+00:00,2646.69,2646.79,2646.62,2646.75,523
2026-01-09T00:39:00+00:00,2646.75,2646.91,2646.74,2646.89,337
2026-01-09T00:40:00+00:00,2646.89,2647.03,2646.84,2647.03,21
2026-01-09T00:41:00+00:00,2647.03,2647.19,2646.99,2647.10,185
2026-01-09T00:42:00+00:00,2647.10,2647.28,2647.08,2647.23,349
2026-01-09T00:43:00+00:00,2647.23,2647.33,2647.22,2647.31,133
2026-01-09T00:44:00+00:00,2647.31,2647.31,2647.25,2647.27,293
2026-01-09T00:45:00+00:00,2647.27,2647.43,2647.26,2647.26,56
2026-01-09T00:46:00+00:00,2647.26,2647.35,2647.23,2647.35,108
2026-01-09T00:47:00+00:00,2647.35,2647.45,2647.23,2647.43,213
2026-01-09T00:48:00+00:00,2647.43,2647.55,2647.41,2647.53,71
2026-01-09T00:49:00+00:00,2647.53,2647.54,2647.27,2647.32,82
2026-01-09T00:50:00+00:00,2647.32,2647.39,2647.27,2647.37,227
2026-01-09T00:51:00+00:00,2647.37,2647.42,2647.36,2647.39,114
2026-01-09T00:52:00+00:00,2647.39,2647.48,2647.03,2647.15,218
2026-01-09T00:53:00+00:00,2647.15,2647.19,2647.04,2647.06,122
2026-01-09T00:54:00+00:00,2647.06,2647.10,2646.88,2646.93,43
2026-01-09T00:55:00+00:00,2646.93,2646.96,2646.85,2646.94,33
2026-01-09T00:56:00+00:00,2646.94,2646.98,2646.83,2646.85,116
2026-01-09T00:57:00+00:00,2646.85,2646.86,2646.71,2646.79,8
2026-01-09T00:58:00+00:00,2646.79,2646.90,2646.72,2646.72,340
2026-01-09T00:59:00+00:00,2646.72,2646.83,2646.62,2646.73,296
2026-01-09T01:00:00+00:00,2646.73,2646.82,2646.68,2646.71,266
2026-01-09T01:01:00+00:00,2646.71,2647.07,2646.70,2647.05,68
2026-01-09T01:02:00+00:00,2647.05,2647.11,2647.04,2647.10,81
2026-01-09T01:03:00+00:00,2647.10,2647.13,2647.07,2647.09,140
2026-01-09T01:04:00+00:00,2647.09,2647.27,2647.07,2647.24,262
2026-01-09T01:05:00+00:00,2647.24,2647.27,2647.08,2647.13,318
2026-01-09T01:06:00+00:00,2647.13,2647.42,2647.01,2647.33,133
2026-01-09T01:07:00+00:00,2647.33,2647.38,2647.30,2647.34,409
2026-01-09T01:08:00+00:00,2647.34,2647.52,2647.26,2647.48,237
2026-01-09T01:09:00+00:00,2647.48,2647.51,2647.46,2647.47,222
2026-01-09T01:10:00+00:00,2647.47,2647.50,2647.44,2647.49,270
2026-01-09T01:11:00+00:00,2647.49,2647.50,2647.48,2647.50,216
2026-01-09T01:12:00+00:00,2647.50,2647.50,2647.48,2647.48,242
2026-01-09T01:13:00+00:00,2647.48,2647.58,2647.38,2647.52,204
2026-01-09T01:14:00+00:00,2647.52,2647.73,2647.43,2647.71,289
2026-01-09T01:15:00+00:00,2647.71,2647.83,2647.67,2647.75,252
2026-01-09T01:16:00+00:00,2647.75,2647.81,2647.48,2647.59,23
2026-01-09T01:17:00+00:00,2647.59,2647.62,2647.46,2647.48,20
2026-01-09T01:18:00+00:00,2647.48,2647.52,2647.40,2647.44,211
2026-01-09T01:19:00+00:00,2647.44,2647.47,2647.22,2647.31,111
2026-01-09T01:20:00+00:00,2647.31,2647.50,2647.30,2647.42,283
2026-01-09T01:21:00+00:00,2647.42,2647.53,2647.40,2647.51,77
2026-01-09T01:22:00+00:00,2647.51,2647.57,2647.40,2647.56,312
2026-01-09T01:23:00+00:00,2647.56,2647.73,2647.54,2647.60,246
2026-01-09T01:24:00+00:00,2647.60,2647.72,2647.57,2647.66,401
2026-01-09T01:25:00+00:00,2647.66,2647.84,2647.65,2647.81,137
2026-01-09T01:26:00+00:00,2647.81,2647.96,2647.66,2647.79,138
2026-01-09T01:27:00+00:00,2647.79,2647.86,2647.79,2647.80,135
2026-01-09T01:28:00+00:00,2647.80,2648.05,2647.78,2647.97,366
2026-01-09T01:29:00+00:00,2647.97,2648.10,2647.95,2648.04,18
2026-01-09T01:30:00+00:00,2648.04,2648.08,2647.84,2647.94,226
2026-01-09T01:31:00+00:00,2647.94,2647.95,2647.82,2647.89,106
2026-01-09T01:32:00+00:00,2647.89,2647.99,2647.85,2647.87,47
2026-01-09T01:33:00+00:00,2647.87,2648.11,2647.85,2648.07,392
2026-01-09T01:34:00+00:00,2648.07,2648.29,2647.96,2648.29,211
2026-01-09T01:35:00+00:00,2648.29,2648.33,2648.12,2648.14,202
2026-01-09T01:36:00+00:00,2648.14,2648.27,2648.14,2648.23,268
2026-01-09T01:37:00+00:00,2648.23,2648.26,2648.14,2648.17,113
2026-01-09T01:38:00+00:00,2648.17,2648.25,2648.09,2648.09,1
2026-01-09T01:39:00+00:00,2648.09,2648.14,2648.06,2648.11,76
2026-01-09T01:40:00+00:00,2648.11,2648.12,2647.97,2648.00,180
2026-01-09T01:41:00+00:00,2648.00,2648.02,2647.93,2647.94,144
2026-01-09T01:42:00+00:00,2647.94,2647.99,2647.87,2647.97,137
2026-01-09T01:43:00+00:00,2647.97,2648.06,2647.92,2647.98,79
2026-01-09T01:44:00+00:00,2647.98,2648.14,2647.95,2648.11,120
2026-01-09T01:45:00+00:00,2648.11,2648.14,2647.95,2648.07,204
2026-01-09T01:46:00+00:00,2648.07,2648.09,2647.96,2648.04,138
2026-01-09T01:47:00+00:00,2648.04,2648.30,2648.00,2648.16,9
2026-01-09T01:48:00+00:00,2648.16,2648.39,2648.14,2648.27,88
2026-01-09T01:49:00+00:00,2648.27,2648.38,2648.24,2648.38,27
2026-01-09T01:50:00+00:00,2648.38,2648.39,2648.22,2648.26,32
2026-01-09T01:51:00+00:00,2648.26,2648.43,2648.24,2648.39,420
2026-01-09T01:52:00+00:00,2648.39,2648.60,2648.35,2648.56,332
2026-01-09T01:53:00+00:00,2648.56,2648.60,2648.51,2648.57,244
2026-01-09T01:54:00+00:00,2648.57,2648.60,2648.45,2648.48,178
2026-01-09T01:55:00+00:00,2648.48,2648.58,2648.47,2648.57,68
2026-01-09T01:56:00+00:00,2648.57,2648.65,2648.54,2648.58,162
2026-01-09T01:57:00+00:00,2648.58,2648.70,2648.45,2648.51,1
2026-01-09T01:58:00+00:00,2648.51,2648.60,2648.45,2648.52,276
2026-01-09T01:59:00+00:00,2648.52,2648.70,2648.47,2648.59,336
2026-01-09T02:00:00+00:00,2648.59,2648.61,2648.36,2648.42,31
2026-01-09T02:01:00+00:00,2648.42,2648.47,2648.32,2648.32,206
2026-01-09T02:02:00+00:00,2648.32,2648.34,2648.21,2648.23,426
2026-01-09T02:03:00+00:00,2648.23,2648.28,2648.21,2648.24,290
2026-01-09T02:04:00+00:00,2648.24,2648.36,2648.02,2648.05,126
2026-01-09T02:05:00+00:00,2648.05,2648.07,2647.95,2647.99,62
2026-01-09T02:06:00+00:00,2647.99,2648.16,2647.94,2648.14,300
2026-01-09T02:07:00+00:00,2648.14,2648.15,2648.01,2648.05,201
2026-01-09T02:08:00+00:00,2648.05,2648.08,2647.92,2647.96,125
2026-01-09T02:09:00+00:00,2647.96,2648.05,2647.96,2648.03,17
2026-01-09T02:10:00+00:00,2648.03,2648.14,2647.98,2648.04,43
2026-01-09T02:11:00+00:00,2648.04,2648.07,2647.93,2647.99,378
2026-01-09T02:12:00+00:00,2647.99,2648.21,2647.92,2648.07,353
2026-01-09T02:13:00+00:00,2648.07,2648.25,2648.02,2648.11,393
2026-01-09T02:14:00+00:00,2648.11,2648.44,2648.06,2648.39,161
2026-01-09T02:15:00+00:00,2648.39,2648.46,2648.27,2648.34,170
2026-01-09T02:16:00+00:00,2648.34,2648.58,2648.31,2648.55,397
2026-01-09T02:17:00+00:00,2648.55,2648.59,2648.47,2648.51,95
2026-01-09T02:18:00+00:00,2648.51,2648.79,2648.44,2648.73,210
2026-01-09T02:19:00+00:00,2648.73,2648.92,2648.71,2648.85,174
2026-01-09T02:20:00+00:00,2648.85,2648.89,2648.80,2648.83,88
2026-01-09T02:21:00+00:00,2648.83,2649.10,2648.76,2649.06,9
2026-01-09T02:22:00+00:00,2649.06,2649.18,2649.00,2649.13,47
2026-01-09T02:23:00+00:00,2649.13,2649.32,2649.11,2649.26,1
2026-01-09T02:24:00+00:00,2649.26,2649.39,2649.17,2649.35,411
2026-01-09T02:25:00+00:00,2649.35,2649.61,2649.33,2649.54,360
2026-01-09T02:26:00+00:00,2649.54,2649.85,2649.53,2649.83,10
2026-01-09T02:27:00+00:00,2649.83,2650.00,2649.77,2649.98,73
2026-01-09T02:28:00+00:00,2649.98,2650.05,2649.96,2650.02,628
2026-01-09T02:29:00+00:00,2650.02,2650.20,2649.98,2650.15,175
2026-01-09T02:30:00+00:00,2650.15,2650.24,2649.87,2649.88,77
2026-01-09T02:31:00+00:00,2649.88,2649.98,2649.84,2649.87,196
2026-01-09T02:32:00+00:00,2649.87,2649.89,2649.81,2649.82,74
2026-01-09T02:33:00+00:00,2649.82,2649.97,2649.77,2649.92,74
2026-01-09T02:34:00+00:00,2649.92,2649.93,2649.82,2649.84,348
2026-01-09T02:35:00+00:00,2649.84,2649.86,2649.80,2649.83,134
2026-01-09T02:36:00+00:00,2649.83,2649.89,2649.78,2649.80,333
2026-01-09T02:37:00+00:00,2649.80,2649.88,2649.68,2649.71,261
2026-01-09T02:38:00+00:00,2649.71,2649.75,2649.71,2649.74,388
2026-01-09T02:39:00+00:00,2649.74,2649.76,2649.60,2649.69,329
2026-01-09T02:40:00+00:00,2649.69,2649.82,2649.58,2649.76,327
2026-01-09T02:41:00+00:00,2649.76,2649.83,2649.50,2649.52,170
2026-01-09T02:42:00+00:00,2649.52,2649.71,2649.49,2649.67,470
2026-01-09T02:43:00+00:00,2649.67,2649.71,2649.51,2649.60,108
2026-01-09T02:44:00+00:00,2649.60,2649.66,2649.47,2649.52,12
2026-01-09T02:45:00+00:00,2649.52,2649.58,2649.49,2649.51,24
2026-01-09T02:46:00+00:00,2649.51,2649.65,2649.51,2649.59,1
2026-01-09T02:47:00+00:00,2649.59,2649.60,2649.46,2649.52,71
2026-01-09T02:48:00+00:00,2649.52,2649.55,2649.40,2649.44,381
2026-01-09T02:49:00+00:00,2649.44,2649.59,2649.42,2649.52,80
2026-01-09T02:50:00+00:00,2649.52,2649.73,2649.49,2649.69,137
2026-01-09T02:51:00+00:00,2649.69,2649.80,2649.67,2649.68,292
2026-01-09T02:52:00+00:00,2649.68,2649.82,2649.62,2649.70,36
2026-01-09T02:53:00+00:00,2649.70,2649.72,2649.69,2649.71,486
2026-01-09T02:54:00+00:00,2649.71,2649.78,2649.64,2649.72,84
2026-01-09T02:55:00+00:00,2649.72,2649.77,2649.67,2649.71,1
2026-01-09T02:56:00+00:00,2649.71,2649.73,2649.58,2649.62,493
2026-01-09T02:57:00+00:00,2649.62,2649.79,2649.59,2649.76,250
2026-01-09T02:58:00+00:00,2649.76,2649.86,2649.50,2649.60,17
2026-01-09T02:59:00+00:00,2649.60,2649.63,2649.36,2649.40,584
2026-01-09T03:00:00+00:00,2649.40,2649.45,2649.35,2649.42,231
2026-01-09T03:01:00+00:00,2649.42,2649.51,2649.42,2649.50,582
2026-01-09T03:02:00+00:00,2649.50,2649.52,2649.34,2649.38,34
2026-01-09T03:03:00+00:00,2649.38,2649.39,2649.33,2649.36,101
2026-01-09T03:04:00+00:00,2649.36,2649.47,2649.32,2649.42,64
2026-01-09T03:05:00+00:00,2649.42,2649.52,2649.33,2649.45,492
2026-01-09T03:06:00+00:00,2649.45,2649.50,2649.31,2649.36,6
2026-01-09T03:07:00+00:00,2649.36,2649.43,2649.16,2649.27,94
2026-01-09T03:08:00+00:00,2649.27,2649.45,2649.22,2649.41,356
2026-01-09T03:09:00+00:00,2649.41,2649.49,2649.38,2649.49,30
2026-01-09T03:10:00+00:00,2649.49,2649.51,2649.45,2649.49,213
2026-01-09T03:11:00+00:00,2649.49,2649.49,2649.38,2649.40,166
2026-01-09T03:12:00+00:00,2649.40,2649.51,2649.38,2649.45,218
2026-01-09T03:13:00+00:00,2649.45,2649.55,2649.35,2649.38,441
2026-01-09T03:14:00+00:00,2649.38,2649.54,2649.31,2649.50,204
2026-01-09T03:15:00+00:00,2649.50,2649.58,2649.43,2649.53,77
2026-01-09T03:16:00+00:00,2649.53,2649.64,2649.43,2649.60,343
2026-01-09T03:17:00+00:00,2649.60,2649.68,2649.37,2649.43,52
2026-01-09T03:18:00+00:00,2649.43,2649.56,2649.29,2649.48,188
2026-01-09T03:19:00+00:00,2649.48,2649.65,2649.46,2649.63,226
2026-01-09T03:20:00+00:00,2649.63,2649.76,2649.61,2649.63,472
2026-01-09T03:21:00+00:00,2649.63,2649.69,2649.62,2649.68,72
2026-01-09T03:22:00+00:00,2649.68,2649.77,2649.64,2649.73,46
2026-01-09T03:23:00+00:00,2649.73,2649.74,2649.68,2649.72,68
2026-01-09T03:24:00+00:00,2649.72,2649.73,2649.69,2649.71,685
2026-01-09T03:25:00+00:00,2649.71,2649.83,2649.67,2649.78,32
2026-01-09T03:26:00+00:00,2649.78,2649.81,2649.60,2649.61,136
2026-01-09T03:27:00+00:00,2649.61,2649.78,2649.60,2649.76,20
2026-01-09T03:28:00+00:00,2649.76,2649.76,2649.66,2649.76,319
2026-01-09T03:29:00+00:00,2649.76,2650.06,2649.75,2650.00,174
2026-01-09T03:30:00+00:00,2650.00,2650.13,2649.91,2650.06,19
2026-01-09T03:31:00+00:00,2650.06,2650.07,2649.85,2649.95,35
2026-01-09T03:32:00+00:00,2649.95,2649.96,2649.74,2649.79,353
2026-01-09T03:33:00+00:00,2649.79,2649.81,2649.45,2649.45,96
2026-01-09T03:34:00+00:00,2649.45,2649.52,2649.32,2649.39,279
2026-01-09T03:35:00+00:00,2649.39,2649.58,2649.32,2649.54,134
2026-01-09T03:36:00+00:00,2649.54,2649.61,2649.46,2649.50,50
2026-01-09T03:37:00+00:00,2649.50,2649.59,2649.49,2649.54,112
2026-01-09T03:38:00+00:00,2649.54,2649.55,2649.44,2649.45,65
2026-01-09T03:39:00+00:00,2649.45,2649.71,2649.45,2649.67,550
2026-01-09T03:40:00+00:00,2649.67,2649.70,2649.57,2649.68,157
2026-01-09T03:41:00+00:00,2649.68,2649.69,2649.57,2649.67,252
2026-01-09T03:42:00+00:00,2649.67,2649.77,2649.56,2649.62,56
2026-01-09T03:43:00+00:00,2649.62,2649.62,2649.48,2649.52,326
2026-01-09T03:44:00+00:00,2649.52,2649.54,2649.36,2649.38,187
2026-01-09T03:45:00+00:00,2649.38,2649.48,2649.28,2649.33,130
2026-01-09T03:46:00+00:00,2649.33,2649.35,2649.16,2649.30,86
2026-01-09T03:47:00+00:00,2649.30,2649.42,2649.30,2649.36,60
2026-01-09T03:48:00+00:00,2649.36,2649.42,2649.07,2649.15,119
2026-01-09T03:49:00+00:00,2649.15,2649.37,2649.12,2649.33,580
2026-01-09T03:50:00+00:00,2649.33,2649.39,2649.31,2649.38,30
2026-01-09T03:51:00+00:00,2649.38,2649.63,2649.36,2649.62,137
2026-01-09T03:52:00+00:00,2649.62,2649.67,2649.51,2649.55,17
2026-01-09T03:53:00+00:00,2649.55,2649.58,2649.37,2649.39,742
2026-01-09T03:54:00+00:00,2649.39,2649.41,2649.29,2649.30,72
2026-01-09T03:55:00+00:00,2649.30,2649.33,2649.21,2649.27,9
2026-01-09T03:56:00+00:00,2649.27,2649.49,2649.27,2649.47,75
2026-01-09T03:57:00+00:00,2649.47,2649.66,2649.37,2649.63,173
2026-01-09T03:58:00+00:00,2649.63,2649.71,2649.57,2649.66,256
2026-01-09T03:59:00+00:00,2649.66,2649.69,2649.52,2649.62,38
2026-01-09T04:00:00+00:00,2649.62,2649.69,2649.59,2649.66,274
2026-01-09T04:01:00+00:00,2649.66,2649.75,2649.63,2649.69,132
2026-01-09T04:02:00+00:00,2649.69,2649.89,2649.67,2649.86,486
2026-01-09T04:03:00+00:00,2649.86,2649.90,2649.82,2649.86,63
2026-01-09T04:04:00+00:00,2649.86,2649.87,2649.73,2649.78,64
2026-01-09T04:05:00+00:00,2649.78,2649.96,2649.73,2649.94,220
2026-01-09T04:06:00+00:00,2649.94,2650.06,2649.91,2649.93,106
2026-01-09T04:07:00+00:00,2649.93,2649.97,2649.79,2649.94,180
2026-01-09T04:08:00+00:00,2649.94,2650.22,2649.88,2650.13,176
2026-01-09T04:09:00+00:00,2650.13,2650.17,2650.02,2650.05,170
2026-01-09T04:10:00+00:00,2650.05,2650.08,2650.00,2650.05,43
2026-01-09T04:11:00+00:00,2650.05,2650.18,2650.03,2650.12,108
2026-01-09T04:12:00+00:00,2650.12,2650.15,2650.03,2650.07,738
2026-01-09T04:13:00+00:00,2650.07,2650.17,2649.85,2649.95,133
2026-01-09T04:14:00+00:00,2649.95,2650.03,2649.92,2650.01,696
2026-01-09T04:15:00+00:00,2650.01,2650.14,2649.93,2649.98,158
2026-01-09T04:16:00+00:00,2649.98,2650.11,2649.97,2650.09,168
2026-01-09T04:17:00+00:00,2650.09,2650.17,2650.01,2650.14,162
2026-01-09T04:18:00+00:00,2650.14,2650.15,2650.02,2650.04,8
2026-01-09T04:19:00+00:00,2650.04,2650.12,2650.00,2650.08,204
2026-01-09T04:20:00+00:00,2650.08,2650.12,2649.82,2649.83,85
2026-01-09T04:21:00+00:00,2649.83,2649.92,2649.69,2649.76,36
2026-01-09T04:22:00+00:00,2649.76,2649.77,2649.73,2649.75,17
2026-01-09T04:23:00+00:00,2649.75,2649.76,2649.70,2649.70,34
2026-01-09T04:24:00+00:00,2649.70,2649.73,2649.52,2649.59,484
2026-01-09T04:25:00+00:00,2649.59,2649.64,2649.53,2649.57,113
2026-01-09T04:26:00+00:00,2649.57,2649.66,2649.56,2649.66,557
2026-01-09T04:27:00+00:00,2649.66,2649.69,2649.34,2649.48,118
2026-01-09T04:28:00+00:00,2649.48,2649.56,2649.43,2649.50,290
2026-01-09T04:29:00+00:00,2649.50,2649.58,2649.44,2649.57,145
2026-01-09T04:30:00+00:00,2649.57,2649.78,2649.43,2649.75,275
2026-01-09T04:31:00+00:00,2649.75,2649.88,2649.64,2649.86,72
2026-01-09T04:32:00+00:00,2649.86,2649.89,2649.82,2649.86,372
2026-01-09T04:33:00+00:00,2649.86,2649.88,2649.77,2649.78,73
2026-01-09T04:34:00+00:00,2649.78,2649.87,2649.72,2649.86,69
2026-01-09T04:35:00+00:00,2649.86,2650.01,2649.84,2649.99,293
2026-01-09T04:36:00+00:00,2649.99,2650.03,2649.94,2649.97,25
2026-01-09T04:37:00+00:00,2649.97,2650.04,2649.86,2649.96,420
2026-01-09T04:38:00+00:00,2649.96,2649.96,2649.81,2649.85,29
2026-01-09T04:39:00+00:00,2649.85,2649.88,2649.77,2649.79,178
2026-01-09T04:40:00+00:00,2649.79,2650.01,2649.70,2649.96,188
2026-01-09T04:41:00+00:00,2649.96,2650.14,2649.93,2650.12,225
2026-01-09T04:42:00+00:00,2650.12,2650.13,2650.02,2650.05,669
2026-01-09T04:43:00+00:00,2650.05,2650.26,2650.04,2650.18,20
2026-01-09T04:44:00+00:00,2650.18,2650.30,2650.14,2650.29,469
2026-01-09T04:45:00+00:00,2650.29,2650.29,2650.17,2650.27,524
2026-01-09T04:46:00+00:00,2650.27,2650.29,2650.19,2650.20,10
2026-01-09T04:47:00+00:00,2650.20,2650.40,2650.19,2650.35,25
2026-01-09T04:48:00+00:00,2650.35,2650.45,2650.16,2650.24,58
2026-01-09T04:49:00+00:00,2650.24,2650.25,2650.09,2650.18,205
2026-01-09T04:50:00+00:00,2650.18,2650.30,2650.05,2650.25,251
2026-01-09T04:51:00+00:00,2650.25,2650.30,2650.15,2650.21,141
2026-01-09T04:52:00+00:00,2650.21,2650.24,2650.07,2650.08,241
2026-01-09T04:53:00+00:00,2650.08,2650.19,2650.08,2650.09,179
2026-01-09T04:54:00+00:00,2650.09,2650.11,2649.88,2649.95,299
2026-01-09T04:55:00+00:00,2649.95,2650.19,2649.92,2650.18,547
2026-01-09T04:56:00+00:00,2650.18,2650.24,2650.06,2650.16,34
2026-01-09T04:57:00+00:00,2650.16,2650.22,2650.13,2650.17,501
2026-01-09T04:58:00+00:00,2650.17,2650.17,2650.09,2650.11,311
2026-01-09T04:59:00+00:00,2650.11,2650.19,2649.91,2649.91,358
2026-01-09T05:00:00+00:00,2649.91,2649.94,2649.81,2649.86,314
2026-01-09T05:01:00+00:00,2649.86,2649.98,2649.85,2649.90,480
2026-01-09T05:02:00+00:00,2649.90,2650.03,2649.86,2650.00,414
2026-01-09T05:03:00+00:00,2650.00,2650.03,2649.91,2649.92,189
2026-01-09T05:04:00+00:00,2649.92,2649.98,2649.91,2649.93,40
2026-01-09T05:05:00+00:00,2649.93,2649.93,2649.72,2649.79,209
2026-01-09T05:06:00+00:00,2649.79,2649.79,2649.64,2649.68,59
2026-01-09T05:07:00+00:00,2649.68,2649.80,2649.63,2649.76,349
2026-01-09T05:08:00+00:00,2649.76,2649.89,2649.72,2649.85,402
2026-01-09T05:09:00+00:00,2649.85,2649.90,2649.80,2649.84,174
2026-01-09T05:10:00+00:00,2649.84,2649.92,2649.82,2649.85,106
2026-01-09T05:11:00+00:00,2649.85,2649.90,2649.75,2649.80,187
2026-01-09T05:12:00+00:00,2649.80,2649.89,2649.56,2649.62,465
2026-01-09T05:13:00+00:00,2649.62,2649.64,2649.52,2649.57,132
2026-01-09T05:14:00+00:00,2649.57,2649.66,2649.49,2649.64,301
2026-01-09T05:15:00+00:00,2649.64,2649.65,2649.57,2649.65,127
2026-01-09T05:16:00+00:00,2649.65,2649.75,2649.52,2649.68,179
2026-01-09T05:17:00+00:00,2649.68,2649.80,2649.63,2649.76,496
2026-01-09T05:18:00+00:00,2649.76,2649.93,2649.68,2649.93,117
2026-01-09T05:19:00+00:00,2649.93,2650.12,2649.92,2650.10,3
2026-01-09T05:20:00+00:00,2650.10,2650.31,2650.04,2650.26,626
2026-01-09T05:21:00+00:00,2650.26,2650.26,2650.15,2650.16,239
2026-01-09T05:22:00+00:00,2650.16,2650.31,2650.10,2650.28,111
2026-01-09T05:23:00+00:00,2650.28,2650.41,2650.22,2650.37,97
2026-01-09T05:24:00+00:00,2650.37,2650.52,2650.32,2650.50,129
2026-01-09T05:25:00+00:00,2650.50,2650.60,2650.46,2650.48,18
2026-01-09T05:26:00+00:00,2650.48,2650.49,2650.35,2650.37,217
2026-01-09T05:27:00+00:00,2650.37,2650.56,2650.31,2650.54,87
2026-01-09T05:28:00+00:00,2650.54,2650.72,2650.52,2650.63,107
2026-01-09T05:29:00+00:00,2650.63,2650.73,2650.63,2650.68,112
2026-01-09T05:30:00+00:00,2650.68,2650.96,2650.66,2650.93,90
2026-01-09T05:31:00+00:00,2650.93,2650.94,2650.78,2650.86,391
2026-01-09T05:32:00+00:00,2650.86,2650.91,2650.72,2650.75,162
2026-01-09T05:33:00+00:00,2650.75,2650.83,2650.74,2650.81,117
2026-01-09T05:34:00+00:00,2650.81,2650.90,2650.79,2650.88,198
2026-01-09T05:35:00+00:00,2650.88,2651.03,2650.87,2651.02,30
2026-01-09T05:36:00+00:00,2651.02,2651.03,2650.98,2651.00,148
2026-01-09T05:37:00+00:00,2651.00,2651.01,2650.91,2650.97,406
2026-01-09T05:38:00+00:00,2650.97,2650.99,2650.83,2650.90,171
2026-01-09T05:39:00+00:00,2650.90,2650.95,2650.77,2650.86,10
2026-01-09T05:40:00+00:00,2650.86,2650.88,2650.83,2650.84,498
2026-01-09T05:41:00+00:00,2650.84,2650.88,2650.68,2650.69,277
2026-01-09T05:42:00+00:00,2650.69,2650.70,2650.51,2650.55,159
2026-01-09T05:43:00+00:00,2650.55,2650.62,2650.45,2650.62,47
2026-01-09T05:44:00+00:00,2650.62,2650.70,2650.60,2650.66,323
2026-01-09T05:45:00+00:00,2650.66,2650.69,2650.62,2650.64,73
2026-01-09T05:46:00+00:00,2650.64,2650.69,2650.63,2650.63,316
2026-01-09T05:47:00+00:00,2650.63,2650.70,2650.61,2650.63,249
2026-01-09T05:48:00+00:00,2650.63,2650.69,2650.63,2650.66,73
2026-01-09T05:49:00+00:00,2650.66,2650.85,2650.60,2650.77,456
2026-01-09T05:50:00+00:00,2650.77,2650.84,2650.77,2650.78,366
2026-01-09T05:51:00+00:00,2650.78,2650.83,2650.54,2650.63,187
2026-01-09T05:52:00+00:00,2650.63,2650.73,2650.59,2650.71,210
2026-01-09T05:53:00+00:00,2650.71,2650.72,2650.58,2650.63,349
2026-01-09T05:54:00+00:00,2650.63,2650.66,2650.43,2650.57,169
2026-01-09T05:55:00+00:00,2650.57,2650.67,2650.54,2650.60,144
2026-01-09T05:56:00+00:00,2650.60,2650.65,2650.55,2650.60,164
2026-01-09T05:57:00+00:00,2650.60,2650.76,2650.59,2650.76,331
2026-01-09T05:58:00+00:00,2650.76,2650.79,2650.55,2650.61,270
2026-01-09T05:59:00+00:00,2650.61,2650.75,2650.58,2650.62,396
2026-01-09T06:00:00+00:00,2650.62,2650.63,2650.53,2650.53,155
2026-01-09T06:01:00+00:00,2650.53,2650.78,2650.50,2650.73,195
2026-01-09T06:02:00+00:00,2650.73,2650.74,2650.59,2650.60,144
2026-01-09T06:03:00+00:00,2650.60,2650.78,2650.46,2650.53,214
2026-01-09T06:04:00+00:00,2650.53,2650.57,2650.49,2650.52,121
2026-01-09T06:05:00+00:00,2650.52,2650.55,2650.44,2650.48,153
2026-01-09T06:06:00+00:00,2650.48,2650.57,2650.42,2650.54,10
2026-01-09T06:07:00+00:00,2650.54,2650.72,2650.49,2650.69,120
2026-01-09T06:08:00+00:00,2650.69,2650.76,2650.64,2650.68,45
2026-01-09T06:09:00+00:00,2650.68,2650.88,2650.62,2650.85,132
2026-01-09T06:10:00+00:00,2650.85,2650.98,2650.84,2650.90,161
2026-01-09T06:11:00+00:00,2650.90,2650.94,2650.79,2650.91,356
2026-01-09T06:12:00+00:00,2650.91,2650.93,2650.84,2650.91,51
2026-01-09T06:13:00+00:00,2650.91,2651.16,2650.84,2651.14,219
2026-01-09T06:14:00+00:00,2651.14,2651.21,2651.12,2651.15,106
2026-01-09T06:15:00+00:00,2651.15,2651.16,2651.01,2651.04,226
2026-01-09T06:16:00+00:00,2651.04,2651.14,2651.03,2651.05,114
2026-01-09T06:17:00+00:00,2651.05,2651.11,2651.00,2651.11,84
2026-01-09T06:18:00+00:00,2651.11,2651.15,2651.10,2651.12,115
2026-01-09T06:19:00+00:00,2651.12,2651.30,2651.07,2651.28,108
2026-01-09T06:20:00+00:00,2651.28,2651.36,2651.26,2651.34,62
2026-01-09T06:21:00+00:00,2651.34,2651.39,2651.18,2651.28,16
2026-01-09T06:22:00+00:00,2651.28,2651.43,2651.18,2651.42,196
2026-01-09T06:23:00+00:00,2651.42,2651.46,2651.39,2651.44,63
2026-01-09T06:24:00+00:00,2651.44,2651.47,2651.39,2651.41,422
2026-01-09T06:25:00+00:00,2651.41,2651.52,2651.32,2651.46,59
2026-01-09T06:26:00+00:00,2651.46,2651.72,2651.37,2651.61,557
2026-01-09T06:27:00+00:00,2651.61,2651.63,2651.57,2651.59,73
2026-01-09T06:28:00+00:00,2651.59,2651.75,2651.53,2651.66,143
2026-01-09T06:29:00+00:00,2651.66,2651.67,2651.57,2651.59,239
2026-01-09T06:30:00+00:00,2651.59,2651.64,2651.52,2651.61,445
2026-01-09T06:31:00+00:00,2651.61,2651.73,2651.57,2651.68,260
2026-01-09T06:32:00+00:00,2651.68,2651.75,2651.59,2651.68,79
2026-01-09T06:33:00+00:00,2651.68,2651.87,2651.60,2651.79,85
2026-01-09T06:34:00+00:00,2651.79,2651.83,2651.75,2651.80,93
2026-01-09T06:35:00+00:00,2651.80,2651.82,2651.77,2651.81,188
2026-01-09T06:36:00+00:00,2651.81,2651.84,2651.68,2651.79,95
2026-01-09T06:37:00+00:00,2651.79,2651.83,2651.56,2651.58,44
2026-01-09T06:38:00+00:00,2651.58,2651.62,2651.50,2651.56,337
2026-01-09T06:39:00+00:00,2651.56,2651.58,2651.35,2651.42,44
2026-01-09T06:40:00+00:00,2651.42,2651.52,2651.35,2651.49,70
2026-01-09T06:41:00+00:00,2651.49,2651.60,2651.48,2651.56,302
2026-01-09T06:42:00+00:00,2651.56,2651.75,2651.51,2651.67,228
2026-01-09T06:43:00+00:00,2651.67,2651.73,2651.67,2651.71,61
2026-01-09T06:44:00+00:00,2651.71,2651.92,2651.70,2651.81,159
2026-01-09T06:45:00+00:00,2651.81,2651.83,2651.50,2651.55,452
2026-01-09T06:46:00+00:00,2651.55,2651.69,2651.54,2651.66,410
2026-01-09T06:47:00+00:00,2651.66,2651.71,2651.38,2651.43,159
2026-01-09T06:48:00+00:00,2651.43,2651.51,2651.30,2651.31,86
2026-01-09T06:49:00+00:00,2651.31,2651.36,2651.27,2651.33,347
2026-01-09T06:50:00+00:00,2651.33,2651.35,2651.31,2651.33,140
2026-01-09T06:51:00+00:00,2651.33,2651.51,2651.33,2651.46,241
2026-01-09T06:52:00+00:00,2651.46,2651.61,2651.46,2651.51,126
2026-01-09T06:53:00+00:00,2651.51,2651.52,2651.35,2651.35,128
2026-01-09T06:54:00+00:00,2651.35,2651.46,2651.31,2651.40,199
2026-01-09T06:55:00+00:00,2651.40,2651.49,2651.27,2651.35,133
2026-01-09T06:56:00+00:00,2651.35,2651.65,2651.32,2651.63,68
2026-01-09T06:57:00+00:00,2651.63,2651.71,2651.50,2651.54,63
2026-01-09T06:58:00+00:00,2651.54,2651.55,2651.52,2651.54,234
2026-01-09T06:59:00+00:00,2651.54,2651.58,2651.53,2651.53,101
2026-01-09T07:00:00+00:00,2651.53,2651.64,2651.43,2651.60,17
2026-01-09T07:01:00+00:00,2651.60,2651.63,2651.44,2651.48,44
2026-01-09T07:02:00+00:00,2651.48,2651.53,2651.43,2651.44,2
2026-01-09T07:03:00+00:00,2651.44,2651.46,2651.38,2651.45,71
2026-01-09T07:04:00+00:00,2651.45,2651.58,2651.45,2651.51,324
2026-01-09T07:05:00+00:00,2651.51,2651.55,2651.47,2651.54,65
2026-01-09T07:06:00+00:00,2651.54,2651.80,2651.52,2651.75,133
2026-01-09T07:07:00+00:00,2651.75,2651.94,2651.73,2651.92,425
2026-01-09T07:08:00+00:00,2651.92,2651.94,2651.92,2651.93,169
2026-01-09T07:09:00+00:00,2651.93,2651.98,2651.65,2651.67,297
2026-01-09T07:10:00+00:00,2651.67,2651.74,2651.58,2651.60,506
2026-01-09T07:11:00+00:00,2651.60,2651.68,2651.54,2651.67,536
2026-01-09T07:12:00+00:00,2651.67,2651.77,2651.64,2651.71,230
2026-01-09T07:13:00+00:00,2651.71,2651.80,2651.67,2651.68,514
2026-01-09T07:14:00+00:00,2651.68,2651.72,2651.58,2651.64,218
2026-01-09T07:15:00+00:00,2651.64,2651.68,2651.46,2651.55,409
2026-01-09T07:16:00+00:00,2651.55,2651.60,2651.43,2651.46,54
2026-01-09T07:17:00+00:00,2651.46,2651.54,2651.42,2651.53,285
2026-01-09T07:18:00+00:00,2651.53,2651.62,2651.52,2651.59,180
2026-01-09T07:19:00+00:00,2651.59,2651.66,2651.57,2651.58,59
2026-01-09T07:20:00+00:00,2651.58,2651.61,2651.46,2651.51,144
2026-01-09T07:21:00+00:00,2651.51,2651.55,2651.38,2651.39,59
2026-01-09T07:22:00+00:00,2651.39,2651.57,2651.36,2651.55,87
2026-01-09T07:23:00+00:00,2651.55,2651.66,2651.51,2651.64,343
2026-01-09T07:24:00+00:00,2651.64,2651.70,2651.52,2651.59,18
2026-01-09T07:25:00+00:00,2651.59,2651.63,2651.50,2651.50,100
2026-01-09T07:26:00+00:00,2651.50,2651.68,2651.49,2651.63,463
2026-01-09T07:27:00+00:00,2651.63,2651.78,2651.56,2651.73,161
2026-01-09T07:28:00+00:00,2651.73,2651.81,2651.73,2651.79,462
2026-01-09T07:29:00+00:00,2651.79,2651.98,2651.76,2651.93,95
2026-01-09T07:30:00+00:00,2651.93,2652.00,2651.84,2651.93,13
2026-01-09T07:31:00+00:00,2651.93,2651.98,2651.86,2651.94,41
2026-01-09T07:32:00+00:00,2651.94,2652.00,2651.88,2652.00,243
2026-01-09T07:33:00+00:00,2652.00,2652.03,2651.81,2651.87,177
2026-01-09T07:34:00+00:00,2651.87,2651.94,2651.80,2651.94,141
2026-01-09T07:35:00+00:00,2651.94,2652.00,2651.88,2652.00,127
2026-01-09T07:36:00+00:00,2652.00,2652.04,2651.92,2652.02,108
2026-01-09T07:37:00+00:00,2652.02,2652.18,2652.02,2652.13,225
2026-01-09T07:38:00+00:00,2652.13,2652.15,2651.95,2651.95,244
2026-01-09T07:39:00+00:00,2651.95,2651.99,2651.88,2651.91,193
2026-01-09T07:40:00+00:00,2651.91,2652.10,2651.85,2652.08,187
2026-01-09T07:41:00+00:00,2652.08,2652.17,2652.01,2652.01,101
2026-01-09T07:42:00+00:00,2652.01,2652.03,2651.94,2652.01,210
2026-01-09T07:43:00+00:00,2652.01,2652.12,2651.99,2652.04,180
2026-01-09T07:44:00+00:00,2652.04,2652.24,2652.01,2652.22,474
2026-01-09T07:45:00+00:00,2652.22,2652.38,2652.18,2652.33,385
2026-01-09T07:46:00+00:00,2652.33,2652.41,2652.16,2652.25,125
2026-01-09T07:47:00+00:00,2652.25,2652.33,2652.15,2652.31,393
2026-01-09T07:48:00+00:00,2652.31,2652.39,2652.20,2652.22,100
2026-01-09T07:49:00+00:00,2652.22,2652.22,2652.15,2652.19,13
2026-01-09T07:50:00+00:00,2652.19,2652.29,2652.08,2652.11,175
2026-01-09T07:51:00+00:00,2652.11,2652.19,2652.01,2652.13,55
2026-01-09T07:52:00+00:00,2652.13,2652.29,2652.10,2652.22,412
2026-01-09T07:53:00+00:00,2652.22,2652.34,2652.14,2652.30,211
2026-01-09T07:54:00+00:00,2652.30,2652.49,2652.27,2652.44,213
2026-01-09T07:55:00+00:00,2652.44,2652.50,2652.35,2652.49,98
2026-01-09T07:56:00+00:00,2652.49,2652.51,2652.39,2652.40,44
2026-01-09T07:57:00+00:00,2652.40,2652.45,2652.28,2652.44,196
2026-01-09T07:58:00+00:00,2652.44,2652.45,2652.33,2652.39,241
2026-01-09T07:59:00+00:00,2652.39,2652.40,2652.26,2652.28,167
2026-01-09T08:00:00+00:00,2652.28,2652.39,2652.16,2652.32,482
2026-01-09T08:01:00+00:00,2652.32,2652.39,2652.24,2652.37,261
2026-01-09T08:02:00+00:00,2652.37,2652.37,2652.14,2652.15,255
2026-01-09T08:03:00+00:00,2652.15,2652.17,2652.14,2652.14,387
2026-01-09T08:04:00+00:00,2652.14,2652.40,2652.13,2652.38,32
2026-01-09T08:05:00+00:00,2652.38,2652.44,2651.98,2652.03,288
2026-01-09T08:06:00+00:00,2652.03,2652.13,2652.01,2652.02,69
2026-01-09T08:07:00+00:00,2652.02,2652.13,2651.87,2651.96,252
2026-01-09T08:08:00+00:00,2651.96,2652.01,2651.90,2651.94,158
2026-01-09T08:09:00+00:00,2651.94,2652.03,2651.84,2652.00,65
2026-01-09T08:10:00+00:00,2652.00,2652.07,2651.69,2651.73,42
2026-01-09T08:11:00+00:00,2651.73,2651.85,2651.73,2651.80,274
2026-01-09T08:12:00+00:00,2651.80,2651.88,2651.80,2651.86,194
2026-01-09T08:13:00+00:00,2651.86,2651.89,2651.86,2651.88,106
2026-01-09T08:14:00+00:00,2651.88,2651.92,2651.70,2651.78,171
2026-01-09T08:15:00+00:00,2651.78,2652.05,2651.70,2652.04,212
2026-01-09T08:16:00+00:00,2652.04,2652.05,2651.78,2651.83,216
2026-01-09T08:17:00+00:00,2651.83,2651.91,2651.69,2651.82,203
2026-01-09T08:18:00+00:00,2651.82,2651.95,2651.65,2651.71,127
2026-01-09T08:19:00+00:00,2651.71,2651.75,2651.53,2651.63,28
2026-01-09T08:20:00+00:00,2651.63,2651.71,2651.56,2651.69,206
2026-01-09T08:21:00+00:00,2651.69,2651.77,2651.55,2651.74,246
2026-01-09T08:22:00+00:00,2651.74,2651.97,2651.70,2651.93,78
2026-01-09T08:23:00+00:00,2651.93,2652.06,2651.91,2652.06,280
2026-01-09T08:24:00+00:00,2652.06,2652.18,2652.01,2652.10,1
2026-01-09T08:25:00+00:00,2652.10,2652.19,2652.07,2652.14,184
2026-01-09T08:26:00+00:00,2652.14,2652.30,2652.09,2652.17,49
2026-01-09T08:27:00+00:00,2652.17,2652.29,2652.12,2652.24,233
2026-01-09T08:28:00+00:00,2652.24,2652.51,2652.18,2652.35,166
2026-01-09T08:29:00+00:00,2652.35,2652.40,2652.27,2652.36,61
2026-01-09T08:30:00+00:00,2652.36,2652.55,2652.26,2652.48,66
2026-01-09T08:31:00+00:00,2652.48,2652.52,2652.28,2652.35,631
2026-01-09T08:32:00+00:00,2652.35,2652.35,2652.30,2652.31,459
2026-01-09T08:33:00+00:00,2652.31,2652.37,2652.22,2652.24,104
2026-01-09T08:34:00+00:00,2652.24,2652.45,2652.21,2652.43,48
2026-01-09T08:35:00+00:00,2652.43,2652.64,2652.42,2652.57,313
2026-01-09T08:36:00+00:00,2652.57,2652.67,2652.41,2652.48,383
2026-01-09T08:37:00+00:00,2652.48,2652.49,2652.31,2652.36,346
2026-01-09T08:38:00+00:00,2652.36,2652.41,2652.19,2652.29,354
2026-01-09T08:39:00+00:00,2652.29,2652.39,2652.28,2652.39,63
2026-01-09T08:40:00+00:00,2652.39,2652.41,2652.26,2652.29,271
2026-01-09T08:41:00+00:00,2652.29,2652.38,2652.28,2652.36,452
2026-01-09T08:42:00+00:00,2652.36,2652.41,2652.31,2652.41,95
2026-01-09T08:43:00+00:00,2652.41,2652.61,2652.19,2652.21,78
2026-01-09T08:44:00+00:00,2652.21,2652.28,2651.98,2652.07,1
2026-01-09T08:45:00+00:00,2652.07,2652.20,2651.89,2651.92,8
2026-01-09T08:46:00+00:00,2651.92,2652.13,2651.91,2652.02,312
2026-01-09T08:47:00+00:00,2652.02,2652.15,2651.83,2651.98,46
2026-01-09T08:48:00+00:00,2651.98,2652.02,2651.95,2651.99,113
2026-01-09T08:49:00+00:00,2651.99,2652.03,2651.87,2651.90,3
2026-01-09T08:50:00+00:00,2651.90,2652.15,2651.85,2652.11,342
2026-01-09T08:51:00+00:00,2652.11,2652.16,2651.79,2651.88,410
2026-01-09T08:52:00+00:00,2651.88,2651.93,2651.87,2651.92,129
2026-01-09T08:53:00+00:00,2651.92,2651.95,2651.78,2651.93,136
2026-01-09T08:54:00+00:00,2651.93,2652.04,2651.82,2652.01,237
2026-01-09T08:55:00+00:00,2652.01,2652.01,2651.77,2651.82,184
2026-01-09T08:56:00+00:00,2651.82,2651.84,2651.81,2651.83,62
2026-01-09T08:57:00+00:00,2651.83,2652.03,2651.78,2651.96,249
2026-01-09T08:58:00+00:00,2651.96,2652.07,2651.93,2652.03,321
2026-01-09T08:59:00+00:00,2652.03,2652.08,2651.91,2651.97,221
2026-01-09T09:00:00+00:00,2651.97,2651.99,2651.81,2651.89,190
2026-01-09T09:01:00+00:00,2651.89,2651.95,2651.75,2651.76,180
2026-01-09T09:02:00+00:00,2651.76,2651.80,2651.68,2651.69,92
2026-01-09T09:03:00+00:00,2651.69,2651.74,2651.59,2651.64,159
2026-01-09T09:04:00+00:00,2651.64,2651.74,2651.34,2651.43,146
2026-01-09T09:05:00+00:00,2651.43,2651.49,2651.29,2651.30,9
2026-01-09T09:06:00+00:00,2651.30,2651.36,2651.23,2651.34,39
2026-01-09T09:07:00+00:00,2651.34,2651.43,2651.27,2651.28,144
2026-01-09T09:08:00+00:00,2651.28,2651.30,2651.23,2651.24,406
2026-01-09T09:09:00+00:00,2651.24,2651.33,2651.13,2651.32,325
2026-01-09T09:10:00+00:00,2651.32,2651.34,2651.20,2651.27,25
2026-01-09T09:11:00+00:00,2651.27,2651.33,2651.07,2651.08,652
2026-01-09T09:12:00+00:00,2651.08,2651.40,2650.97,2651.37,241
2026-01-09T09:13:00+00:00,2651.37,2651.62,2651.36,2651.51,132
2026-01-09T09:14:00+00:00,2651.51,2651.63,2651.36,2651.59,194
2026-01-09T09:15:00+00:00,2651.59,2651.71,2651.58,2651.66,132
2026-01-09T09:16:00+00:00,2651.66,2651.77,2651.64,2651.66,331
2026-01-09T09:17:00+00:00,2651.66,2651.73,2651.57,2651.60,326
2026-01-09T09:18:00+00:00,2651.60,2651.68,2651.53,2651.55,126
2026-01-09T09:19:00+00:00,2651.55,2651.55,2651.32,2651.36,263
2026-01-09T09:20:00+00:00,2651.36,2651.40,2651.19,2651.24,256
2026-01-09T09:21:00+00:00,2651.24,2651.34,2651.08,2651.15,428
2026-01-09T09:22:00+00:00,2651.15,2651.25,2650.95,2651.05,25
2026-01-09T09:23:00+00:00,2651.05,2651.10,2650.96,2651.05,56
2026-01-09T09:24:00+00:00,2651.05,2651.15,2650.84,2650.86,167
2026-01-09T09:25:00+00:00,2650.86,2651.00,2650.81,2650.89,89
2026-01-09T09:26:00+00:00,2650.89,2650.89,2650.81,2650.84,363
2026-01-09T09:27:00+00:00,2650.84,2651.07,2650.79,2650.98,391
2026-01-09T09:28:00+00:00,2650.98,2651.00,2650.67,2650.73,84
2026-01-09T09:29:00+00:00,2650.73,2650.93,2650.57,2650.62,175
2026-01-09T09:30:00+00:00,2650.62,2650.70,2650.47,2650.52,190
2026-01-09T09:31:00+00:00,2650.52,2650.53,2650.45,2650.48,321
2026-01-09T09:32:00+00:00,2650.48,2650.51,2650.28,2650.28,83
2026-01-09T09:33:00+00:00,2650.28,2650.34,2650.24,2650.27,429
2026-01-09T09:34:00+00:00,2650.27,2650.41,2650.26,2650.37,598
2026-01-09T09:35:00+00:00,2650.37,2650.42,2650.32,2650.39,409
2026-01-09T09:36:00+00:00,2650.39,2650.60,2650.34,2650.57,8
2026-01-09T09:37:00+00:00,2650.57,2650.63,2650.41,2650.50,283
2026-01-09T09:38:00+00:00,2650.50,2650.61,2650.38,2650.60,114
2026-01-09T09:39:00+00:00,2650.60,2650.64,2650.59,2650.62,126
2026-01-09T09:40:00+00:00,2650.62,2650.65,2650.53,2650.61,220
2026-01-09T09:41:00+00:00,2650.61,2650.67,2650.51,2650.53,514
2026-01-09T09:42:00+00:00,2650.53,2650.60,2650.40,2650.41,664
2026-01-09T09:43:00+00:00,2650.41,2650.43,2650.32,2650.34,567
2026-01-09T09:44:00+00:00,2650.34,2650.39,2650.08,2650.20,228
2026-01-09T09:45:00+00:00,2650.20,2650.40,2650.14,2650.29,319
2026-01-09T09:46:00+00:00,2650.29,2650.42,2650.25,2650.42,23
2026-01-09T09:47:00+00:00,2650.42,2650.44,2650.31,2650.32,408
2026-01-09T09:48:00+00:00,2650.32,2650.51,2650.31,2650.42,70
2026-01-09T09:49:00+00:00,2650.42,2650.46,2650.26,2650.27,342
2026-01-09T09:50:00+00:00,2650.27,2650.32,2650.13,2650.15,310
2026-01-09T09:51:00+00:00,2650.15,2650.24,2650.01,2650.06,186
2026-01-09T09:52:00+00:00,2650.06,2650.38,2649.95,2650.19,488
2026-01-09T09:53:00+00:00,2650.19,2650.30,2650.10,2650.25,156
2026-01-09T09:54:00+00:00,2650.25,2650.30,2650.16,2650.22,722
2026-01-09T09:55:00+00:00,2650.22,2650.25,2650.05,2650.13,271
2026-01-09T09:56:00+00:00,2650.13,2650.33,2650.11,2650.16,335
2026-01-09T09:57:00+00:00,2650.16,2650.19,2650.00,2650.05,85
2026-01-09T09:58:00+00:00,2650.05,2650.08,2650.00,2650.00,90
2026-01-09T09:59:00+00:00,2650.00,2650.12,2649.88,2649.95,267
2026-01-09T10:00:00+00:00,2649.95,2650.07,2649.83,2649.90,237
2026-01-09T10:01:00+00:00,2649.90,2649.92,2649.82,2649.83,145
2026-01-09T10:02:00+00:00,2649.83,2649.88,2649.66,2649.87,174
2026-01-09T10:03:00+00:00,2649.87,2649.93,2649.84,2649.89,480
2026-01-09T10:04:00+00:00,2649.89,2650.05,2649.81,2649.89,266
2026-01-09T10:05:00+00:00,2649.89,2649.91,2649.76,2649.78,141
2026-01-09T10:06:00+00:00,2649.78,2649.91,2649.71,2649.89,83
2026-01-09T10:07:00+00:00,2649.89,2650.15,2649.82,2650.07,71
2026-01-09T10:08:00+00:00,2650.07,2650.11,2650.01,2650.04,295
2026-01-09T10:09:00+00:00,2650.04,2650.07,2649.99,2650.02,428
2026-01-09T10:10:00+00:00,2650.02,2650.13,2650.01,2650.11,413
2026-01-09T10:11:00+00:00,2650.11,2650.25,2650.04,2650.14,14
2026-01-09T10:12:00+00:00,2650.14,2650.27,2650.10,2650.24,472
2026-01-09T10:13:00+00:00,2650.24,2650.27,2650.11,2650.11,148
2026-01-09T10:14:00+00:00,2650.11,2650.11,2649.95,2650.03,67
2026-01-09T10:15:00+00:00,2650.03,2650.10,2649.96,2650.06,35
2026-01-09T10:16:00+00:00,2650.06,2650.36,2650.00,2650.32,124
2026-01-09T10:17:00+00:00,2650.32,2650.51,2650.31,2650.35,9
2026-01-09T10:18:00+00:00,2650.35,2650.36,2650.23,2650.24,219
2026-01-09T10:19:00+00:00,2650.24,2650.26,2650.18,2650.19,956
2026-01-09T10:20:00+00:00,2650.19,2650.25,2649.96,2650.00,367
2026-01-09T10:21:00+00:00,2650.00,2650.09,2649.84,2649.87,453
2026-01-09T10:22:00+00:00,2649.87,2650.05,2649.80,2650.02,114
2026-01-09T10:23:00+00:00,2650.02,2650.14,2649.85,2649.95,132
2026-01-09T10:24:00+00:00,2649.95,2650.03,2649.57,2649.66,7
2026-01-09T10:25:00+00:00,2649.66,2649.84,2649.55,2649.81,352
2026-01-09T10:26:00+00:00,2649.81,2649.91,2649.78,2649.85,344
2026-01-09T10:27:00+00:00,2649.85,2650.02,2649.69,2649.71,151
2026-01-09T10:28:00+00:00,2649.71,2649.80,2649.54,2649.64,271
2026-01-09T10:29:00+00:00,2649.64,2649.75,2649.51,2649.57,277
2026-01-09T10:30:00+00:00,2649.57,2649.65,2649.51,2649.51,8
2026-01-09T10:31:00+00:00,2649.51,2649.54,2649.33,2649.35,214
2026-01-09T10:32:00+00:00,2649.35,2649.46,2649.34,2649.39,201
2026-01-09T10:33:00+00:00,2649.39,2649.62,2649.29,2649.57,310
2026-01-09T10:34:00+00:00,2649.57,2649.60,2649.43,2649.46,361
2026-01-09T10:35:00+00:00,2649.46,2649.66,2649.37,2649.57,82
2026-01-09T10:36:00+00:00,2649.57,2649.66,2649.42,2649.48,506
2026-01-09T10:37:00+00:00,2649.48,2649.53,2649.44,2649.44,155
2026-01-09T10:38:00+00:00,2649.44,2649.60,2649.39,2649.59,104
2026-01-09T10:39:00+00:00,2649.59,2649.75,2649.56,2649.67,380
2026-01-09T10:40:00+00:00,2649.67,2649.82,2649.60,2649.74,221
2026-01-09T10:41:00+00:00,2649.74,2649.76,2649.59,2649.63,110
2026-01-09T10:42:00+00:00,2649.63,2649.68,2649.51,2649.62,294
2026-01-09T10:43:00+00:00,2649.62,2649.64,2649.53,2649.56,140
2026-01-09T10:44:00+00:00,2649.56,2649.58,2649.22,2649.28,352
2026-01-09T10:45:00+00:00,2649.28,2649.41,2649.21,2649.36,167
2026-01-09T10:46:00+00:00,2649.36,2649.50,2649.30,2649.47,58
2026-01-09T10:47:00+00:00,2649.47,2649.58,2649.29,2649.55,236
2026-01-09T10:48:00+00:00,2649.55,2649.67,2649.43,2649.58,399
2026-01-09T10:49:00+00:00,2649.58,2649.60,2649.54,2649.57,91
2026-01-09T10:50:00+00:00,2649.57,2649.57,2649.45,2649.50,392
2026-01-09T10:51:00+00:00,2649.50,2649.54,2649.23,2649.31,99
2026-01-09T10:52:00+00:00,2649.31,2649.57,2649.22,2649.56,214
2026-01-09T10:53:00+00:00,2649.56,2649.56,2649.43,2649.48,332
2026-01-09T10:54:00+00:00,2649.48,2649.69,2649.46,2649.57,173
2026-01-09T10:55:00+00:00,2649.57,2649.61,2649.50,2649.52,215
2026-01-09T10:56:00+00:00,2649.52,2649.70,2649.33,2649.61,25
2026-01-09T10:57:00+00:00,2649.61,2649.72,2649.59,2649.71,125
2026-01-09T10:58:00+00:00,2649.71,2649.71,2649.40,2649.44,187
2026-01-09T10:59:00+00:00,2649.44,2649.67,2649.42,2649.64,44
2026-01-09T11:00:00+00:00,2649.64,2649.97,2649.60,2649.88,317
2026-01-09T11:01:00+00:00,2649.88,2649.93,2649.75,2649.80,179
2026-01-09T11:02:00+00:00,2649.80,2649.87,2649.45,2649.55,346
2026-01-09T11:03:00+00:00,2649.55,2649.63,2649.35,2649.44,114
2026-01-09T11:04:00+00:00,2649.44,2649.52,2649.41,2649.43,358
2026-01-09T11:05:00+00:00,2649.43,2649.52,2649.42,2649.49,81
2026-01-09T11:06:00+00:00,2649.49,2649.55,2649.36,2649.44,137
2026-01-09T11:07:00+00:00,2649.44,2649.60,2649.25,2649.30,195
2026-01-09T11:08:00+00:00,2649.30,2649.41,2649.23,2649.24,23
2026-01-09T11:09:00+00:00,2649.24,2649.26,2649.15,2649.26,394
2026-01-09T11:10:00+00:00,2649.26,2649.28,2649.11,2649.14,31
2026-01-09T11:11:00+00:00,2649.14,2649.23,2648.87,2648.98,255
2026-01-09T11:12:00+00:00,2648.98,2649.01,2648.85,2648.89,580
2026-01-09T11:13:00+00:00,2648.89,2649.12,2648.64,2648.74,128
2026-01-09T11:14:00+00:00,2648.74,2648.91,2648.54,2648.66,591
2026-01-09T11:15:00+00:00,2648.66,2648.69,2648.60,2648.68,340
2026-01-09T11:16:00+00:00,2648.68,2648.77,2648.58,2648.60,127
2026-01-09T11:17:00+00:00,2648.60,2648.63,2648.30,2648.47,185
2026-01-09T11:18:00+00:00,2648.47,2648.80,2648.42,2648.73,223
2026-01-09T11:19:00+00:00,2648.73,2648.76,2648.41,2648.46,478
2026-01-09T11:20:00+00:00,2648.46,2648.56,2648.27,2648.30,83
2026-01-09T11:21:00+00:00,2648.30,2648.36,2648.14,2648.23,69
2026-01-09T11:22:00+00:00,2648.23,2648.31,2648.00,2648.13,517
2026-01-09T11:23:00+00:00,2648.13,2648.33,2648.08,2648.28,849
2026-01-09T11:24:00+00:00,2648.28,2648.48,2648.20,2648.34,66
2026-01-09T11:25:00+00:00,2648.34,2648.67,2648.30,2648.57,217
2026-01-09T11:26:00+00:00,2648.57,2648.67,2648.16,2648.20,575
2026-01-09T11:27:00+00:00,2648.20,2648.26,2648.19,2648.23,427
2026-01-09T11:28:00+00:00,2648.23,2648.59,2648.17,2648.55,287
2026-01-09T11:29:00+00:00,2648.55,2648.87,2648.54,2648.82,267
2026-01-09T11:30:00+00:00,2648.82,2648.90,2648.80,2648.86,489
2026-01-09T11:31:00+00:00,2648.86,2648.99,2648.62,2648.73,478
2026-01-09T11:32:00+00:00,2648.73,2648.97,2648.63,2648.66,45
2026-01-09T11:33:00+00:00,2648.66,2648.92,2648.57,2648.83,600
2026-01-09T11:34:00+00:00,2648.83,2648.87,2648.76,2648.81,335
2026-01-09T11:35:00+00:00,2648.81,2648.88,2648.46,2648.51,128
2026-01-09T11:36:00+00:00,2648.51,2648.65,2648.43,2648.63,666
2026-01-09T11:37:00+00:00,2648.63,2648.71,2648.52,2648.70,310
2026-01-09T11:38:00+00:00,2648.70,2649.17,2648.65,2649.01,177
2026-01-09T11:39:00+00:00,2649.01,2649.09,2648.92,2648.92,313
2026-01-09T11:40:00+00:00,2648.92,2649.03,2648.79,2648.84,263
2026-01-09T11:41:00+00:00,2648.84,2648.86,2648.78,2648.80,176
2026-01-09T11:42:00+00:00,2648.80,2648.90,2648.68,2648.89,231
2026-01-09T11:43:00+00:00,2648.89,2649.15,2648.83,2649.01,107
2026-01-09T11:44:00+00:00,2649.01,2649.12,2648.68,2648.85,32
2026-01-09T11:45:00+00:00,2648.85,2648.89,2648.75,2648.85,33
2026-01-09T11:46:00+00:00,2648.85,2648.93,2648.65,2648.69,77
2026-01-09T11:47:00+00:00,2648.69,2648.70,2648.29,2648.47,531
2026-01-09T11:48:00+00:00,2648.47,2648.75,2648.39,2648.67,190
2026-01-09T11:49:00+00:00,2648.67,2648.94,2648.51,2648.68,54
2026-01-09T11:50:00+00:00,2648.68,2648.74,2648.54,2648.62,133
2026-01-09T11:51:00+00:00,2648.62,2648.88,2648.53,2648.76,1003
2026-01-09T11:52:00+00:00,2648.76,2648.82,2648.51,2648.61,509
2026-01-09T11:53:00+00:00,2648.61,2649.09,2648.47,2649.08,704
2026-01-09T11:54:00+00:00,2649.08,2649.41,2649.06,2649.27,716
2026-01-09T11:55:00+00:00,2649.27,2649.48,2649.16,2649.46,162
2026-01-09T11:56:00+00:00,2649.46,2649.71,2649.26,2649.56,1032
2026-01-09T11:57:00+00:00,2649.56,2649.59,2649.47,2649.47,232
2026-01-09T11:58:00+00:00,2649.47,2649.70,2649.16,2649.29,165
2026-01-09T11:59:00+00:00,2649.29,2649.70,2649.26,2649.45,218
2026-01-09T12:00:00+00:00,2649.45,2649.96,2649.43,2649.88,39
2026-01-09T12:01:00+00:00,2649.88,2650.17,2649.71,2650.10,326
2026-01-09T12:02:00+00:00,2650.10,2650.20,2650.10,2650.18,517
2026-01-09T12:03:00+00:00,2650.18,2650.20,2649.83,2650.06,263
2026-01-09T12:04:00+00:00,2650.06,2650.23,2649.93,2650.01,40
2026-01-09T12:05:00+00:00,2650.01,2650.05,2649.74,2649.86,192
2026-01-09T12:06:00+00:00,2649.86,2649.99,2649.84,2649.93,728
2026-01-09T12:07:00+00:00,2649.93,2649.99,2649.79,2649.84,434
2026-01-09T12:08:00+00:00,2649.84,2650.02,2649.83,2649.99,226
2026-01-09T12:09:00+00:00,2649.99,2650.16,2649.98,2650.14,374
2026-01-09T12:10:00+00:00,2650.14,2650.16,2649.94,2650.16,468
2026-01-09T12:11:00+00:00,2650.16,2650.26,2649.93,2649.96,197
2026-01-09T12:12:00+00:00,2649.96,2650.00,2649.87,2649.89,233
2026-01-09T12:13:00+00:00,2649.89,2650.10,2649.84,2649.95,303
2026-01-09T12:14:00+00:00,2649.95,2650.09,2649.60,2649.77,720
2026-01-09T12:15:00+00:00,2649.77,2649.81,2649.57,2649.64,546
2026-01-09T12:16:00+00:00,2649.64,2649.91,2649.51,2649.89,668
2026-01-09T12:17:00+00:00,2649.89,2649.95,2649.62,2649.77,201
2026-01-09T12:18:00+00:00,2649.77,2650.07,2649.77,2649.87,358
2026-01-09T12:19:00+00:00,2649.87,2650.18,2649.77,2650.05,436
2026-01-09T12:20:00+00:00,2650.05,2650.24,2649.87,2650.10,795
2026-01-09T12:21:00+00:00,2650.10,2650.17,2649.99,2650.04,538
2026-01-09T12:22:00+00:00,2650.04,2650.36,2649.96,2650.24,368
2026-01-09T12:23:00+00:00,2650.24,2650.38,2650.09,2650.25,550
2026-01-09T12:24:00+00:00,2650.25,2650.36,2649.66,2649.92,39
2026-01-09T12:25:00+00:00,2649.92,2650.05,2649.90,2650.03,254
2026-01-09T12:26:00+00:00,2650.03,2650.11,2649.94,2650.10,101
2026-01-09T12:27:00+00:00,2650.10,2650.17,2649.94,2650.09,312
2026-01-09T12:28:00+00:00,2650.09,2650.19,2649.95,2650.03,17
2026-01-09T12:29:00+00:00,2650.03,2650.08,2649.66,2649.88,51
2026-01-09T12:30:00+00:00,2649.88,2650.24,2649.56,2649.63,280
2026-01-09T12:31:00+00:00,2649.63,2650.01,2649.61,2649.99,110
2026-01-09T12:32:00+00:00,2649.99,2650.06,2649.93,2649.97,536
2026-01-09T12:33:00+00:00,2649.97,2650.02,2649.81,2649.83,296
2026-01-09T12:34:00+00:00,2649.83,2650.05,2649.79,2650.05,582
2026-01-09T12:35:00+00:00,2650.05,2650.24,2649.96,2650.14,593
2026-01-09T12:36:00+00:00,2650.14,2650.28,2649.67,2649.89,897
2026-01-09T12:37:00+00:00,2649.89,2649.91,2649.66,2649.84,626
2026-01-09T12:38:00+00:00,2649.84,2650.38,2649.84,2650.31,964
2026-01-09T12:39:00+00:00,2650.31,2650.48,2649.93,2650.04,331
2026-01-09T12:40:00+00:00,2650.04,2650.07,2650.02,2650.07,521
2026-01-09T12:41:00+00:00,2650.07,2650.15,2649.75,2649.88,465
2026-01-09T12:42:00+00:00,2649.88,2650.09,2649.73,2650.07,272
2026-01-09T12:43:00+00:00,2650.07,2650.45,2650.00,2650.35,635
2026-01-09T12:44:00+00:00,2650.35,2650.74,2650.28,2650.54,114
2026-01-09T12:45:00+00:00,2650.54,2650.58,2650.32,2650.34,490
2026-01-09T12:46:00+00:00,2650.34,2650.37,2650.31,2650.35,864
2026-01-09T12:47:00+00:00,2650.35,2650.37,2650.16,2650.18,633
2026-01-09T12:48:00+00:00,2650.18,2650.26,2649.81,2649.92,325
2026-01-09T12:49:00+00:00,2649.92,2650.12,2649.92,2650.10,282
2026-01-09T12:50:00+00:00,2650.10,2650.11,2649.88,2649.99,9
2026-01-09T12:51:00+00:00,2649.99,2650.06,2649.71,2649.82,750
2026-01-09T12:52:00+00:00,2649.82,2650.26,2649.80,2650.17,80
2026-01-09T12:53:00+00:00,2650.17,2650.56,2650.16,2650.48,411
2026-01-09T12:54:00+00:00,2650.48,2650.50,2650.37,2650.41,732
2026-01-09T12:55:00+00:00,2650.41,2650.75,2650.38,2650.72,243
2026-01-09T12:56:00+00:00,2650.72,2650.82,2650.61,2650.65,250
2026-01-09T12:57:00+00:00,2650.65,2650.66,2650.51,2650.57,236
2026-01-09T12:58:00+00:00,2650.57,2651.00,2650.42,2650.95,680
2026-01-09T12:59:00+00:00,2650.95,2651.09,2650.70,2650.85,298
2026-01-09T13:00:00+00:00,2650.85,2650.96,2650.79,2650.94,251
2026-01-09T13:01:00+00:00,2650.94,2651.02,2650.72,2650.88,527
2026-01-09T13:02:00+00:00,2650.88,2651.13,2650.80,2651.06,911
2026-01-09T13:03:00+00:00,2651.06,2651.31,2650.90,2650.93,940
2026-01-09T13:04:00+00:00,2650.93,2651.07,2650.93,2651.01,943
2026-01-09T13:05:00+00:00,2651.01,2651.42,2650.88,2651.34,422
2026-01-09T13:06:00+00:00,2651.34,2651.79,2651.26,2651.74,56
2026-01-09T13:07:00+00:00,2651.74,2651.79,2651.61,2651.78,956
2026-01-09T13:08:00+00:00,2651.78,2652.07,2651.77,2652.00,334
2026-01-09T13:09:00+00:00,2652.00,2652.20,2651.64,2651.76,608
2026-01-09T13:10:00+00:00,2651.76,2651.95,2651.51,2651.66,100
2026-01-09T13:11:00+00:00,2651.66,2652.02,2651.61,2651.97,265
2026-01-09T13:12:00+00:00,2651.97,2652.09,2651.87,2651.90,260
2026-01-09T13:13:00+00:00,2651.90,2651.97,2651.80,2651.87,66
2026-01-09T13:14:00+00:00,2651.87,2651.92,2651.82,2651.92,201
2026-01-09T13:15:00+00:00,2651.92,2652.18,2651.76,2651.88,205
2026-01-09T13:16:00+00:00,2651.88,2651.96,2651.84,2651.91,62
2026-01-09T13:17:00+00:00,2651.91,2651.91,2651.68,2651.74,54
2026-01-09T13:18:00+00:00,2651.74,2651.77,2651.41,2651.46,446
2026-01-09T13:19:00+00:00,2651.46,2651.54,2651.29,2651.45,241
2026-01-09T13:20:00+00:00,2651.45,2651.52,2651.36,2651.48,80
2026-01-09T13:21:00+00:00,2651.48,2651.89,2651.48,2651.82,78
2026-01-09T13:22:00+00:00,2651.82,2651.86,2651.64,2651.66,315
2026-01-09T13:23:00+00:00,2651.66,2652.10,2651.56,2651.92,273
2026-01-09T13:24:00+00:00,2651.92,2652.38,2651.79,2652.34,501
2026-01-09T13:25:00+00:00,2652.34,2652.37,2652.07,2652.12,691
2026-01-09T13:26:00+00:00,2652.12,2652.18,2651.97,2652.05,134
2026-01-09T13:27:00+00:00,2652.05,2652.10,2651.71,2651.93,1052
2026-01-09T13:28:00+00:00,2651.93,2652.34,2651.80,2652.26,371
2026-01-09T13:29:00+00:00,2652.26,2652.37,2652.06,2652.06,667
2026-01-09T13:30:00+00:00,2652.06,2652.14,2651.98,2652.09,476
2026-01-09T13:31:00+00:00,2652.09,2652.17,2651.99,2652.07,362
2026-01-09T13:32:00+00:00,2652.07,2652.50,2652.00,2652.40,15
2026-01-09T13:33:00+00:00,2652.40,2652.85,2652.38,2652.80,610
2026-01-09T13:34:00+00:00,2652.80,2653.00,2652.71,2652.94,1256
2026-01-09T13:35:00+00:00,2652.94,2653.46,2652.68,2653.35,1247
2026-01-09T13:36:00+00:00,2653.35,2653.43,2652.81,2653.06,434
2026-01-09T13:37:00+00:00,2653.06,2653.40,2653.04,2653.28,258
2026-01-09T13:38:00+00:00,2653.28,2653.32,2653.07,2653.09,145
2026-01-09T13:39:00+00:00,2653.09,2653.19,2652.99,2653.14,153
2026-01-09T13:40:00+00:00,2653.14,2653.39,2653.03,2653.08,425
2026-01-09T13:41:00+00:00,2653.08,2653.11,2652.98,2653.05,747
2026-01-09T13:42:00+00:00,2653.05,2653.12,2652.88,2652.92,1128
2026-01-09T13:43:00+00:00,2652.92,2652.99,2652.60,2652.67,587
2026-01-09T13:44:00+00:00,2652.67,2652.81,2652.58,2652.76,452
2026-01-09T13:45:00+00:00,2652.76,2653.01,2652.66,2652.87,517
2026-01-09T13:46:00+00:00,2652.87,2652.90,2652.85,2652.87,186
2026-01-09T13:47:00+00:00,2652.87,2652.97,2652.58,2652.66,388
2026-01-09T13:48:00+00:00,2652.66,2652.82,2652.27,2652.44,336
2026-01-09T13:49:00+00:00,2652.44,2652.67,2652.03,2652.18,41
2026-01-09T13:50:00+00:00,2652.18,2652.32,2652.01,2652.21,891
2026-01-09T13:51:00+00:00,2652.21,2652.26,2652.18,2652.24,47
2026-01-09T13:52:00+00:00,2652.24,2652.61,2652.21,2652.43,330
2026-01-09T13:53:00+00:00,2652.43,2652.85,2652.39,2652.67,17
2026-01-09T13:54:00+00:00,2652.67,2652.73,2652.49,2652.65,77
2026-01-09T13:55:00+00:00,2652.65,2653.32,2652.65,2653.11,263
2026-01-09T13:56:00+00:00,2653.11,2653.20,2652.97,2653.02,228
2026-01-09T13:57:00+00:00,2653.02,2653.50,2653.00,2653.24,326
2026-01-09T13:58:00+00:00,2653.24,2653.51,2653.18,2653.35,792
2026-01-09T13:59:00+00:00,2653.35,2653.71,2653.14,2653.40,229
2026-01-09T14:00:00+00:00,2653.40,2653.50,2653.32,2653.39,56
2026-01-09T14:01:00+00:00,2653.39,2653.50,2653.24,2653.31,40
2026-01-09T14:02:00+00:00,2653.31,2653.74,2653.23,2653.45,69
2026-01-09T14:03:00+00:00,2653.45,2653.77,2652.82,2652.93,478
2026-01-09T14:04:00+00:00,2652.93,2653.27,2652.91,2653.22,208
2026-01-09T14:05:00+00:00,2653.22,2653.52,2653.13,2653.32,609
2026-01-09T14:06:00+00:00,2653.32,2653.38,2653.20,2653.22,455
2026-01-09T14:07:00+00:00,2653.22,2653.27,2652.90,2653.01,1232
2026-01-09T14:08:00+00:00,2653.01,2653.21,2652.22,2652.32,450
2026-01-09T14:09:00+00:00,2652.32,2652.45,2652.24,2652.28,130
2026-01-09T14:10:00+00:00,2652.28,2652.38,2651.48,2651.57,271
2026-01-09T14:11:00+00:00,2651.57,2651.58,2651.31,2651.57,393
2026-01-09T14:12:00+00:00,2651.57,2651.83,2651.51,2651.73,301
2026-01-09T14:13:00+00:00,2651.73,2651.82,2651.55,2651.78,128
2026-01-09T14:14:00+00:00,2651.78,2651.81,2651.37,2651.38,588
2026-01-09T14:15:00+00:00,2651.38,2651.77,2651.28,2651.68,1100
2026-01-09T14:16:00+00:00,2651.68,2651.73,2651.48,2651.52,200
2026-01-09T14:17:00+00:00,2651.52,2651.54,2651.00,2651.15,897
2026-01-09T14:18:00+00:00,2651.15,2651.30,2651.09,2651.27,1357
2026-01-09T14:19:00+00:00,2651.27,2651.44,2651.21,2651.36,333
2026-01-09T14:20:00+00:00,2651.36,2651.50,2651.23,2651.45,491
2026-01-09T14:21:00+00:00,2651.45,2651.46,2651.34,2651.44,1326
2026-01-09T14:22:00+00:00,2651.44,2651.68,2651.32,2651.51,734
2026-01-09T14:23:00+00:00,2651.51,2651.61,2651.33,2651.41,55
2026-01-09T14:24:00+00:00,2651.41,2651.95,2651.29,2651.61,666
2026-01-09T14:25:00+00:00,2651.61,2651.79,2651.40,2651.71,99
2026-01-09T14:26:00+00:00,2651.71,2651.77,2651.39,2651.56,947
2026-01-09T14:27:00+00:00,2651.56,2651.98,2651.40,2651.77,113
2026-01-09T14:28:00+00:00,2651.77,2652.13,2651.69,2652.01,482
2026-01-09T14:29:00+00:00,2652.01,2652.26,2651.90,2652.11,482
2026-01-09T14:30:00+00:00,2652.11,2652.32,2651.66,2652.15,522
2026-01-09T14:31:00+00:00,2652.15,2652.23,2651.81,2652.08,14
2026-01-09T14:32:00+00:00,2652.08,2652.16,2652.02,2652.05,185
2026-01-09T14:33:00+00:00,2652.05,2652.61,2651.89,2652.51,139
2026-01-09T14:34:00+00:00,2652.51,2652.52,2652.46,2652.52,703
2026-01-09T14:35:00+00:00,2652.52,2652.79,2652.13,2652.36,128
2026-01-09T14:36:00+00:00,2652.36,2652.68,2651.92,2652.08,1329
2026-01-09T14:37:00+00:00,2652.08,2652.32,2651.68,2651.70,143
2026-01-09T14:38:00+00:00,2651.70,2651.78,2651.26,2651.27,65
2026-01-09T14:39:00+00:00,2651.27,2651.30,2651.21,2651.26,246
2026-01-09T14:40:00+00:00,2651.26,2651.59,2651.19,2651.36,221
2026-01-09T14:41:00+00:00,2651.36,2651.86,2651.30,2651.50,1056
2026-01-09T14:42:00+00:00,2651.50,2651.74,2651.39,2651.54,440
2026-01-09T14:43:00+00:00,2651.54,2651.54,2651.16,2651.21,1005
2026-01-09T14:44:00+00:00,2651.21,2651.47,2651.05,2651.36,35
2026-01-09T14:45:00+00:00,2651.36,2651.41,2651.31,2651.38,1014
2026-01-09T14:46:00+00:00,2651.38,2651.48,2651.31,2651.47,769
2026-01-09T14:47:00+00:00,2651.47,2651.65,2651.16,2651.29,8
2026-01-09T14:48:00+00:00,2651.29,2651.65,2651.07,2651.55,225
2026-01-09T14:49:00+00:00,2651.55,2652.12,2651.43,2651.98,288
2026-01-09T14:50:00+00:00,2651.98,2652.15,2651.59,2651.66,436
2026-01-09T14:51:00+00:00,2651.66,2651.77,2651.32,2651.45,104
2026-01-09T14:52:00+00:00,2651.45,2651.63,2651.19,2651.27,677
2026-01-09T14:53:00+00:00,2651.27,2651.58,2650.97,2651.44,135
2026-01-09T14:54:00+00:00,2651.44,2651.95,2651.17,2651.89,251
2026-01-09T14:55:00+00:00,2651.89,2651.94,2651.65,2651.79,109
2026-01-09T14:56:00+00:00,2651.79,2652.16,2651.76,2652.02,617
2026-01-09T14:57:00+00:00,2652.02,2652.24,2651.76,2651.95,636
2026-01-09T14:58:00+00:00,2651.95,2652.25,2651.62,2652.10,242
2026-01-09T14:59:00+00:00,2652.10,2652.52,2652.06,2652.27,76
2026-01-09T15:00:00+00:00,2652.27,2652.36,2652.08,2652.14,324
2026-01-09T15:01:00+00:00,2652.14,2652.31,2652.11,2652.17,1412
2026-01-09T15:02:00+00:00,2652.17,2652.21,2651.70,2651.90,14
2026-01-09T15:03:00+00:00,2651.90,2651.92,2651.03,2651.10,512
2026-01-09T15:04:00+00:00,2651.10,2651.36,2650.94,2651.36,271
2026-01-09T15:05:00+00:00,2651.36,2651.38,2651.12,2651.26,107
2026-01-09T15:06:00+00:00,2651.26,2651.52,2651.24,2651.34,458
2026-01-09T15:07:00+00:00,2651.34,2651.42,2651.20,2651.41,196
2026-01-09T15:08:00+00:00,2651.41,2651.77,2651.24,2651.62,153
2026-01-09T15:09:00+00:00,2651.62,2651.88,2651.53,2651.55,12
2026-01-09T15:10:00+00:00,2651.55,2652.14,2651.53,2651.93,705
2026-01-09T15:11:00+00:00,2651.93,2652.06,2651.57,2651.70,1129
2026-01-09T15:12:00+00:00,2651.70,2652.01,2651.56,2651.97,133
2026-01-09T15:13:00+00:00,2651.97,2652.10,2651.89,2651.95,115
2026-01-09T15:14:00+00:00,2651.95,2652.02,2651.55,2651.61,371
2026-01-09T15:15:00+00:00,2651.61,2651.67,2651.57,2651.65,856
2026-01-09T15:16:00+00:00,2651.65,2652.18,2651.60,2652.02,464
2026-01-09T15:17:00+00:00,2652.02,2652.23,2651.76,2651.91,865
2026-01-09T15:18:00+00:00,2651.91,2652.18,2651.83,2652.17,661
2026-01-09T15:19:00+00:00,2652.17,2652.22,2652.16,2652.18,138
2026-01-09T15:20:00+00:00,2652.18,2652.51,2652.12,2652.40,167
2026-01-09T15:21:00+00:00,2652.40,2652.77,2652.29,2652.60,80
2026-01-09T15:22:00+00:00,2652.60,2652.63,2652.30,2652.40,360
2026-01-09T15:23:00+00:00,2652.40,2652.67,2652.25,2652.60,535
2026-01-09T15:24:00+00:00,2652.60,2652.90,2652.47,2652.79,260
2026-01-09T15:25:00+00:00,2652.79,2652.85,2652.46,2652.77,92
2026-01-09T15:26:00+00:00,2652.77,2652.89,2652.76,2652.84,793
2026-01-09T15:27:00+00:00,2652.84,2653.01,2652.62,2652.98,650
2026-01-09T15:28:00+00:00,2652.98,2653.31,2652.77,2653.20,385
2026-01-09T15:29:00+00:00,2653.20,2653.25,2652.66,2652.73,819
2026-01-09T15:30:00+00:00,2652.73,2653.04,2652.53,2652.94,209
2026-01-09T15:31:00+00:00,2652.94,2653.28,2652.83,2653.18,161
2026-01-09T15:32:00+00:00,2653.18,2653.21,2653.07,2653.16,907
2026-01-09T15:33:00+00:00,2653.16,2653.33,2652.99,2653.20,52
2026-01-09T15:34:00+00:00,2653.20,2653.36,2653.15,2653.27,30
2026-01-09T15:35:00+00:00,2653.27,2653.28,2653.07,2653.08,380
2026-01-09T15:36:00+00:00,2653.08,2653.53,2652.97,2653.45,564
2026-01-09T15:37:00+00:00,2653.45,2653.72,2653.45,2653.58,215
2026-01-09T15:38:00+00:00,2653.58,2654.17,2653.42,2653.87,446
2026-01-09T15:39:00+00:00,2653.87,2653.98,2653.65,2653.83,557
2026-01-09T15:40:00+00:00,2653.83,2653.95,2653.69,2653.77,576
2026-01-09T15:41:00+00:00,2653.77,2654.05,2653.69,2653.75,579
2026-01-09T15:42:00+00:00,2653.75,2653.86,2653.19,2653.38,306
2026-01-09T15:43:00+00:00,2653.38,2653.71,2653.32,2653.54,449
2026-01-09T15:44:00+00:00,2653.54,2653.87,2653.40,2653.80,215
2026-01-09T15:45:00+00:00,2653.80,2653.80,2653.60,2653.60,744
2026-01-09T15:46:00+00:00,2653.60,2653.65,2653.36,2653.42,515
2026-01-09T15:47:00+00:00,2653.42,2653.66,2653.37,2653.47,116
2026-01-09T15:48:00+00:00,2653.47,2654.03,2653.32,2653.88,188
2026-01-09T15:49:00+00:00,2653.88,2654.13,2653.74,2654.12,153
2026-01-09T15:50:00+00:00,2654.12,2654.31,2653.54,2653.88,610
2026-01-09T15:51:00+00:00,2653.88,2653.99,2653.79,2653.94,179
2026-01-09T15:52:00+00:00,2653.94,2654.20,2653.92,2654.12,798
2026-01-09T15:53:00+00:00,2654.12,2654.58,2654.06,2654.44,589
2026-01-09T15:54:00+00:00,2654.44,2654.57,2654.37,2654.42,840
2026-01-09T15:55:00+00:00,2654.42,2654.63,2654.31,2654.44,104
2026-01-09T15:56:00+00:00,2654.44,2654.62,2654.19,2654.25,131
2026-01-09T15:57:00+00:00,2654.25,2654.32,2654.13,2654.14,330
2026-01-09T15:58:00+00:00,2654.14,2654.29,2654.04,2654.27,813
2026-01-09T15:59:00+00:00,2654.27,2654.36,2653.84,2654.03,339
2026-01-09T16:00:00+00:00,2654.03,2654.18,2653.70,2653.79,405
2026-01-09T16:01:00+00:00,2653.79,2654.02,2653.76,2653.89,654
2026-01-09T16:02:00+00:00,2653.89,2654.29,2653.80,2654.11,162
2026-01-09T16:03:00+00:00,2654.11,2654.11,2653.95,2654.01,175
2026-01-09T16:04:00+00:00,2654.01,2654.02,2653.47,2653.60,231
2026-01-09T16:05:00+00:00,2653.60,2654.15,2653.59,2654.08,113
2026-01-09T16:06:00+00:00,2654.08,2654.31,2654.05,2654.20,587
2026-01-09T16:07:00+00:00,2654.20,2654.33,2653.78,2653.91,640
2026-01-09T16:08:00+00:00,2653.91,2653.95,2653.78,2653.87,309
2026-01-09T16:09:00+00:00,2653.87,2654.41,2653.85,2654.07,252
2026-01-09T16:10:00+00:00,2654.07,2654.11,2653.89,2654.05,50
2026-01-09T16:11:00+00:00,2654.05,2654.33,2653.98,2654.17,158
2026-01-09T16:12:00+00:00,2654.17,2654.76,2653.97,2654.75,61
2026-01-09T16:13:00+00:00,2654.75,2654.75,2654.62,2654.70,825
2026-01-09T16:14:00+00:00,2654.70,2655.45,2654.62,2655.14,55
2026-01-09T16:15:00+00:00,2655.14,2655.15,2654.70,2654.73,504
2026-01-09T16:16:00+00:00,2654.73,2654.79,2654.46,2654.65,729
2026-01-09T16:17:00+00:00,2654.65,2655.17,2654.56,2655.04,446
2026-01-09T16:18:00+00:00,2655.04,2655.06,2654.87,2654.95,361
2026-01-09T16:19:00+00:00,2654.95,2654.98,2654.69,2654.70,1275
2026-01-09T16:20:00+00:00,2654.70,2654.74,2654.62,2654.70,373
2026-01-09T16:21:00+00:00,2654.70,2655.09,2654.65,2654.88,712
2026-01-09T16:22:00+00:00,2654.88,2655.08,2654.42,2654.65,634
2026-01-09T16:23:00+00:00,2654.65,2654.91,2654.64,2654.77,350
2026-01-09T16:24:00+00:00,2654.77,2655.15,2654.57,2654.97,571
2026-01-09T16:25:00+00:00,2654.97,2655.09,2654.79,2654.90,412
2026-01-09T16:26:00+00:00,2654.90,2655.13,2654.86,2655.06,4
2026-01-09T16:27:00+00:00,2655.06,2655.12,2654.94,2654.95,317
2026-01-09T16:28:00+00:00,2654.95,2655.02,2654.62,2654.65,476
2026-01-09T16:29:00+00:00,2654.65,2654.80,2654.53,2654.79,117
2026-01-09T16:30:00+00:00,2654.79,2655.19,2654.78,2655.10,150
2026-01-09T16:31:00+00:00,2655.10,2655.20,2654.67,2654.79,974
2026-01-09T16:32:00+00:00,2654.79,2655.70,2654.72,2655.65,220
2026-01-09T16:33:00+00:00,2655.65,2656.02,2655.63,2655.90,760
2026-01-09T16:34:00+00:00,2655.90,2656.32,2655.83,2656.09,84
2026-01-09T16:35:00+00:00,2656.09,2656.25,2656.07,2656.24,20
2026-01-09T16:36:00+00:00,2656.24,2656.48,2656.22,2656.37,596
2026-01-09T16:37:00+00:00,2656.37,2656.42,2656.07,2656.27,418
2026-01-09T16:38:00+00:00,2656.27,2656.28,2655.94,2655.98,160
2026-01-09T16:39:00+00:00,2655.98,2656.28,2655.83,2656.09,748
2026-01-09T16:40:00+00:00,2656.09,2656.25,2655.95,2656.21,81
2026-01-09T16:41:00+00:00,2656.21,2656.25,2656.15,2656.23,387
2026-01-09T16:42:00+00:00,2656.23,2656.63,2656.11,2656.49,414
2026-01-09T16:43:00+00:00,2656.49,2656.68,2656.38,2656.50,620
2026-01-09T16:44:00+00:00,2656.50,2656.85,2656.37,2656.84,541
2026-01-09T16:45:00+00:00,2656.84,2656.98,2656.62,2656.92,394
2026-01-09T16:46:00+00:00,2656.92,2657.00,2656.57,2656.77,218
2026-01-09T16:47:00+00:00,2656.77,2656.88,2656.49,2656.67,376
2026-01-09T16:48:00+00:00,2656.67,2656.85,2656.26,2656.30,138
2026-01-09T16:49:00+00:00,2656.30,2656.45,2656.28,2656.37,132
2026-01-09T16:50:00+00:00,2656.37,2656.64,2656.24,2656.60,599
2026-01-09T16:51:00+00:00,2656.60,2656.71,2656.56,2656.71,51
2026-01-09T16:52:00+00:00,2656.71,2656.81,2656.63,2656.63,138
2026-01-09T16:53:00+00:00,2656.63,2656.78,2656.59,2656.75,596
2026-01-09T16:54:00+00:00,2656.75,2656.77,2656.39,2656.50,469
2026-01-09T16:55:00+00:00,2656.50,2656.51,2656.43,2656.46,15
2026-01-09T16:56:00+00:00,2656.46,2656.49,2655.93,2656.21,397
2026-01-09T16:57:00+00:00,2656.21,2656.27,2656.14,2656.25,144
2026-01-09T16:58:00+00:00,2656.25,2656.31,2655.95,2655.99,889
2026-01-09T16:59:00+00:00,2655.99,2656.22,2655.82,2656.06,654
2026-01-09T17:00:00+00:00,2656.06,2656.41,2656.00,2656.34,432
2026-01-09T17:01:00+00:00,2656.34,2656.34,2656.09,2656.13,584
2026-01-09T17:02:00+00:00,2656.13,2656.23,2655.97,2656.00,1727
2026-01-09T17:03:00+00:00,2656.00,2656.20,2655.98,2656.05,53
2026-01-09T17:04:00+00:00,2656.05,2656.13,2655.94,2656.01,483
2026-01-09T17:05:00+00:00,2656.01,2656.29,2655.89,2656.08,624
2026-01-09T17:06:00+00:00,2656.08,2656.12,2655.82,2656.01,131
2026-01-09T17:07:00+00:00,2656.01,2656.13,2655.80,2655.90,32
2026-01-09T17:08:00+00:00,2655.90,2656.01,2655.76,2655.97,362
2026-01-09T17:09:00+00:00,2655.97,2656.06,2655.86,2656.00,527
2026-01-09T17:10:00+00:00,2656.00,2656.09,2655.74,2655.85,141
2026-01-09T17:11:00+00:00,2655.85,2655.99,2655.65,2655.82,648
2026-01-09T17:12:00+00:00,2655.82,2656.00,2655.73,2655.97,400
2026-01-09T17:13:00+00:00,2655.97,2656.08,2655.85,2655.92,582
2026-01-09T17:14:00+00:00,2655.92,2656.49,2655.85,2656.38,395
2026-01-09T17:15:00+00:00,2656.38,2656.77,2656.33,2656.67,882
2026-01-09T17:16:00+00:00,2656.67,2656.88,2656.60,2656.77,501
2026-01-09T17:17:00+00:00,2656.77,2656.87,2656.50,2656.76,408
2026-01-09T17:18:00+00:00,2656.76,2656.78,2656.39,2656.65,679
2026-01-09T17:19:00+00:00,2656.65,2656.67,2656.07,2656.16,210
2026-01-09T17:20:00+00:00,2656.16,2656.41,2656.11,2656.39,435
2026-01-09T17:21:00+00:00,2656.39,2656.69,2656.38,2656.55,559
2026-01-09T17:22:00+00:00,2656.55,2656.89,2656.50,2656.81,151
2026-01-09T17:23:00+00:00,2656.81,2656.82,2656.49,2656.59,778
2026-01-09T17:24:00+00:00,2656.59,2656.63,2656.29,2656.39,1035
2026-01-09T17:25:00+00:00,2656.39,2656.50,2655.97,2656.03,703
2026-01-09T17:26:00+00:00,2656.03,2656.04,2655.52,2655.64,465
2026-01-09T17:27:00+00:00,2655.64,2655.89,2655.62,2655.84,782
2026-01-09T17:28:00+00:00,2655.84,2656.01,2655.74,2655.96,110
2026-01-09T17:29:00+00:00,2655.96,2656.34,2655.90,2656.12,1384
2026-01-09T17:30:00+00:00,2656.12,2656.41,2656.10,2656.23,107
2026-01-09T17:31:00+00:00,2656.23,2656.46,2656.17,2656.43,38
2026-01-09T17:32:00+00:00,2656.43,2656.70,2656.24,2656.62,324
2026-01-09T17:33:00+00:00,2656.62,2656.83,2656.56,2656.83,403
2026-01-09T17:34:00+00:00,2656.83,2657.10,2656.83,2657.10,120
2026-01-09T17:35:00+00:00,2657.10,2657.36,2657.09,2657.33,836
2026-01-09T17:36:00+00:00,2657.33,2657.37,2657.08,2657.26,313
2026-01-09T17:37:00+00:00,2657.26,2657.31,2656.92,2657.00,417
2026-01-09T17:38:00+00:00,2657.00,2657.02,2656.57,2656.58,295
2026-01-09T17:39:00+00:00,2656.58,2656.92,2656.29,2656.74,169
2026-01-09T17:40:00+00:00,2656.74,2656.81,2656.69,2656.81,314
2026-01-09T17:41:00+00:00,2656.81,2656.83,2656.46,2656.47,331
2026-01-09T17:42:00+00:00,2656.47,2656.48,2656.36,2656.43,162
2026-01-09T17:43:00+00:00,2656.43,2656.66,2656.27,2656.55,114
2026-01-09T17:44:00+00:00,2656.55,2656.60,2656.30,2656.31,134
2026-01-09T17:45:00+00:00,2656.31,2656.37,2656.11,2656.24,466
2026-01-09T17:46:00+00:00,2656.24,2656.34,2656.03,2656.11,540
2026-01-09T17:47:00+00:00,2656.11,2656.29,2655.99,2656.26,52
2026-01-09T17:48:00+00:00,2656.26,2656.29,2655.87,2655.92,284
2026-01-09T17:49:00+00:00,2655.92,2656.29,2655.77,2656.17,162
2026-01-09T17:50:00+00:00,2656.17,2656.71,2656.12,2656.51,134
2026-01-09T17:51:00+00:00,2656.51,2656.92,2656.35,2656.76,221
2026-01-09T17:52:00+00:00,2656.76,2656.77,2656.75,2656.76,575
2026-01-09T17:53:00+00:00,2656.76,2656.82,2656.49,2656.67,222
2026-01-09T17:54:00+00:00,2656.67,2656.71,2656.25,2656.29,346
2026-01-09T17:55:00+00:00,2656.29,2656.30,2656.02,2656.06,211
2026-01-09T17:56:00+00:00,2656.06,2656.26,2656.02,2656.16,376
2026-01-09T17:57:00+00:00,2656.16,2656.41,2656.12,2656.24,289
2026-01-09T17:58:00+00:00,2656.24,2656.50,2656.20,2656.46,311
2026-01-09T17:59:00+00:00,2656.46,2656.54,2656.30,2656.36,470
2026-01-09T18:00:00+00:00,2656.36,2656.40,2656.16,2656.24,724
2026-01-09T18:01:00+00:00,2656.24,2656.32,2655.87,2655.90,215
2026-01-09T18:02:00+00:00,2655.90,2656.00,2655.70,2655.71,195
2026-01-09T18:03:00+00:00,2655.71,2655.80,2655.57,2655.67,226
2026-01-09T18:04:00+00:00,2655.67,2655.80,2655.47,2655.70,138
2026-01-09T18:05:00+00:00,2655.70,2656.14,2655.56,2656.01,253
2026-01-09T18:06:00+00:00,2656.01,2656.01,2655.72,2655.82,136
2026-01-09T18:07:00+00:00,2655.82,2656.13,2655.73,2656.09,343
2026-01-09T18:08:00+00:00,2656.09,2656.19,2655.79,2655.81,710
2026-01-09T18:09:00+00:00,2655.81,2655.84,2655.47,2655.67,256
2026-01-09T18:10:00+00:00,2655.67,2655.71,2655.58,2655.63,436
2026-01-09T18:11:00+00:00,2655.63,2655.70,2655.53,2655.64,315
2026-01-09T18:12:00+00:00,2655.64,2655.69,2655.32,2655.43,439
2026-01-09T18:13:00+00:00,2655.43,2655.45,2654.94,2655.01,134
2026-01-09T18:14:00+00:00,2655.01,2655.51,2654.98,2655.39,213
2026-01-09T18:15:00+00:00,2655.39,2655.42,2655.18,2655.26,899
2026-01-09T18:16:00+00:00,2655.26,2655.37,2655.23,2655.34,762
2026-01-09T18:17:00+00:00,2655.34,2655.41,2655.19,2655.41,491
2026-01-09T18:18:00+00:00,2655.41,2655.60,2655.32,2655.55,584
2026-01-09T18:19:00+00:00,2655.55,2655.70,2655.50,2655.59,705
2026-01-09T18:20:00+00:00,2655.59,2655.61,2655.47,2655.48,450
2026-01-09T18:21:00+00:00,2655.48,2655.55,2655.25,2655.47,105
2026-01-09T18:22:00+00:00,2655.47,2655.72,2655.43,2655.68,315
2026-01-09T18:23:00+00:00,2655.68,2655.68,2655.45,2655.49,221
2026-01-09T18:24:00+00:00,2655.49,2655.72,2655.25,2655.62,810
2026-01-09T18:25:00+00:00,2655.62,2655.62,2655.48,2655.58,259
2026-01-09T18:26:00+00:00,2655.58,2655.74,2655.51,2655.64,145
2026-01-09T18:27:00+00:00,2655.64,2655.93,2655.58,2655.75,244
2026-01-09T18:28:00+00:00,2655.75,2655.78,2655.68,2655.73,344
2026-01-09T18:29:00+00:00,2655.73,2655.75,2655.54,2655.61,669
2026-01-09T18:30:00+00:00,2655.61,2655.69,2655.42,2655.44,157
2026-01-09T18:31:00+00:00,2655.44,2655.48,2655.23,2655.30,172
2026-01-09T18:32:00+00:00,2655.30,2655.33,2655.16,2655.24,10
2026-01-09T18:33:00+00:00,2655.24,2655.59,2655.09,2655.28,512
2026-01-09T18:34:00+00:00,2655.28,2655.59,2655.25,2655.43,334
2026-01-09T18:35:00+00:00,2655.43,2655.51,2655.29,2655.37,18
2026-01-09T18:36:00+00:00,2655.37,2655.47,2655.26,2655.45,429
2026-01-09T18:37:00+00:00,2655.45,2655.73,2655.40,2655.71,978
2026-01-09T18:38:00+00:00,2655.71,2655.89,2655.59,2655.75,283
2026-01-09T18:39:00+00:00,2655.75,2655.85,2655.43,2655.54,328
2026-01-09T18:40:00+00:00,2655.54,2655.61,2655.13,2655.32,197
2026-01-09T18:41:00+00:00,2655.32,2655.66,2655.16,2655.65,93
2026-01-09T18:42:00+00:00,2655.65,2655.73,2655.42,2655.45,436
2026-01-09T18:43:00+00:00,2655.45,2655.47,2655.36,2655.37,149
2026-01-09T18:44:00+00:00,2655.37,2655.49,2655.29,2655.48,229
2026-01-09T18:45:00+00:00,2655.48,2655.63,2655.39,2655.39,286
2026-01-09T18:46:00+00:00,2655.39,2655.42,2655.18,2655.22,118
2026-01-09T18:47:00+00:00,2655.22,2655.46,2655.19,2655.42,293
2026-01-09T18:48:00+00:00,2655.42,2655.67,2655.38,2655.60,271
2026-01-09T18:49:00+00:00,2655.60,2655.79,2655.53,2655.72,10
2026-01-09T18:50:00+00:00,2655.72,2656.01,2655.71,2655.99,424
2026-01-09T18:51:00+00:00,2655.99,2656.06,2655.90,2655.99,560
2026-01-09T18:52:00+00:00,2655.99,2656.02,2655.96,2655.97,271
2026-01-09T18:53:00+00:00,2655.97,2655.98,2655.94,2655.96,96
2026-01-09T18:54:00+00:00,2655.96,2656.13,2655.60,2655.79,253
2026-01-09T18:55:00+00:00,2655.79,2655.85,2655.48,2655.48,99
2026-01-09T18:56:00+00:00,2655.48,2655.48,2655.23,2655.29,119
2026-01-09T18:57:00+00:00,2655.29,2655.41,2655.08,2655.30,639
2026-01-09T18:58:00+00:00,2655.30,2655.44,2655.07,2655.20,485
2026-01-09T18:59:00+00:00,2655.20,2655.28,2654.90,2654.99,144
2026-01-09T19:00:00+00:00,2654.99,2655.01,2654.72,2654.76,237
2026-01-09T19:01:00+00:00,2654.76,2654.77,2654.57,2654.71,376
2026-01-09T19:02:00+00:00,2654.71,2654.78,2654.63,2654.74,469
2026-01-09T19:03:00+00:00,2654.74,2654.85,2654.70,2654.82,382
2026-01-09T19:04:00+00:00,2654.82,2654.90,2654.56,2654.62,70
2026-01-09T19:05:00+00:00,2654.62,2654.67,2654.56,2654.61,600
2026-01-09T19:06:00+00:00,2654.61,2654.77,2654.57,2654.62,365
2026-01-09T19:07:00+00:00,2654.62,2654.69,2654.30,2654.36,76
2026-01-09T19:08:00+00:00,2654.36,2654.43,2654.28,2654.31,97
2026-01-09T19:09:00+00:00,2654.31,2654.41,2654.22,2654.24,59
2026-01-09T19:10:00+00:00,2654.24,2654.25,2654.10,2654.17,372
2026-01-09T19:11:00+00:00,2654.17,2654.25,2653.81,2653.88,723
2026-01-09T19:12:00+00:00,2653.88,2654.16,2653.77,2653.98,56
2026-01-09T19:13:00+00:00,2653.98,2654.03,2653.97,2654.02,197
2026-01-09T19:14:00+00:00,2654.02,2654.17,2653.92,2654.12,465
2026-01-09T19:15:00+00:00,2654.12,2654.24,2654.10,2654.18,512
2026-01-09T19:16:00+00:00,2654.18,2654.33,2654.09,2654.16,134
2026-01-09T19:17:00+00:00,2654.16,2654.22,2653.96,2654.00,65
2026-01-09T19:18:00+00:00,2654.00,2654.04,2653.91,2653.98,402
2026-01-09T19:19:00+00:00,2653.98,2654.03,2653.85,2653.94,164
2026-01-09T19:20:00+00:00,2653.94,2654.07,2653.89,2654.01,634
2026-01-09T19:21:00+00:00,2654.01,2654.13,2653.98,2654.12,7
2026-01-09T19:22:00+00:00,2654.12,2654.30,2653.94,2653.95,42
2026-01-09T19:23:00+00:00,2653.95,2654.39,2653.94,2654.31,85
2026-01-09T19:24:00+00:00,2654.31,2654.34,2654.22,2654.23,341
2026-01-09T19:25:00+00:00,2654.23,2654.29,2654.22,2654.24,400
2026-01-09T19:26:00+00:00,2654.24,2654.28,2654.23,2654.26,753
2026-01-09T19:27:00+00:00,2654.26,2654.36,2654.23,2654.35,1095
2026-01-09T19:28:00+00:00,2654.35,2654.40,2654.21,2654.24,95
2026-01-09T19:29:00+00:00,2654.24,2654.25,2654.20,2654.21,551
2026-01-09T19:30:00+00:00,2654.21,2654.37,2654.12,2654.31,177
2026-01-09T19:31:00+00:00,2654.31,2654.32,2653.97,2654.11,512
2026-01-09T19:32:00+00:00,2654.11,2654.25,2653.82,2653.86,358
2026-01-09T19:33:00+00:00,2653.86,2653.89,2653.62,2653.70,365
2026-01-09T19:34:00+00:00,2653.70,2653.94,2653.70,2653.83,71
2026-01-09T19:35:00+00:00,2653.83,2653.91,2653.75,2653.80,196
2026-01-09T19:36:00+00:00,2653.80,2653.81,2653.78,2653.79,638
2026-01-09T19:37:00+00:00,2653.79,2653.83,2653.74,2653.77,110
2026-01-09T19:38:00+00:00,2653.77,2654.03,2653.73,2654.01,890
2026-01-09T19:39:00+00:00,2654.01,2654.10,2653.92,2653.96,55
2026-01-09T19:40:00+00:00,2653.96,2654.02,2653.91,2653.97,717
2026-01-09T19:41:00+00:00,2653.97,2653.99,2653.89,2653.91,382
2026-01-09T19:42:00+00:00,2653.91,2653.98,2653.75,2653.78,402
2026-01-09T19:43:00+00:00,2653.78,2653.83,2653.38,2653.45,181
2026-01-09T19:44:00+00:00,2653.45,2653.52,2653.34,2653.43,473
2026-01-09T19:45:00+00:00,2653.43,2653.53,2653.33,2653.43,251
2026-01-09T19:46:00+00:00,2653.43,2653.47,2653.02,2653.21,29
2026-01-09T19:47:00+00:00,2653.21,2653.35,2653.20,2653.27,126
2026-01-09T19:48:00+00:00,2653.27,2653.36,2652.89,2653.06,265
2026-01-09T19:49:00+00:00,2653.06,2653.13,2653.01,2653.07,114
2026-01-09T19:50:00+00:00,2653.07,2653.22,2652.98,2653.15,30
2026-01-09T19:51:00+00:00,2653.15,2653.23,2653.07,2653.14,603
2026-01-09T19:52:00+00:00,2653.14,2653.24,2653.10,2653.20,19
2026-01-09T19:53:00+00:00,2653.20,2653.26,2653.02,2653.13,585
2026-01-09T19:54:00+00:00,2653.13,2653.20,2653.02,2653.06,67
2026-01-09T19:55:00+00:00,2653.06,2653.13,2652.88,2652.99,640
2026-01-09T19:56:00+00:00,2652.99,2653.09,2652.81,2652.82,159
2026-01-09T19:57:00+00:00,2652.82,2652.84,2652.50,2652.56,105
2026-01-09T19:58:00+00:00,2652.56,2652.71,2652.54,2652.60,169
2026-01-09T19:59:00+00:00,2652.60,2652.88,2652.55,2652.81,119
2026-01-09T20:00:00+00:00,2652.81,2652.99,2652.80,2652.94,392
2026-01-09T20:01:00+00:00,2652.94,2652.95,2652.50,2652.66,171
2026-01-09T20:02:00+00:00,2652.66,2652.74,2652.66,2652.70,87
2026-01-09T20:03:00+00:00,2652.70,2653.10,2652.69,2653.05,425
2026-01-09T20:04:00+00:00,2653.05,2653.14,2652.83,2652.85,529
2026-01-09T20:05:00+00:00,2652.85,2652.89,2652.72,2652.89,140
2026-01-09T20:06:00+00:00,2652.89,2652.97,2652.72,2652.72,331
2026-01-09T20:07:00+00:00,2652.72,2652.77,2652.67,2652.72,551
2026-01-09T20:08:00+00:00,2652.72,2652.85,2652.60,2652.66,461
2026-01-09T20:09:00+00:00,2652.66,2652.71,2652.40,2652.53,172
2026-01-09T20:10:00+00:00,2652.53,2652.77,2652.45,2652.70,159
2026-01-09T20:11:00+00:00,2652.70,2652.89,2652.67,2652.86,91
2026-01-09T20:12:00+00:00,2652.86,2652.93,2652.80,2652.85,206
2026-01-09T20:13:00+00:00,2652.85,2652.87,2652.80,2652.80,159
2026-01-09T20:14:00+00:00,2652.80,2652.84,2652.58,2652.69,368
2026-01-09T20:15:00+00:00,2652.69,2652.80,2652.54,2652.58,33
2026-01-09T20:16:00+00:00,2652.58,2652.71,2652.53,2652.62,17
2026-01-09T20:17:00+00:00,2652.62,2652.69,2652.55,2652.59,126
2026-01-09T20:18:00+00:00,2652.59,2652.65,2652.39,2652.52,269
2026-01-09T20:19:00+00:00,2652.52,2652.56,2652.38,2652.49,23
2026-01-09T20:20:00+00:00,2652.49,2652.76,2652.43,2652.65,85
2026-01-09T20:21:00+00:00,2652.65,2652.86,2652.63,2652.80,124
2026-01-09T20:22:00+00:00,2652.80,2652.83,2652.67,2652.70,110
2026-01-09T20:23:00+00:00,2652.70,2652.79,2652.58,2652.63,313
2026-01-09T20:24:00+00:00,2652.63,2652.69,2652.56,2652.57,43
2026-01-09T20:25:00+00:00,2652.57,2652.61,2652.45,2652.61,138
2026-01-09T20:26:00+00:00,2652.61,2652.74,2652.55,2652.72,530
2026-01-09T20:27:00+00:00,2652.72,2652.73,2652.39,2652.50,82
2026-01-09T20:28:00+00:00,2652.50,2652.60,2652.49,2652.53,182
2026-01-09T20:29:00+00:00,2652.53,2652.64,2652.53,2652.56,528
2026-01-09T20:30:00+00:00,2652.56,2652.64,2652.46,2652.49,202
2026-01-09T20:31:00+00:00,2652.49,2652.66,2652.45,2652.52,161
2026-01-09T20:32:00+00:00,2652.52,2652.56,2652.46,2652.51,76
2026-01-09T20:33:00+00:00,2652.51,2652.64,2652.50,2652.53,411
2026-01-09T20:34:00+00:00,2652.53,2652.71,2652.51,2652.58,296
2026-01-09T20:35:00+00:00,2652.58,2652.60,2652.45,2652.56,511
2026-01-09T20:36:00+00:00,2652.56,2652.64,2652.50,2652.62,474
2026-01-09T20:37:00+00:00,2652.62,2652.93,2652.56,2652.78,330
2026-01-09T20:38:00+00:00,2652.78,2652.83,2652.55,2652.61,109
2026-01-09T20:39:00+00:00,2652.61,2652.65,2652.38,2652.38,182
2026-01-09T20:40:00+00:00,2652.38,2652.41,2652.24,2652.27,88
2026-01-09T20:41:00+00:00,2652.27,2652.29,2652.03,2652.05,493
2026-01-09T20:42:00+00:00,2652.05,2652.05,2651.80,2651.90,64
2026-01-09T20:43:00+00:00,2651.90,2651.94,2651.75,2651.76,310
2026-01-09T20:44:00+00:00,2651.76,2651.99,2651.72,2651.90,157
2026-01-09T20:45:00+00:00,2651.90,2651.94,2651.73,2651.74,207
2026-01-09T20:46:00+00:00,2651.74,2651.97,2651.72,2651.86,214
2026-01-09T20:47:00+00:00,2651.86,2651.91,2651.84,2651.88,168
2026-01-09T20:48:00+00:00,2651.88,2651.95,2651.87,2651.90,150
2026-01-09T20:49:00+00:00,2651.90,2651.91,2651.73,2651.79,270
2026-01-09T20:50:00+00:00,2651.79,2651.82,2651.37,2651.40,137
2026-01-09T20:51:00+00:00,2651.40,2651.47,2651.14,2651.17,91
2026-01-09T20:52:00+00:00,2651.17,2651.24,2651.13,2651.21,165
2026-01-09T20:53:00+00:00,2651.21,2651.25,2651.14,2651.25,250
2026-01-09T20:54:00+00:00,2651.25,2651.32,2651.05,2651.09,312
2026-01-09T20:55:00+00:00,2651.09,2651.25,2651.07,2651.18,310
2026-01-09T20:56:00+00:00,2651.18,2651.28,2651.15,2651.19,125
2026-01-09T20:57:00+00:00,2651.19,2651.38,2651.16,2651.34,306
2026-01-09T20:58:00+00:00,2651.34,2651.52,2651.32,2651.45,77
2026-01-09T20:59:00+00:00,2651.45,2651.58,2651.44,2651.57,121
2026-01-09T21:00:00+00:00,2651.57,2651.66,2651.47,2651.63,1
2026-01-09T21:01:00+00:00,2651.63,2651.85,2651.61,2651.82,106
2026-01-09T21:02:00+00:00,2651.82,2651.86,2651.44,2651.56,183
2026-01-09T21:03:00+00:00,2651.56,2651.69,2651.50,2651.67,166
2026-01-09T21:04:00+00:00,2651.67,2651.84,2651.66,2651.80,61
2026-01-09T21:05:00+00:00,2651.80,2652.01,2651.66,2651.95,46
2026-01-09T21:06:00+00:00,2651.95,2651.95,2651.92,2651.92,350
2026-01-09T21:07:00+00:00,2651.92,2651.98,2651.90,2651.91,79
2026-01-09T21:08:00+00:00,2651.91,2652.25,2651.81,2652.10,299
2026-01-09T21:09:00+00:00,2652.10,2652.13,2651.97,2652.07,279
2026-01-09T21:10:00+00:00,2652.07,2652.16,2651.86,2651.98,148
2026-01-09T21:11:00+00:00,2651.98,2652.08,2651.94,2652.05,6
2026-01-09T21:12:00+00:00,2652.05,2652.15,2652.02,2652.13,285
2026-01-09T21:13:00+00:00,2652.13,2652.22,2652.04,2652.07,452
2026-01-09T21:14:00+00:00,2652.07,2652.25,2652.05,2652.24,303
2026-01-09T21:15:00+00:00,2652.24,2652.32,2652.16,2652.29,45
2026-01-09T21:16:00+00:00,2652.29,2652.34,2652.18,2652.22,264
2026-01-09T21:17:00+00:00,2652.22,2652.30,2651.99,2652.06,115
2026-01-09T21:18:00+00:00,2652.06,2652.16,2651.87,2651.89,47
2026-01-09T21:19:00+00:00,2651.89,2651.97,2651.88,2651.92,228
2026-01-09T21:20:00+00:00,2651.92,2651.99,2651.88,2651.90,261
2026-01-09T21:21:00+00:00,2651.90,2652.00,2651.82,2651.82,167
2026-01-09T21:22:00+00:00,2651.82,2652.13,2651.78,2652.04,89
2026-01-09T21:23:00+00:00,2652.04,2652.07,2651.90,2651.93,213
2026-01-09T21:24:00+00:00,2651.93,2651.97,2651.75,2651.84,185
2026-01-09T21:25:00+00:00,2651.84,2651.88,2651.72,2651.78,32
2026-01-09T21:26:00+00:00,2651.78,2651.96,2651.71,2651.93,336
2026-01-09T21:27:00+00:00,2651.93,2651.97,2651.75,2651.86,115
2026-01-09T21:28:00+00:00,2651.86,2652.04,2651.72,2652.02,190
2026-01-09T21:29:00+00:00,2652.02,2652.07,2651.95,2652.07,266
2026-01-09T21:30:00+00:00,2652.07,2652.15,2651.98,2652.10,87
2026-01-09T21:31:00+00:00,2652.10,2652.47,2652.04,2652.45,332
2026-01-09T21:32:00+00:00,2652.45,2652.65,2652.36,2652.58,127
2026-01-09T21:33:00+00:00,2652.58,2652.84,2652.58,2652.77,347
2026-01-09T21:34:00+00:00,2652.77,2652.93,2652.76,2652.88,26
2026-01-09T21:35:00+00:00,2652.88,2652.89,2652.81,2652.86,117
2026-01-09T21:36:00+00:00,2652.86,2652.99,2652.71,2652.80,738
2026-01-09T21:37:00+00:00,2652.80,2652.92,2652.75,2652.76,173
2026-01-09T21:38:00+00:00,2652.76,2652.84,2652.75,2652.81,38
2026-01-09T21:39:00+00:00,2652.81,2652.91,2652.80,2652.88,180
2026-01-09T21:40:00+00:00,2652.88,2653.03,2652.87,2653.02,187
2026-01-09T21:41:00+00:00,2653.02,2653.14,2652.84,2652.84,373
2026-01-09T21:42:00+00:00,2652.84,2652.98,2652.81,2652.90,254
2026-01-09T21:43:00+00:00,2652.90,2652.92,2652.80,2652.81,33
2026-01-09T21:44:00+00:00,2652.81,2652.90,2652.70,2652.78,65
2026-01-09T21:45:00+00:00,2652.78,2652.87,2652.54,2652.64,164
2026-01-09T21:46:00+00:00,2652.64,2652.78,2652.55,2652.76,323
2026-01-09T21:47:00+00:00,2652.76,2652.98,2652.72,2652.96,375
2026-01-09T21:48:00+00:00,2652.96,2653.01,2652.92,2652.98,222
2026-01-09T21:49:00+00:00,2652.98,2653.22,2652.95,2653.20,22
2026-01-09T21:50:00+00:00,2653.20,2653.27,2652.98,2653.03,337
2026-01-09T21:51:00+00:00,2653.03,2653.17,2653.00,2653.14,234
2026-01-09T21:52:00+00:00,2653.14,2653.28,2653.09,2653.26,477
2026-01-09T21:53:00+00:00,2653.26,2653.34,2653.18,2653.24,39
2026-01-09T21:54:00+00:00,2653.24,2653.38,2653.14,2653.22,520
2026-01-09T21:55:00+00:00,2653.22,2653.32,2653.18,2653.23,404
2026-01-09T21:56:00+00:00,2653.23,2653.37,2653.12,2653.33,371
2026-01-09T21:57:00+00:00,2653.33,2653.55,2653.20,2653.45,530
2026-01-09T21:58:00+00:00,2653.45,2653.47,2653.44,2653.44,131
2026-01-09T21:59:00+00:00,2653.44,2653.49,2653.23,2653.25,254
2026-01-09T22:00:00+00:00,2653.25,2653.37,2653.19,2653.25,168
2026-01-09T22:01:00+00:00,2653.25,2653.38,2653.24,2653.35,201
2026-01-09T22:02:00+00:00,2653.35,2653.35,2653.24,2653.25,156
2026-01-09T22:03:00+00:00,2653.25,2653.36,2653.24,2653.29,268
2026-01-09T22:04:00+00:00,2653.29,2653.37,2653.25,2653.37,138
2026-01-09T22:05:00+00:00,2653.37,2653.38,2653.13,2653.22,79
2026-01-09T22:06:00+00:00,2653.22,2653.27,2653.20,2653.26,191
2026-01-09T22:07:00+00:00,2653.26,2653.41,2653.16,2653.25,360
2026-01-09T22:08:00+00:00,2653.25,2653.38,2653.15,2653.17,167
2026-01-09T22:09:00+00:00,2653.17,2653.17,2653.14,2653.17,5
2026-01-09T22:10:00+00:00,2653.17,2653.20,2653.07,2653.15,193
2026-01-09T22:11:00+00:00,2653.15,2653.19,2652.80,2652.97,233
2026-01-09T22:12:00+00:00,2652.97,2653.07,2652.96,2653.06,187
2026-01-09T22:13:00+00:00,2653.06,2653.13,2652.98,2653.11,702
2026-01-09T22:14:00+00:00,2653.11,2653.16,2652.91,2652.97,3
2026-01-09T22:15:00+00:00,2652.97,2653.01,2652.83,2652.87,465
2026-01-09T22:16:00+00:00,2652.87,2652.92,2652.74,2652.88,136
2026-01-09T22:17:00+00:00,2652.88,2653.01,2652.88,2652.96,499
2026-01-09T22:18:00+00:00,2652.96,2652.98,2652.81,2652.86,170
2026-01-09T22:19:00+00:00,2652.86,2652.86,2652.79,2652.80,74
2026-01-09T22:20:00+00:00,2652.80,2652.90,2652.72,2652.74,286
2026-01-09T22:21:00+00:00,2652.74,2652.83,2652.69,2652.70,99
2026-01-09T22:22:00+00:00,2652.70,2652.88,2652.70,2652.85,119
2026-01-09T22:23:00+00:00,2652.85,2652.90,2652.83,2652.86,173
2026-01-09T22:24:00+00:00,2652.86,2652.94,2652.82,2652.84,267
2026-01-09T22:25:00+00:00,2652.84,2652.92,2652.82,2652.87,60
2026-01-09T22:26:00+00:00,2652.87,2652.90,2652.78,2652.84,572
2026-01-09T22:27:00+00:00,2652.84,2652.85,2652.77,2652.81,96
2026-01-09T22:28:00+00:00,2652.81,2652.90,2652.77,2652.81,325
2026-01-09T22:29:00+00:00,2652.81,2652.97,2652.77,2652.95,233
2026-01-09T22:30:00+00:00,2652.95,2653.02,2652.90,2652.91,179
2026-01-09T22:31:00+00:00,2652.91,2652.92,2652.84,2652.87,427
2026-01-09T22:32:00+00:00,2652.87,2652.92,2652.74,2652.75,449
2026-01-09T22:33:00+00:00,2652.75,2652.80,2652.73,2652.75,132
2026-01-09T22:34:00+00:00,2652.75,2653.15,2652.65,2653.04,535
2026-01-09T22:35:00+00:00,2653.04,2653.06,2652.91,2652.92,329
2026-01-09T22:36:00+00:00,2652.92,2653.00,2652.88,2652.99,12
2026-01-09T22:37:00+00:00,2652.99,2653.07,2652.91,2652.98,32
2026-01-09T22:38:00+00:00,2652.98,2653.07,2652.88,2652.90,13
2026-01-09T22:39:00+00:00,2652.90,2652.94,2652.87,2652.93,198
2026-01-09T22:40:00+00:00,2652.93,2652.93,2652.74,2652.80,234
2026-01-09T22:41:00+00:00,2652.80,2652.91,2652.61,2652.66,210
2026-01-09T22:42:00+00:00,2652.66,2652.74,2652.59,2652.60,160
2026-01-09T22:43:00+00:00,2652.60,2652.61,2652.56,2652.56,16
2026-01-09T22:44:00+00:00,2652.56,2652.80,2652.51,2652.75,212
2026-01-09T22:45:00+00:00,2652.75,2652.89,2652.65,2652.66,185
2026-01-09T22:46:00+00:00,2652.66,2652.78,2652.52,2652.55,58
2026-01-09T22:47:00+00:00,2652.55,2652.75,2652.52,2652.73,57
2026-01-09T22:48:00+00:00,2652.73,2652.74,2652.57,2652.68,272
2026-01-09T22:49:00+00:00,2652.68,2652.82,2652.67,2652.74,49
2026-01-09T22:50:00+00:00,2652.74,2652.87,2652.69,2652.83,269
2026-01-09T22:51:00+00:00,2652.83,2652.88,2652.66,2652.67,290
2026-01-09T22:52:00+00:00,2652.67,2652.72,2652.66,2652.68,267
2026-01-09T22:53:00+00:00,2652.68,2652.74,2652.54,2652.56,250
2026-01-09T22:54:00+00:00,2652.56,2652.61,2652.54,2652.54,167
2026-01-09T22:55:00+00:00,2652.54,2652.55,2652.50,2652.51,124
2026-01-09T22:56:00+00:00,2652.51,2652.61,2652.45,2652.60,63
2026-01-09T22:57:00+00:00,2652.60,2652.62,2652.37,2652.46,467
2026-01-09T22:58:00+00:00,2652.46,2652.46,2652.37,2652.38,349
2026-01-09T22:59:00+00:00,2652.38,2652.53,2652.29,2652.48,200
2026-01-09T23:00:00+00:00,2652.48,2652.56,2652.47,2652.56,266
2026-01-09T23:01:00+00:00,2652.56,2652.65,2652.48,2652.64,335
2026-01-09T23:02:00+00:00,2652.64,2652.69,2652.55,2652.69,373
2026-01-09T23:03:00+00:00,2652.69,2652.79,2652.68,2652.68,342
2026-01-09T23:04:00+00:00,2652.68,2652.86,2652.63,2652.80,52
2026-01-09T23:05:00+00:00,2652.80,2652.91,2652.77,2652.91,240
2026-01-09T23:06:00+00:00,2652.91,2653.06,2652.78,2653.06,183
2026-01-09T23:07:00+00:00,2653.06,2653.30,2653.03,2653.25,197
2026-01-09T23:08:00+00:00,2653.25,2653.26,2653.15,2653.16,180
2026-01-09T23:09:00+00:00,2653.16,2653.28,2653.13,2653.25,111
2026-01-09T23:10:00+00:00,2653.25,2653.30,2653.17,2653.27,54
2026-01-09T23:11:00+00:00,2653.27,2653.47,2653.23,2653.42,501
2026-01-09T23:12:00+00:00,2653.42,2653.43,2653.36,2653.38,118
2026-01-09T23:13:00+00:00,2653.38,2653.40,2653.36,2653.38,6
2026-01-09T23:14:00+00:00,2653.38,2653.53,2653.38,2653.41,496
2026-01-09T23:15:00+00:00,2653.41,2653.46,2653.34,2653.41,27
2026-01-09T23:16:00+00:00,2653.41,2653.58,2653.37,2653.57,240
2026-01-09T23:17:00+00:00,2653.57,2653.73,2653.38,2653.46,213
2026-01-09T23:18:00+00:00,2653.46,2653.53,2653.12,2653.16,252
2026-01-09T23:19:00+00:00,2653.16,2653.28,2653.15,2653.27,487
2026-01-09T23:20:00+00:00,2653.27,2653.30,2653.16,2653.19,185
2026-01-09T23:21:00+00:00,2653.19,2653.21,2652.93,2653.02,82
2026-01-09T23:22:00+00:00,2653.02,2653.19,2653.00,2653.15,17
2026-01-09T23:23:00+00:00,2653.15,2653.17,2653.10,2653.11,111
2026-01-09T23:24:00+00:00,2653.11,2653.18,2652.94,2653.02,349
2026-01-09T23:25:00+00:00,2653.02,2653.06,2652.86,2652.88,10
2026-01-09T23:26:00+00:00,2652.88,2652.93,2652.86,2652.88,441
2026-01-09T23:27:00+00:00,2652.88,2652.90,2652.78,2652.80,559
2026-01-09T23:28:00+00:00,2652.80,2652.85,2652.70,2652.73,89
2026-01-09T23:29:00+00:00,2652.73,2652.81,2652.65,2652.79,311
2026-01-09T23:30:00+00:00,2652.79,2652.81,2652.74,2652.78,52
2026-01-09T23:31:00+00:00,2652.78,2652.96,2652.75,2652.95,113
2026-01-09T23:32:00+00:00,2652.95,2653.19,2652.91,2653.10,279
2026-01-09T23:33:00+00:00,2653.10,2653.26,2653.05,2653.21,57
2026-01-09T23:34:00+00:00,2653.21,2653.23,2653.19,2653.23,44
2026-01-09T23:35:00+00:00,2653.23,2653.38,2653.19,2653.32,216
2026-01-09T23:36:00+00:00,2653.32,2653.36,2653.28,2653.34,203
2026-01-09T23:37:00+00:00,2653.34,2653.59,2653.34,2653.50,33
2026-01-09T23:38:00+00:00,2653.50,2653.53,2653.37,2653.40,55
2026-01-09T23:39:00+00:00,2653.40,2653.57,2653.32,2653.56,152
2026-01-09T23:40:00+00:00,2653.56,2653.57,2653.50,2653.54,91
2026-01-09T23:41:00+00:00,2653.54,2653.73,2653.52,2653.69,366
2026-01-09T23:42:00+00:00,2653.69,2653.81,2653.67,2653.74,81
2026-01-09T23:43:00+00:00,2653.74,2653.76,2653.63,2653.65,161
2026-01-09T23:44:00+00:00,2653.65,2653.68,2653.34,2653.42,52
2026-01-09T23:45:00+00:00,2653.42,2653.55,2653.27,2653.31,321
2026-01-09T23:46:00+00:00,2653.31,2653.43,2653.28,2653.41,62
2026-01-09T23:47:00+00:00,2653.41,2653.62,2653.30,2653.48,444
2026-01-09T23:48:00+00:00,2653.48,2653.62,2653.37,2653.54,5
2026-01-09T23:49:00+00:00,2653.54,2653.64,2653.52,2653.57,79
2026-01-09T23:50:00+00:00,2653.57,2653.59,2653.49,2653.59,299
2026-01-09T23:51:00+00:00,2653.59,2653.69,2653.54,2653.64,60
2026-01-09T23:52:00+00:00,2653.64,2653.85,2653.60,2653.80,259
2026-01-09T23:53:00+00:00,2653.80,2653.87,2653.63,2653.66,70
2026-01-09T23:54:00+00:00,2653.66,2653.68,2653.49,2653.54,21
2026-01-09T23:55:00+00:00,2653.54,2653.60,2653.53,2653.53,306
2026-01-09T23:56:00+00:00,2653.53,2653.67,2653.51,2653.58,65
2026-01-09T23:57:00+00:00,2653.58,2653.60,2653.52,2653.55,125
2026-01-09T23:58:00+00:00,2653.55,2653.55,2653.37,2653.50,319
2026-01-09T23:59:00+00:00,2653.50,2653.64,2653.45,2653.55,187
